State,District,Market,Commodity,Variety,Grade,Arrival_Date,Min_x0020_Price,Max_x0020_Price,Modal_x0020_Price
Keralam,Idukki,Kattappana Market,Mango,Other,Small,2026-07-21,3000,3500,3300.0
Keralam,Idukki,Kattappana Market,Banana - Green,Other,Medium,2026-07-21,4000,4600,4300.0
Keralam,Idukki,Kattappana Market,Bhindi(Ladies Finger),Other,Medium,2026-07-21,4600,5400,5000.0
Keralam,Kollam,Anchal Market,Bitter gourd,Bitter Gourd,Local,2026-07-21,7600,7600,7600.0
Keralam,Kollam,Anchal Market,Beetroot,Beetroot,Local,2026-07-21,3900,3900,3900.0
Keralam,Kollam,Anchal Market,Capsicum,Capsicum,Local,2026-07-21,6200,6200,6200.0
Keralam,Kollam,Anchal Market,Banana,Poovan,Medium,2026-07-21,7700,7700,7700.0
Tamil Nadu,Madurai,Chokkikulam(Uzhavar Sandhai ),Tomato,Deshi,Local,2026-07-21,1700,2100,1900.0
Tamil Nadu,Madurai,Chokkikulam(Uzhavar Sandhai ),Ashgourd,Gouard,Local,2026-07-21,2400,2600,2500.0
Tamil Nadu,Madurai,Chokkikulam(Uzhavar Sandhai ),Amaranthus,Amaranthus,Local,2026-07-21,3000,3600,3300.0
Tamil Nadu,Madurai,Chokkikulam(Uzhavar Sandhai ),Beans,Beans (Whole),Local,2026-07-21,7000,8000,7500.0
Tamil Nadu,Madurai,Chokkikulam(Uzhavar Sandhai ),Cucumbar(Kheera),Cucumbar,Local,2026-07-21,3000,4000,3500.0
Tamil Nadu,Madurai,Chokkikulam(Uzhavar Sandhai ),Mango(Raw-Ripe),Mango - Raw-Ripe,Local,2026-07-21,2000,3000,2500.0
Tamil Nadu,Madurai,Chokkikulam(Uzhavar Sandhai ),Yam(Ratalu),Yam (Ratalu),Local,2026-07-21,8000,9000,8500.0
Tamil Nadu,Madurai,Chokkikulam(Uzhavar Sandhai ),Mashrooms,Mashrooms,Local,2026-07-21,22500,25000,23750.0
Jammu and Kashmir,Baramulla,Sopore (Nowpora) (F&V),Apple,Condition,Grade A,2026-07-21,1900,1900,1900.0
Keralam,Alappuzha,Harippad Market,Amaranthus,Other,FAQ,2026-07-21,5000,5500,5000.0
Tamil Nadu,Cuddalore,Viruthachalam(Uzhavar Sandhai ),Cluster beans,Cluster Beans,Local,2026-07-21,4000,4000,4000.0
Tamil Nadu,Cuddalore,Viruthachalam(Uzhavar Sandhai ),Bottle gourd,Bottle Gourd,Local,2026-07-21,3000,3000,3000.0
Tamil Nadu,Cuddalore,Viruthachalam(Uzhavar Sandhai ),Ashgourd,Gouard,Local,2026-07-21,4000,4000,4000.0
Tamil Nadu,Cuddalore,Viruthachalam(Uzhavar Sandhai ),Green Chilli,Green Chilly,Local,2026-07-21,4000,4000,4000.0
Tamil Nadu,Cuddalore,Viruthachalam(Uzhavar Sandhai ),Carrot,Pusakesar,Local,2026-07-21,8000,8000,8000.0
Tamil Nadu,Cuddalore,Viruthachalam(Uzhavar Sandhai ),Green Avare(W),Green Avare (W),Local,2026-07-21,8000,15000,11500.0
Tamil Nadu,Cuddalore,Viruthachalam(Uzhavar Sandhai ),Mango(Raw-Ripe),Mango - Raw-Ripe,Local,2026-07-21,4000,4000,4000.0
Tamil Nadu,Cuddalore,Viruthachalam(Uzhavar Sandhai ),Lemon,Lemon,Local,2026-07-21,6000,6000,6000.0
Tamil Nadu,Dharmapuri,Dharmapuri(Uzhavar Sandhai ),Mango,Safeda,Local,2026-07-21,4500,5000,4750.0
Tamil Nadu,Dharmapuri,Dharmapuri(Uzhavar Sandhai ),Green Peas,Green Peas,Local,2026-07-21,18500,19500,19000.0
Tamil Nadu,Dharmapuri,Dharmapuri(Uzhavar Sandhai ),Bitter gourd,Bitter Gourd,Local,2026-07-21,4600,5000,4800.0
Tamil Nadu,Dharmapuri,Dharmapuri(Uzhavar Sandhai ),Pumpkin,Pumpkin,Local,2026-07-21,1500,1600,1550.0
Tamil Nadu,Dharmapuri,Dharmapuri(Uzhavar Sandhai ),Thondekai,Thondekai,Local,2026-07-21,4600,5000,4800.0
Tamil Nadu,Dharmapuri,Dharmapuri(Uzhavar Sandhai ),Capsicum,Capsicum,Local,2026-07-21,9000,9400,9200.0
Tamil Nadu,Dharmapuri,Dharmapuri(Uzhavar Sandhai ),Drumstick,Drumstick,Local,2026-07-21,6600,7000,6800.0
Tamil Nadu,Dharmapuri,Dharmapuri(Uzhavar Sandhai ),Tamarind Fruit,Tamarind Fruit,Local,2026-07-21,10000,11000,10500.0
Tamil Nadu,Dharmapuri,Dharmapuri(Uzhavar Sandhai ),Elephant Yam(Suran)/Amorphophallus,Elephant Yam (Suran),Local,2026-07-21,5200,5600,5400.0
Tamil Nadu,Dharmapuri,Dharmapuri(Uzhavar Sandhai ),Colacasia,Colacasia,Local,2026-07-21,6200,6600,6400.0
Tamil Nadu,Dharmapuri,Karimangalam(Uzhavar Sandhai),Banana,Karpura,Local,2026-07-21,5000,5500,5250.0
Tamil Nadu,Dharmapuri,Karimangalam(Uzhavar Sandhai),Onion,Bellary,Local,2026-07-21,3000,3200,3100.0
Tamil Nadu,Dharmapuri,Karimangalam(Uzhavar Sandhai),Bhindi(Ladies Finger),Bhindi,Local,2026-07-21,2300,2500,2400.0
Tamil Nadu,Dharmapuri,Karimangalam(Uzhavar Sandhai),Banana - Green,Banana - Green,Local,2026-07-21,2800,3000,2900.0
Tamil Nadu,Dharmapuri,Karimangalam(Uzhavar Sandhai),Cabbage,Cabbage,Local,2026-07-21,4000,4500,4250.0
Tamil Nadu,Dharmapuri,Karimangalam(Uzhavar Sandhai),Green Avare(W),Other,Local,2026-07-21,5500,6000,5750.0
Tamil Nadu,Dharmapuri,Karimangalam(Uzhavar Sandhai),Mint(Pudina),Mint(Pudina),Local,2026-07-21,6000,7000,6500.0
Tamil Nadu,Dharmapuri,Palacode(Uzhavar Sandhai ),Mango,Neelam,Local,2026-07-21,4000,4500,4250.0
Tamil Nadu,Dharmapuri,Palacode(Uzhavar Sandhai ),Onion,Bellary,Local,2026-07-21,3600,3800,3700.0
Tamil Nadu,Dharmapuri,Palacode(Uzhavar Sandhai ),Cauliflower,Ranchi,Local,2026-07-21,2500,3000,2750.0
Tamil Nadu,Dharmapuri,Palacode(Uzhavar Sandhai ),Papaya,Papaya,Local,2026-07-21,2500,3000,2750.0
Tamil Nadu,Dharmapuri,Palacode(Uzhavar Sandhai ),Bottle gourd,Bottle Gourd,Local,2026-07-21,1800,2000,1900.0
Tamil Nadu,Dharmapuri,Palacode(Uzhavar Sandhai ),Green Chilli,Green Chilly,Local,2026-07-21,4000,4400,4200.0
Tamil Nadu,Dharmapuri,Palacode(Uzhavar Sandhai ),Mango(Raw-Ripe),Mango - Raw-Ripe,Local,2026-07-21,2600,3000,2800.0
Tamil Nadu,Dharmapuri,Palacode(Uzhavar Sandhai ),Lemon,Lemon,Local,2026-07-21,7500,8000,7750.0
Tamil Nadu,Dharmapuri,Pennagaram(Uzhavar Sandhai ),Tomato,Local,Local,2026-07-21,1500,1600,1550.0
Tamil Nadu,Dharmapuri,Pennagaram(Uzhavar Sandhai ),Bitter gourd,Bitter Gourd,Local,2026-07-21,5200,5500,5350.0
Tamil Nadu,Dharmapuri,Pennagaram(Uzhavar Sandhai ),Capsicum,Capsicum,Local,2026-07-21,6600,7000,6800.0
Tamil Nadu,Erode,Periyar Nagar(Uzhavar Sandhai ),Tomato,Other,Local,2026-07-21,1500,1800,1650.0
Tamil Nadu,Erode,Periyar Nagar(Uzhavar Sandhai ),Bottle gourd,Bottle Gourd,Local,2026-07-21,1500,2000,1750.0
Tamil Nadu,Erode,Periyar Nagar(Uzhavar Sandhai ),Ashgourd,Gouard,Local,2026-07-21,2000,2400,2200.0
Tamil Nadu,Erode,Periyar Nagar(Uzhavar Sandhai ),Raddish,Raddish,Local,2026-07-21,3200,3600,3400.0
Tamil Nadu,Erode,Periyar Nagar(Uzhavar Sandhai ),Green Avare(W),Other,Local,2026-07-21,5500,6000,5750.0
Tamil Nadu,Erode,Periyar Nagar(Uzhavar Sandhai ),Tender Coconut,Tender Coconut,Local,2026-07-21,3000,4000,3500.0
Tamil Nadu,Erode,Perundurai(Uzhavar Sandhai ),Banana,Besrai,Local,2026-07-21,2500,2800,2650.0
Tamil Nadu,Erode,Perundurai(Uzhavar Sandhai ),Papaya,Papaya,Local,2026-07-21,2200,2500,2350.0
Tamil Nadu,Erode,Perundurai(Uzhavar Sandhai ),Cluster beans,Cluster Beans,Local,2026-07-21,3600,4000,3800.0
Tamil Nadu,Erode,Perundurai(Uzhavar Sandhai ),Bottle gourd,Bottle Gourd,Local,2026-07-21,1800,2000,1900.0
Tamil Nadu,Erode,Perundurai(Uzhavar Sandhai ),Bhindi(Ladies Finger),Bhindi,Local,2026-07-21,2400,3000,2700.0
Tamil Nadu,Erode,Perundurai(Uzhavar Sandhai ),Amaranthus,Amaranthus,Local,2026-07-21,4000,4500,4250.0
Tamil Nadu,Erode,Perundurai(Uzhavar Sandhai ),Beans,Beans (Whole),Local,2026-07-21,8500,8800,8650.0
Tamil Nadu,Erode,Perundurai(Uzhavar Sandhai ),Coconut,Coconut,Local,2026-07-21,4000,4500,4250.0
Tamil Nadu,Erode,Perundurai(Uzhavar Sandhai ),Beetroot,Beetroot,Local,2026-07-21,8000,8500,8250.0
Tamil Nadu,Erode,Perundurai(Uzhavar Sandhai ),Elephant Yam(Suran)/Amorphophallus,Elephant Yam (Suran),Local,2026-07-21,2200,2500,2350.0
Tamil Nadu,Erode,Perundurai(Uzhavar Sandhai ),Lemon,Lemon,Local,2026-07-21,6000,6500,6250.0
Tamil Nadu,Erode,Thalavadi(Uzhavar Sandhai ),Cauliflower,Ranchi,Local,2026-07-21,2500,3000,2750.0
Tamil Nadu,Erode,Thalavadi(Uzhavar Sandhai ),Bitter gourd,Other,Local,2026-07-21,5400,5800,5600.0
Tamil Nadu,Erode,Thalavadi(Uzhavar Sandhai ),Bhindi(Ladies Finger),Bhindi,Local,2026-07-21,2000,2400,2200.0
Tamil Nadu,Erode,Thalavadi(Uzhavar Sandhai ),Beans,Beans (Whole),Local,2026-07-21,5000,6000,5500.0
Tamil Nadu,Erode,Thalavadi(Uzhavar Sandhai ),Ginger(Green),Green Ginger,Local,2026-07-21,13000,14000,13500.0
Tamil Nadu,Erode,Thalavadi(Uzhavar Sandhai ),Coconut,Coconut,Local,2026-07-21,4000,4500,4250.0
Tamil Nadu,Erode,Thalavadi(Uzhavar Sandhai ),Carrot,Pusakesar,Local,2026-07-21,5500,6000,5750.0
Tamil Nadu,Erode,Thalavadi(Uzhavar Sandhai ),Mint(Pudina),Mint(Pudina),Local,2026-07-21,4400,4800,4600.0
Tamil Nadu,Kallakuruchi,Sankarapuram(Uzhavar Sandhai ),Brinjal,Other,Local,2026-07-21,6000,6000,6000.0
Tamil Nadu,Kallakuruchi,Sankarapuram(Uzhavar Sandhai ),Pumpkin,Pumpkin,Local,2026-07-21,2500,2500,2500.0
Tamil Nadu,Kallakuruchi,Sankarapuram(Uzhavar Sandhai ),Coconut,Coconut,Local,2026-07-21,3000,3000,3000.0
Tamil Nadu,Kallakuruchi,Sankarapuram(Uzhavar Sandhai ),Ridgeguard(Tori),Ridgeguard(Tori),Local,2026-07-21,6000,6000,6000.0
Tamil Nadu,Kallakuruchi,Sankarapuram(Uzhavar Sandhai ),Raddish,Raddish,Local,2026-07-21,5000,5000,5000.0
Tamil Nadu,Kallakuruchi,Sankarapuram(Uzhavar Sandhai ),Drumstick,Drumstick,Local,2026-07-21,9000,9000,9000.0
Tamil Nadu,Kallakuruchi,Sankarapuram(Uzhavar Sandhai ),Elephant Yam(Suran)/Amorphophallus,Elephant Yam (Suran),Local,2026-07-21,4000,4000,4000.0
Tamil Nadu,Kallakuruchi,Sankarapuram(Uzhavar Sandhai ),Mint(Pudina),Mint(Pudina),Local,2026-07-21,3000,3000,3000.0
Tamil Nadu,Kancheepuram,Kancheepuram(Uzhavar Sandhai ),Onion,Bellary,Local,2026-07-21,3200,4000,3600.0
Tamil Nadu,Kancheepuram,Kancheepuram(Uzhavar Sandhai ),Cauliflower,Ranchi,Local,2026-07-21,3500,4500,4000.0
Tamil Nadu,Kancheepuram,Kancheepuram(Uzhavar Sandhai ),Brinjal,Round,Local,2026-07-21,3500,4500,4000.0
Tamil Nadu,Kancheepuram,Kancheepuram(Uzhavar Sandhai ),Papaya,Papaya,Local,2026-07-21,3000,3500,3250.0
Tamil Nadu,Kancheepuram,Kancheepuram(Uzhavar Sandhai ),Ashgourd,Gouard,Local,2026-07-21,2000,2500,2250.0
Tamil Nadu,Kancheepuram,Kancheepuram(Uzhavar Sandhai ),Pumpkin,Pumpkin,Local,2026-07-21,1800,2500,2150.0
Tamil Nadu,Kancheepuram,Kancheepuram(Uzhavar Sandhai ),Coconut,Coconut,Local,2026-07-21,4800,5500,5150.0
Tamil Nadu,Kancheepuram,Kancheepuram(Uzhavar Sandhai ),Jack Fruit(Ripe),Jack Fruit,Local,2026-07-21,3500,4500,4000.0
Tamil Nadu,Kancheepuram,Kancheepuram(Uzhavar Sandhai ),Amla(Nelli Kai),Amla,Local,2026-07-21,7500,10000,8750.0
Tamil Nadu,Kancheepuram,Kancheepuram(Uzhavar Sandhai ),Onion Green,Onion Green,Local,2026-07-21,6000,7000,6500.0
Tamil Nadu,Kancheepuram,Kundrathur(Uzhavar Sandhai ),Potato,Other,Local,2026-07-21,2500,2500,2500.0
Tamil Nadu,Kancheepuram,Kundrathur(Uzhavar Sandhai ),Bottle gourd,Bottle Gourd,Local,2026-07-21,2500,2500,2500.0
Tamil Nadu,Kancheepuram,Kundrathur(Uzhavar Sandhai ),Green Avare(W),Green Avare (W),Local,2026-07-21,4000,5000,4500.0
Tamil Nadu,Kancheepuram,Kundrathur(Uzhavar Sandhai ),Mango(Raw-Ripe),Mango - Raw-Ripe,Local,2026-07-21,2000,2000,2000.0
Tamil Nadu,Kancheepuram,Padappai(Uzhavar Sandhai ),Mango,Safeda,Local,2026-07-21,3000,6000,4500.0
Tamil Nadu,Kancheepuram,Padappai(Uzhavar Sandhai ),Brinjal,Other,Local,2026-07-21,3500,4500,4000.0
Tamil Nadu,Kancheepuram,Padappai(Uzhavar Sandhai ),Papaya,Papaya,Local,2026-07-21,3000,3500,3250.0
Tamil Nadu,Kancheepuram,Padappai(Uzhavar Sandhai ),Tomato,Local,Local,2026-07-21,1600,2400,2000.0
Tamil Nadu,Kancheepuram,Padappai(Uzhavar Sandhai ),Pumpkin,Pumpkin,Local,2026-07-21,2000,2500,2250.0
Tamil Nadu,Kancheepuram,Padappai(Uzhavar Sandhai ),Amaranthus,Amaranthus,Local,2026-07-21,3500,4000,3750.0
Tamil Nadu,Kancheepuram,Padappai(Uzhavar Sandhai ),Green Chilli,Green Chilly,Local,2026-07-21,3500,4500,4000.0
Tamil Nadu,Kancheepuram,Padappai(Uzhavar Sandhai ),Beans,Beans (Whole),Local,2026-07-21,6000,7000,6500.0
Tamil Nadu,Kancheepuram,Padappai(Uzhavar Sandhai ),Cabbage,Cabbage,Local,2026-07-21,3500,4000,3750.0
Tamil Nadu,Kancheepuram,Padappai(Uzhavar Sandhai ),Cucumbar(Kheera),Cucumbar,Local,2026-07-21,3000,3500,3250.0
Tamil Nadu,Kancheepuram,Padappai(Uzhavar Sandhai ),Drumstick,Drumstick,Local,2026-07-21,5000,6000,5500.0
Tamil Nadu,Kancheepuram,Padappai(Uzhavar Sandhai ),Tender Coconut,Tender Coconut,Local,2026-07-21,2500,3000,2750.0
Tamil Nadu,Kancheepuram,Sunguvarchatram(Uzhavar Sandhai ),Onion,Bellary,Local,2026-07-21,3000,3500,3250.0
Tamil Nadu,Kancheepuram,Sunguvarchatram(Uzhavar Sandhai ),Cauliflower,Ranchi,Local,2026-07-21,3000,3500,3250.0
Tamil Nadu,Kancheepuram,Sunguvarchatram(Uzhavar Sandhai ),Brinjal,Other,Local,2026-07-21,3500,4000,3750.0
Tamil Nadu,Kancheepuram,Sunguvarchatram(Uzhavar Sandhai ),Cluster beans,Cluster Beans,Local,2026-07-21,4500,4500,4500.0
Tamil Nadu,Kancheepuram,Sunguvarchatram(Uzhavar Sandhai ),Green Chilli,Green Chilly,Local,2026-07-21,5000,5000,5000.0
Tamil Nadu,Kancheepuram,Sunguvarchatram(Uzhavar Sandhai ),Carrot,Pusakesar,Local,2026-07-21,5000,5000,5000.0
Tamil Nadu,Kancheepuram,Sunguvarchatram(Uzhavar Sandhai ),Snakeguard,Snakeguard,Local,2026-07-21,3500,4000,3750.0
Tamil Nadu,Kancheepuram,Sunguvarchatram(Uzhavar Sandhai ),Onion Green,Onion Green,Local,2026-07-21,5000,5000,5000.0
Tamil Nadu,Krishnagiri,Avallapalli(Uzhavar Sandhai ),Onion,Bellary,Local,2026-07-21,3500,4000,3750.0
Tamil Nadu,Krishnagiri,Avallapalli(Uzhavar Sandhai ),Cauliflower,Ranchi,Local,2026-07-21,3500,4000,3750.0
Tamil Nadu,Krishnagiri,Avallapalli(Uzhavar Sandhai ),Coriander(Leaves),I Sort,Local,2026-07-21,8000,9000,8500.0
Tamil Nadu,Krishnagiri,Avallapalli(Uzhavar Sandhai ),Beans,Beans (Whole),Local,2026-07-21,5000,6000,5500.0
Tamil Nadu,Krishnagiri,Avallapalli(Uzhavar Sandhai ),Cabbage,Cabbage,Local,2026-07-21,3000,3500,3250.0
Tamil Nadu,Krishnagiri,Avallapalli(Uzhavar Sandhai ),Beetroot,Beetroot,Local,2026-07-21,4500,5000,4750.0
Tamil Nadu,Krishnagiri,Avallapalli(Uzhavar Sandhai ),Thondekai,Thondekai,Local,2026-07-21,4500,5000,4750.0
Tamil Nadu,Krishnagiri,Avallapalli(Uzhavar Sandhai ),Capsicum,Capsicum,Local,2026-07-21,5500,6000,5750.0
Tamil Nadu,Krishnagiri,Avallapalli(Uzhavar Sandhai ),Tamarind Fruit,Tamarind Fruit,Local,2026-07-21,9000,10000,9500.0
Tamil Nadu,Krishnagiri,Avallapalli(Uzhavar Sandhai ),Lemon,Lemon,Local,2026-07-21,9000,10000,9500.0
Tamil Nadu,Krishnagiri,Avallapalli(Uzhavar Sandhai ),Colacasia,Colacasia,Local,2026-07-21,5000,6000,5500.0
Tamil Nadu,Krishnagiri,Hosur(Uzhavar Sandhai ),Pineapple,Pine Apple,Local,2026-07-21,7000,8000,7500.0
Tamil Nadu,Krishnagiri,Hosur(Uzhavar Sandhai ),Coriander(Leaves),I Sort,Local,2026-07-21,8000,9000,8500.0
Tamil Nadu,Krishnagiri,Hosur(Uzhavar Sandhai ),Bitter gourd,Bitter Gourd,Local,2026-07-21,5000,5500,5250.0
Tamil Nadu,Krishnagiri,Hosur(Uzhavar Sandhai ),Pumpkin,Pumpkin,Local,2026-07-21,2000,2500,2250.0
Tamil Nadu,Krishnagiri,Hosur(Uzhavar Sandhai ),Ridgeguard(Tori),Ridgeguard(Tori),Local,2026-07-21,4000,5000,4500.0
Tamil Nadu,Krishnagiri,Hosur(Uzhavar Sandhai ),Capsicum,Capsicum,Local,2026-07-21,5000,6000,5500.0
Tamil Nadu,Krishnagiri,Hosur(Uzhavar Sandhai ),Chow Chow,Chow Chow,Local,2026-07-21,2500,3000,2750.0
Tamil Nadu,Krishnagiri,Hosur(Uzhavar Sandhai ),Drumstick,Drumstick,Local,2026-07-21,6000,7000,6500.0
Tamil Nadu,Krishnagiri,Hosur(Uzhavar Sandhai ),Knool Khol,Knool Khol,Local,2026-07-21,4000,5000,4500.0
Tamil Nadu,Krishnagiri,Hosur(Uzhavar Sandhai ),Pomegranate,Pomogranate,Local,2026-07-21,18000,20000,19000.0
Tamil Nadu,Krishnagiri,Hosur(Uzhavar Sandhai ),Jasmine,Jasmine,Local,2026-07-21,40000,50000,45000.0
Tamil Nadu,Krishnagiri,Hosur(Uzhavar Sandhai ),Tamarind Fruit,Tamarind Fruit,Local,2026-07-21,12000,15000,13500.0
Tamil Nadu,Krishnagiri,Hosur(Uzhavar Sandhai ),Elephant Yam(Suran)/Amorphophallus,Elephant Yam (Suran),Local,2026-07-21,4000,5000,4500.0
Tamil Nadu,Krishnagiri,Hosur(Uzhavar Sandhai ),Lemon,Lemon,Local,2026-07-21,8000,10000,9000.0
Tamil Nadu,Krishnagiri,Hosur(Uzhavar Sandhai ),Rose(Local),Rose (Local),Local,2026-07-21,8000,10000,9000.0
Tamil Nadu,Krishnagiri,Krishnagiri(Uzhavar Sandhai ),Mango,Safeda,Local,2026-07-21,2000,2500,2250.0
Tamil Nadu,Krishnagiri,Krishnagiri(Uzhavar Sandhai ),Onion,Bellary,Local,2026-07-21,3000,3500,3250.0
Tamil Nadu,Krishnagiri,Krishnagiri(Uzhavar Sandhai ),Potato,Red Nanital,Local,2026-07-21,2000,2600,2300.0
Tamil Nadu,Krishnagiri,Krishnagiri(Uzhavar Sandhai ),Papaya,Papaya,Local,2026-07-21,2000,2800,2400.0
Tamil Nadu,Krishnagiri,Krishnagiri(Uzhavar Sandhai ),Cluster beans,Cluster Beans,Local,2026-07-21,3000,4000,3500.0
Tamil Nadu,Krishnagiri,Krishnagiri(Uzhavar Sandhai ),Green Chilli,Green Chilly,Local,2026-07-21,2500,3000,2750.0
Tamil Nadu,Krishnagiri,Krishnagiri(Uzhavar Sandhai ),Cowpea(Veg),Cowpea (Veg),Local,2026-07-21,5000,6000,5500.0
Tamil Nadu,Krishnagiri,Krishnagiri(Uzhavar Sandhai ),Sweet Potato,Hosur Red,Local,2026-07-21,2000,2600,2300.0
Tamil Nadu,Krishnagiri,Krishnagiri(Uzhavar Sandhai ),Thondekai,Thondekai,Local,2026-07-21,4000,5000,4500.0
Tamil Nadu,Krishnagiri,Krishnagiri(Uzhavar Sandhai ),Indian Beans(Seam),Indian Beans (Seam),Local,2026-07-21,5000,6000,5500.0
Tamil Nadu,Krishnagiri,Krishnagiri(Uzhavar Sandhai ),Lemon,Lemon,Local,2026-07-21,7000,8000,7500.0
Tamil Nadu,Madurai,Anaiyur(Uzhavar Sandhai ),Bitter gourd,Bitter Gourd,Local,2026-07-21,6500,7500,7000.0
Tamil Nadu,Madurai,Anaiyur(Uzhavar Sandhai ),Ashgourd,Gouard,Local,2026-07-21,2400,2600,2500.0
Tamil Nadu,Madurai,Anaiyur(Uzhavar Sandhai ),Colacasia,Colacasia,Local,2026-07-21,4000,5000,4500.0
Tamil Nadu,Madurai,Usilampatti(Uzhavar Sandhai ),Bottle gourd,Bottle Gourd,Local,2026-07-21,2500,3400,2950.0
Tamil Nadu,Madurai,Usilampatti(Uzhavar Sandhai ),Banana - Green,Banana - Green,Local,2026-07-21,2500,3000,2750.0
Tamil Nadu,Madurai,Usilampatti(Uzhavar Sandhai ),Snakeguard,Snakeguard,Local,2026-07-21,3000,3800,3400.0
Tamil Nadu,Madurai,Usilampatti(Uzhavar Sandhai ),Ridgeguard(Tori),Ridgeguard(Tori),Local,2026-07-21,5000,6000,5500.0
Tamil Nadu,Nagapattinam,Nagapattinam(Uzhavar Sandhai ),Pumpkin,Pumpkin,Local,2026-07-21,3000,3800,3400.0
Tamil Nadu,Nagapattinam,Nagapattinam(Uzhavar Sandhai ),Snakeguard,Snakeguard,Local,2026-07-21,3200,3200,3200.0
Tamil Nadu,Nagapattinam,Nagapattinam(Uzhavar Sandhai ),Ridgeguard(Tori),Ridgeguard(Tori),Local,2026-07-21,4500,4500,4500.0
Tamil Nadu,Nagapattinam,Nagapattinam(Uzhavar Sandhai ),Drumstick,Drumstick,Local,2026-07-21,6400,6400,6400.0
Tamil Nadu,Nagapattinam,Nagapattinam(Uzhavar Sandhai ),Mint(Pudina),Mint(Pudina),Local,2026-07-21,4300,4300,4300.0
Tamil Nadu,Nagapattinam,Sirkali(Uzhavar Sandhai ),Green Chilli,Green Chilly,Local,2026-07-21,5500,6000,5750.0
Tamil Nadu,Nagapattinam,Sirkali(Uzhavar Sandhai ),Snakeguard,Snakeguard,Local,2026-07-21,4500,5000,4750.0
Tamil Nadu,Nagapattinam,Sirkali(Uzhavar Sandhai ),Cucumbar(Kheera),Cucumbar,Local,2026-07-21,2500,3000,2750.0
Tamil Nadu,Nagapattinam,Sirkali(Uzhavar Sandhai ),Ridgeguard(Tori),Ridgeguard(Tori),Local,2026-07-21,5500,6000,5750.0
Tamil Nadu,Nagapattinam,Sirkali(Uzhavar Sandhai ),Lime,Lime,Local,2026-07-21,3500,4000,3750.0
Tamil Nadu,Nagapattinam,Sirkali(Uzhavar Sandhai ),Elephant Yam(Suran)/Amorphophallus,Elephant Yam (Suran),Local,2026-07-21,6500,7000,6750.0
Tamil Nadu,Nagapattinam,Sirkali(Uzhavar Sandhai ),Yam(Ratalu),Yam (Ratalu),Local,2026-07-21,5500,6000,5750.0
Tamil Nadu,Nagapattinam,Sirkali(Uzhavar Sandhai ),Lemon,Lemon,Local,2026-07-21,6500,7000,6750.0
Tamil Nadu,Nagapattinam,Vedaranyam(Uzhavar Sandhai),Potato,Red Nanital,Local,2026-07-21,3000,3200,3100.0
Tamil Nadu,Nagapattinam,Vedaranyam(Uzhavar Sandhai),Tomato,Deshi,Local,2026-07-21,3200,3500,3350.0
Tamil Nadu,Nagapattinam,Vedaranyam(Uzhavar Sandhai),Ashgourd,Gouard,Local,2026-07-21,2400,2600,2500.0
Tamil Nadu,Nagapattinam,Vedaranyam(Uzhavar Sandhai),Banana - Green,Banana - Green,Local,2026-07-21,1600,1800,1700.0
Tamil Nadu,Nagapattinam,Vedaranyam(Uzhavar Sandhai),Ginger(Green),Green Ginger,Local,2026-07-21,12000,13000,12500.0
Tamil Nadu,Nagapattinam,Vedaranyam(Uzhavar Sandhai),Ridgeguard(Tori),Ridgeguard(Tori),Local,2026-07-21,3800,4000,3900.0
Tamil Nadu,Nagapattinam,Vedaranyam(Uzhavar Sandhai),Raddish,Raddish,Local,2026-07-21,2800,3000,2900.0
Tamil Nadu,Nagapattinam,Vedaranyam(Uzhavar Sandhai),Mango(Raw-Ripe),Mango - Raw-Ripe,Local,2026-07-21,3800,4000,3900.0
Tamil Nadu,Namakkal,Kumarapalayam(Uzhavar Sandhai ),Coriander(Leaves),I Sort,Local,2026-07-21,8000,8500,8250.0
Tamil Nadu,Namakkal,Kumarapalayam(Uzhavar Sandhai ),Banana - Green,Banana - Green,Local,2026-07-21,3500,4000,3750.0
Tamil Nadu,Namakkal,Kumarapalayam(Uzhavar Sandhai ),Jasmine,Jasmine,Local,2026-07-21,37000,38000,37500.0
Tamil Nadu,Namakkal,Mohanur(Uzhavar Sandhai ),Cauliflower,Ranchi,Local,2026-07-21,3000,3500,3250.0
Tamil Nadu,Namakkal,Mohanur(Uzhavar Sandhai ),Papaya,Papaya,Local,2026-07-21,2500,3000,2750.0
Tamil Nadu,Namakkal,Mohanur(Uzhavar Sandhai ),Tomato,Deshi,Local,2026-07-21,2400,2800,2600.0
Tamil Nadu,Namakkal,Mohanur(Uzhavar Sandhai ),Bitter gourd,Other,Local,2026-07-21,7000,7600,7300.0
Tamil Nadu,Namakkal,Mohanur(Uzhavar Sandhai ),Bhindi(Ladies Finger),Bhindi,Local,2026-07-21,4200,4800,4500.0
Tamil Nadu,Namakkal,Mohanur(Uzhavar Sandhai ),Amaranthus,Amaranthus,Local,2026-07-21,4500,5000,4750.0
Tamil Nadu,Namakkal,Mohanur(Uzhavar Sandhai ),Banana - Green,Banana - Green,Local,2026-07-21,3500,4000,3750.0
Tamil Nadu,Namakkal,Mohanur(Uzhavar Sandhai ),Cabbage,Cabbage,Local,2026-07-21,3500,4000,3750.0
Tamil Nadu,Namakkal,Mohanur(Uzhavar Sandhai ),Guava,Guava Allahabad,Local,2026-07-21,5000,6000,5500.0
Tamil Nadu,Namakkal,Namakkal(Uzhavar Sandhai ),Onion,Bellary,Local,2026-07-21,3500,3800,3650.0
Tamil Nadu,Namakkal,Namakkal(Uzhavar Sandhai ),Cluster beans,Cluster Beans,Local,2026-07-21,3500,4000,3750.0
Tamil Nadu,Namakkal,Namakkal(Uzhavar Sandhai ),Beetroot,Beetroot,Local,2026-07-21,9000,9500,9250.0
Tamil Nadu,Namakkal,Namakkal(Uzhavar Sandhai ),Cucumbar(Kheera),Cucumbar,Local,2026-07-21,8000,9000,8500.0
Tamil Nadu,Namakkal,Namakkal(Uzhavar Sandhai ),Capsicum,Capsicum,Local,2026-07-21,7000,8000,7500.0
Tamil Nadu,Namakkal,Namakkal(Uzhavar Sandhai ),Chow Chow,Chow Chow,Local,2026-07-21,2000,2600,2300.0
Tamil Nadu,Namakkal,Namakkal(Uzhavar Sandhai ),Knool Khol,Knool Khol,Local,2026-07-21,5000,5800,5400.0
Tamil Nadu,Namakkal,Namakkal(Uzhavar Sandhai ),Lime,Lime,Local,2026-07-21,3500,4000,3750.0
Tamil Nadu,Namakkal,Namakkal(Uzhavar Sandhai ),Guava,Guava Allahabad,Local,2026-07-21,5000,7000,6000.0
Tamil Nadu,Namakkal,Namakkal(Uzhavar Sandhai ),Tender Coconut,Tender Coconut,Local,2026-07-21,2000,3500,2750.0
Tamil Nadu,Namakkal,Paramathivelur(Uzhavar Sandhai ),Potato,Red Nanital,Local,2026-07-21,3000,4000,3500.0
Tamil Nadu,Namakkal,Paramathivelur(Uzhavar Sandhai ),Coriander(Leaves),I Sort,Local,2026-07-21,5000,6000,5500.0
Tamil Nadu,Namakkal,Paramathivelur(Uzhavar Sandhai ),Papaya,Papaya,Local,2026-07-21,2500,3000,2750.0
Tamil Nadu,Namakkal,Paramathivelur(Uzhavar Sandhai ),Amaranthus,Amaranthus,Local,2026-07-21,3000,4000,3500.0
Tamil Nadu,Namakkal,Paramathivelur(Uzhavar Sandhai ),Carrot,Pusakesar,Local,2026-07-21,6000,8000,7000.0
Tamil Nadu,Namakkal,Paramathivelur(Uzhavar Sandhai ),Lemon,Lemon,Local,2026-07-21,5000,6000,5500.0
Tamil Nadu,Namakkal,Rasipuram(Uzhavar Sandhai ),Cauliflower,Ranchi,Local,2026-07-21,3000,4000,3500.0
Tamil Nadu,Namakkal,Rasipuram(Uzhavar Sandhai ),Mousambi(Sweet Lime),Mousambi,Local,2026-07-21,3500,4000,3750.0
Tamil Nadu,Namakkal,Rasipuram(Uzhavar Sandhai ),Ashgourd,Gouard,Local,2026-07-21,2800,3000,2900.0
Tamil Nadu,Namakkal,Rasipuram(Uzhavar Sandhai ),Cabbage,Cabbage,Local,2026-07-21,3600,4000,3800.0
Tamil Nadu,Namakkal,Rasipuram(Uzhavar Sandhai ),Snakeguard,Snakeguard,Local,2026-07-21,4500,5000,4750.0
Tamil Nadu,Namakkal,Rasipuram(Uzhavar Sandhai ),Lemon,Lemon,Local,2026-07-21,3500,5500,4500.0
Tamil Nadu,Namakkal,Rasipuram(Uzhavar Sandhai ),Custard Apple(Sharifa),Custard Apple(Sharifa),Local,2026-07-21,3500,4000,3750.0
Tamil Nadu,Namakkal,Rasipuram(Uzhavar Sandhai ),Mint(Pudina),Mint(Pudina),Local,2026-07-21,5500,6000,5750.0
Tamil Nadu,Madurai,Palanganatham(Uzhavar Sandhai ),Grapes,Annabesahai,Local,2026-07-21,9000,11000,10000.0
Tamil Nadu,Madurai,Palanganatham(Uzhavar Sandhai ),Cauliflower,Ranchi,Local,2026-07-21,3000,3500,3250.0
Tamil Nadu,Madurai,Palanganatham(Uzhavar Sandhai ),Brinjal,Other,Local,2026-07-21,4000,4500,4250.0
Tamil Nadu,Madurai,Palanganatham(Uzhavar Sandhai ),Green Peas,Green Peas,Local,2026-07-21,20000,24000,22000.0
Tamil Nadu,Madurai,Palanganatham(Uzhavar Sandhai ),Ashgourd,Gouard,Local,2026-07-21,2000,2600,2300.0
Tamil Nadu,Madurai,Palanganatham(Uzhavar Sandhai ),Amaranthus,Amaranthus,Local,2026-07-21,3000,3600,3300.0
Tamil Nadu,Madurai,Palanganatham(Uzhavar Sandhai ),Banana - Green,Banana - Green,Local,2026-07-21,1500,2000,1750.0
Tamil Nadu,Madurai,Palanganatham(Uzhavar Sandhai ),Beans,Beans (Whole),Local,2026-07-21,7000,8000,7500.0
Tamil Nadu,Madurai,Palanganatham(Uzhavar Sandhai ),Ginger(Green),Green Ginger,Local,2026-07-21,20000,22000,21000.0
Tamil Nadu,Madurai,Palanganatham(Uzhavar Sandhai ),Beetroot,Beetroot,Local,2026-07-21,4500,5500,5000.0
Tamil Nadu,Madurai,Palanganatham(Uzhavar Sandhai ),Green Avare(W),Green Avare (W),Local,2026-07-21,6000,9000,7500.0
Tamil Nadu,Madurai,Palanganatham(Uzhavar Sandhai ),Chow Chow,Chow Chow,Local,2026-07-21,2400,3000,2700.0
Tamil Nadu,Madurai,Palanganatham(Uzhavar Sandhai ),Guava,Guava Allahabad,Local,2026-07-21,7000,8000,7500.0
Tamil Nadu,Madurai,Palanganatham(Uzhavar Sandhai ),Pomegranate,Pomogranate,Local,2026-07-21,20000,28000,24000.0
Tamil Nadu,Madurai,Palanganatham(Uzhavar Sandhai ),Mint(Pudina),Mint(Pudina),Local,2026-07-21,6000,6500,6250.0
Tamil Nadu,Madurai,Anna nagar(Uzhavar Sandhai ),Apple,American,Local,2026-07-21,20000,26000,23000.0
Tamil Nadu,Madurai,Anna nagar(Uzhavar Sandhai ),Orange,Darjeeling,Local,2026-07-21,14000,14000,14000.0
Tamil Nadu,Madurai,Anna nagar(Uzhavar Sandhai ),Water Melon,Water Melon,Local,2026-07-21,3000,3500,3250.0
Tamil Nadu,Madurai,Anna nagar(Uzhavar Sandhai ),Mousambi(Sweet Lime),Mousambi,Local,2026-07-21,8000,8000,8000.0
Tamil Nadu,Madurai,Anna nagar(Uzhavar Sandhai ),Ashgourd,Gouard,Local,2026-07-21,2400,2400,2400.0
Tamil Nadu,Madurai,Anna nagar(Uzhavar Sandhai ),Pumpkin,Pumpkin,Local,2026-07-21,2000,2000,2000.0
Tamil Nadu,Madurai,Anna nagar(Uzhavar Sandhai ),Amaranthus,Amaranthus,Local,2026-07-21,1500,2000,1750.0
Tamil Nadu,Madurai,Anna nagar(Uzhavar Sandhai ),Green Chilli,Green Chilly,Local,2026-07-21,4600,4600,4600.0
Tamil Nadu,Madurai,Anna nagar(Uzhavar Sandhai ),Tapioca,Tapioca,Local,2026-07-21,3600,3600,3600.0
Tamil Nadu,Madurai,Anna nagar(Uzhavar Sandhai ),Ginger(Green),Green Ginger,Local,2026-07-21,14000,20000,17000.0
Tamil Nadu,Madurai,Anna nagar(Uzhavar Sandhai ),Snakeguard,Snakeguard,Local,2026-07-21,5000,5600,5300.0
Tamil Nadu,Madurai,Anna nagar(Uzhavar Sandhai ),Thondekai,Thondekai,Local,2026-07-21,5600,6600,6100.0
Tamil Nadu,Madurai,Anna nagar(Uzhavar Sandhai ),Green Avare(W),Other,Local,2026-07-21,13600,14600,14100.0
Tamil Nadu,Madurai,Anna nagar(Uzhavar Sandhai ),Pomegranate,Pomogranate,Local,2026-07-21,22000,26000,24000.0
Tamil Nadu,Madurai,Anna nagar(Uzhavar Sandhai ),Marigold(Calcutta),Marigold(Calcutta),Local,2026-07-21,20000,20000,20000.0
Tamil Nadu,Madurai,Anna nagar(Uzhavar Sandhai ),Indian Beans(Seam),Indian Beans (Seam),Local,2026-07-21,7000,7600,7300.0
Tamil Nadu,Madurai,Anna nagar(Uzhavar Sandhai ),Colacasia,Colacasia,Local,2026-07-21,5000,5000,5000.0
Tamil Nadu,Madurai,Anna nagar(Uzhavar Sandhai ),Mint(Pudina),Mint(Pudina),Local,2026-07-21,6600,6600,6600.0
Tamil Nadu,Madurai,Anna nagar(Uzhavar Sandhai ),Tube Rose(Loose),Tube Rose (Loose),Local,2026-07-21,16000,16000,16000.0
Tamil Nadu,Madurai,Anna nagar(Uzhavar Sandhai ),Sweet Corn ,Sweet Corn ,Local,2026-07-21,3000,3000,3000.0
Tamil Nadu,Perambalur,Perambalur(Uzhavar Sandhai ),Ashgourd,Gouard,Local,2026-07-21,2000,2400,2200.0
Tamil Nadu,Perambalur,Perambalur(Uzhavar Sandhai ),Bhindi(Ladies Finger),Bhindi,Local,2026-07-21,3600,4000,3800.0
Tamil Nadu,Perambalur,Perambalur(Uzhavar Sandhai ),Banana - Green,Banana - Green,Local,2026-07-21,3000,4000,3500.0
Tamil Nadu,Perambalur,Perambalur(Uzhavar Sandhai ),Ginger(Green),Green Ginger,Local,2026-07-21,14000,17000,15500.0
Tamil Nadu,Perambalur,Perambalur(Uzhavar Sandhai ),Elephant Yam(Suran)/Amorphophallus,Elephant Yam (Suran),Local,2026-07-21,5600,6000,5800.0
Tamil Nadu,Perambalur,Perambalur(Uzhavar Sandhai ),Lemon,Lemon,Local,2026-07-21,6000,7000,6500.0
Tamil Nadu,Perambalur,Perambalur(Uzhavar Sandhai ),Onion Green,Onion Green,Local,2026-07-21,3500,6000,4750.0
Tamil Nadu,Perambalur,Perambalur(Uzhavar Sandhai ),Mint(Pudina),Mint(Pudina),Local,2026-07-21,7400,7400,7400.0
Tamil Nadu,Ranipet,Arcot(Uzhavar Sandhai ),Potato,Red Nanital,Local,2026-07-21,2800,2800,2800.0
Tamil Nadu,Ranipet,Arcot(Uzhavar Sandhai ),Papaya,Papaya,Local,2026-07-21,4000,4000,4000.0
Tamil Nadu,Ranipet,Arcot(Uzhavar Sandhai ),Cluster beans,Cluster Beans,Local,2026-07-21,5000,5000,5000.0
Tamil Nadu,Ranipet,Arcot(Uzhavar Sandhai ),Pumpkin,Pumpkin,Local,2026-07-21,3000,3000,3000.0
Tamil Nadu,Ranipet,Arcot(Uzhavar Sandhai ),Green Chilli,Green Chilly,Local,2026-07-21,6000,6000,6000.0
Tamil Nadu,Ranipet,Arcot(Uzhavar Sandhai ),Cucumbar(Kheera),Cucumbar,Local,2026-07-21,4400,4400,4400.0
Tamil Nadu,Ranipet,Arcot(Uzhavar Sandhai ),Thondekai,Thondekai,Local,2026-07-21,4000,4000,4000.0
Tamil Nadu,Ranipet,Ranipettai(Uzhavar Sandhai ),Potato,Other,Local,2026-07-21,2500,2500,2500.0
Tamil Nadu,Ranipet,Ranipettai(Uzhavar Sandhai ),Cauliflower,Ranchi,Local,2026-07-21,3000,4000,3500.0
Tamil Nadu,Ranipet,Ranipettai(Uzhavar Sandhai ),Bhindi(Ladies Finger),Bhindi,Local,2026-07-21,3400,3400,3400.0
Tamil Nadu,Ranipet,Ranipettai(Uzhavar Sandhai ),Green Chilli,Green Chilly,Local,2026-07-21,5000,6000,5500.0
Tamil Nadu,Ranipet,Ranipettai(Uzhavar Sandhai ),Cowpea(Veg),Cowpea (Veg),Local,2026-07-21,6000,6000,6000.0
Tamil Nadu,Ranipet,Ranipettai(Uzhavar Sandhai ),Banana - Green,Banana - Green,Local,2026-07-21,4000,5000,4500.0
Tamil Nadu,Ranipet,Ranipettai(Uzhavar Sandhai ),Ginger(Green),Green Ginger,Local,2026-07-21,14000,17000,15500.0
Tamil Nadu,Ranipet,Ranipettai(Uzhavar Sandhai ),Carrot,Pusakesar,Local,2026-07-21,6500,6500,6500.0
Tamil Nadu,Ranipet,Ranipettai(Uzhavar Sandhai ),Mango(Raw-Ripe),Mango - Raw-Ripe,Local,2026-07-21,2000,3000,2500.0
Tamil Nadu,Ranipet,Ranipettai(Uzhavar Sandhai ),Guava,Guava Allahabad,Local,2026-07-21,6000,8000,7000.0
Tamil Nadu,Ranipet,Ranipettai(Uzhavar Sandhai ),Indian Beans(Seam),Indian Beans (Seam),Local,2026-07-21,6500,6500,6500.0
Tamil Nadu,Ranipet,Ranipettai(Uzhavar Sandhai ),Custard Apple(Sharifa),Custard Apple(Sharifa),Local,2026-07-21,8000,8000,8000.0
Tamil Nadu,Ranipet,Ranipettai(Uzhavar Sandhai ),Onion Green,Onion Green,Local,2026-07-21,6000,6000,6000.0
Tamil Nadu,Ranipet,Ranipettai(Uzhavar Sandhai ),Sweet Corn ,Sweet Corn ,Local,2026-07-21,4000,4000,4000.0
Tamil Nadu,Salem,Ammapet(Uzhavar Sandhai ),Mango,Neelam,Local,2026-07-21,4000,5000,4500.0
Tamil Nadu,Salem,Ammapet(Uzhavar Sandhai ),Coriander(Leaves),I Sort,Local,2026-07-21,6500,7000,6750.0
Tamil Nadu,Salem,Ammapet(Uzhavar Sandhai ),Papaya,Papaya,Local,2026-07-21,3000,3500,3250.0
Tamil Nadu,Salem,Ammapet(Uzhavar Sandhai ),Green Chilli,Green Chilly,Local,2026-07-21,4000,4200,4100.0
Tamil Nadu,Salem,Ammapet(Uzhavar Sandhai ),Banana - Green,Banana - Green,Local,2026-07-21,2500,2800,2650.0
Tamil Nadu,Salem,Ammapet(Uzhavar Sandhai ),Sweet Potato,Hosur Red,Local,2026-07-21,3500,4000,3750.0
Tamil Nadu,Salem,Ammapet(Uzhavar Sandhai ),Green Avare(W),Other,Local,2026-07-21,6500,7000,6750.0
Tamil Nadu,Salem,Ammapet(Uzhavar Sandhai ),Guava,Guava Allahabad,Local,2026-07-21,5000,6000,5500.0
Tamil Nadu,Salem,Ammapet(Uzhavar Sandhai ),Mashrooms,Mashrooms,Local,2026-07-21,19000,20000,19500.0
Tamil Nadu,Salem,Mecheri(Uzhavar Sandhai),Tomato,Deshi,Local,2026-07-21,1500,1800,1650.0
Tamil Nadu,Salem,Mecheri(Uzhavar Sandhai),Bhindi(Ladies Finger),Bhindi,Local,2026-07-21,2500,3000,2750.0
Tamil Nadu,Salem,Mecheri(Uzhavar Sandhai),Snakeguard,Snakeguard,Local,2026-07-21,3500,3800,3650.0
Tamil Nadu,Salem,Mettur(Uzhavar Sandhai ),Banana,Red Banana,Local,2026-07-21,6000,7000,6500.0
Tamil Nadu,Salem,Mettur(Uzhavar Sandhai ),Onion,Bellary,Local,2026-07-21,2500,4000,3250.0
Tamil Nadu,Salem,Mettur(Uzhavar Sandhai ),Garlic,Garlic,Local,2026-07-21,20000,24000,22000.0
Tamil Nadu,Salem,Mettur(Uzhavar Sandhai ),Cluster beans,Cluster Beans,Local,2026-07-21,3000,3500,3250.0
Tamil Nadu,Salem,Mettur(Uzhavar Sandhai ),Pumpkin,Pumpkin,Local,2026-07-21,2000,2500,2250.0
Tamil Nadu,Salem,Mettur(Uzhavar Sandhai ),Green Chilli,Green Chilly,Local,2026-07-21,4000,4500,4250.0
Tamil Nadu,Salem,Mettur(Uzhavar Sandhai ),Coconut,Coconut,Local,2026-07-21,4000,5000,4500.0
Tamil Nadu,Salem,Mettur(Uzhavar Sandhai ),Carrot,Pusakesar,Local,2026-07-21,8000,8500,8250.0
Tamil Nadu,Salem,Mettur(Uzhavar Sandhai ),Raddish,Raddish,Local,2026-07-21,3000,3400,3200.0
Tamil Nadu,Salem,Mettur(Uzhavar Sandhai ),Green Avare(W),Other,Local,2026-07-21,5000,6000,5500.0
Tamil Nadu,Salem,Mettur(Uzhavar Sandhai ),Onion Green,Onion Green,Local,2026-07-21,4000,5000,4500.0
Tamil Nadu,Salem,Sooramangalam(Uzhavar Sandhai ),Onion,Bellary,Local,2026-07-21,3600,4000,3800.0
Tamil Nadu,Salem,Sooramangalam(Uzhavar Sandhai ),Green Peas,Green Peas,Local,2026-07-21,13500,13800,13650.0
Tamil Nadu,Salem,Sooramangalam(Uzhavar Sandhai ),Mousambi(Sweet Lime),Mousambi,Local,2026-07-21,3000,3500,3250.0
Tamil Nadu,Salem,Sooramangalam(Uzhavar Sandhai ),Cluster beans,Cluster Beans,Local,2026-07-21,3000,3600,3300.0
Tamil Nadu,Salem,Sooramangalam(Uzhavar Sandhai ),Bitter gourd,Other,Local,2026-07-21,5000,5600,5300.0
Tamil Nadu,Salem,Sooramangalam(Uzhavar Sandhai ),Ashgourd,Gouard,Local,2026-07-21,2200,2400,2300.0
Tamil Nadu,Salem,Sooramangalam(Uzhavar Sandhai ),Pumpkin,Pumpkin,Local,2026-07-21,2000,2200,2100.0
Tamil Nadu,Salem,Sooramangalam(Uzhavar Sandhai ),Bhindi(Ladies Finger),Bhindi,Local,2026-07-21,3200,3500,3350.0
Tamil Nadu,Salem,Sooramangalam(Uzhavar Sandhai ),Green Chilli,Green Chilly,Local,2026-07-21,4000,4200,4100.0
Tamil Nadu,Salem,Sooramangalam(Uzhavar Sandhai ),Carrot,Pusakesar,Local,2026-07-21,8000,8400,8200.0
Tamil Nadu,Salem,Sooramangalam(Uzhavar Sandhai ),Chow Chow,Chow Chow,Local,2026-07-21,3000,3400,3200.0
Tamil Nadu,Salem,Sooramangalam(Uzhavar Sandhai ),Tender Coconut,Tender Coconut,Local,2026-07-21,3500,4000,3750.0
Tamil Nadu,Salem,Sooramangalam(Uzhavar Sandhai ),Elephant Yam(Suran)/Amorphophallus,Elephant Yam (Suran),Local,2026-07-21,4000,4500,4250.0
Tamil Nadu,Salem,Sooramangalam(Uzhavar Sandhai ),Colacasia,Colacasia,Local,2026-07-21,6000,6500,6250.0
Tamil Nadu,Salem,Sooramangalam(Uzhavar Sandhai ),Mint(Pudina),Mint(Pudina),Local,2026-07-21,4500,4800,4650.0
Tamil Nadu,Salem,Sooramangalam(Uzhavar Sandhai ),Tube Rose(Loose),Tube Rose (Loose),Local,2026-07-21,5000,6000,5500.0
Tamil Nadu,Salem,Sooramangalam(Uzhavar Sandhai ),Baby Corn,Baby Corn,Grade A,2026-07-21,2500,3000,2750.0
Tamil Nadu,Salem,Thammampatti (Uzhavar Sandhai ),Mango,Safeda,Local,2026-07-21,4000,5000,4500.0
Tamil Nadu,Salem,Thammampatti (Uzhavar Sandhai ),Bitter gourd,Bitter Gourd,Local,2026-07-21,5000,5500,5250.0
Tamil Nadu,Salem,Thammampatti (Uzhavar Sandhai ),Green Chilli,Green Chilly,Local,2026-07-21,4000,4500,4250.0
Tamil Nadu,Salem,Thammampatti (Uzhavar Sandhai ),Green Avare(W),Green Avare (W),Local,2026-07-21,7000,8000,7500.0
Tamil Nadu,Salem,Thammampatti (Uzhavar Sandhai ),Guava,Guava Allahabad,Local,2026-07-21,6000,6000,6000.0
Tamil Nadu,Salem,Thammampatti (Uzhavar Sandhai ),Onion Green,Onion Green,Local,2026-07-21,4000,5000,4500.0
Tamil Nadu,Salem,Thathakapatti(Uzhavar Sandhai ),Mousambi(Sweet Lime),Mousambi,Local,2026-07-21,3000,3500,3250.0
Tamil Nadu,Salem,Thathakapatti(Uzhavar Sandhai ),Drumstick,Drumstick,Local,2026-07-21,5000,6000,5500.0
Tamil Nadu,Salem,Thathakapatti(Uzhavar Sandhai ),Mango(Raw-Ripe),Mango - Raw-Ripe,Local,2026-07-21,2500,3000,2750.0
Tamil Nadu,Salem,Thathakapatti(Uzhavar Sandhai ),Kakada,Kakada,Local,2026-07-21,15000,16000,15500.0
Tamil Nadu,Salem,Thathakapatti(Uzhavar Sandhai ),Marigold(Calcutta),Marigold(Calcutta),Local,2026-07-21,22000,25000,23500.0
Tamil Nadu,Salem,Thathakapatti(Uzhavar Sandhai ),Lemon,Lemon,Local,2026-07-21,7000,8000,7500.0
Tamil Nadu,Pudukkottai,Pudukottai(Uzhavar Sandhai ),Potato,Other,Local,2026-07-21,5000,7000,6000.0
Tamil Nadu,Pudukkottai,Pudukottai(Uzhavar Sandhai ),Brinjal,Other,Local,2026-07-21,6000,7500,6750.0
Tamil Nadu,Pudukkottai,Pudukottai(Uzhavar Sandhai ),Coriander(Leaves),I Sort,Local,2026-07-21,4500,5000,4750.0
Tamil Nadu,Pudukkottai,Pudukottai(Uzhavar Sandhai ),Amaranthus,Amaranthus,Local,2026-07-21,1500,2000,1750.0
Tamil Nadu,Pudukkottai,Pudukottai(Uzhavar Sandhai ),Ginger(Green),Green Ginger,Local,2026-07-21,21000,23000,22000.0
Tamil Nadu,Pudukkottai,Pudukottai(Uzhavar Sandhai ),Mango(Raw-Ripe),Mango - Raw-Ripe,Local,2026-07-21,2000,3000,2500.0
Tamil Nadu,Pudukkottai,Pudukottai(Uzhavar Sandhai ),Tender Coconut,Tender Coconut,Local,2026-07-21,5000,6000,5500.0
Tamil Nadu,Pudukkottai,Pudukottai(Uzhavar Sandhai ),Elephant Yam(Suran)/Amorphophallus,Elephant Yam (Suran),Local,2026-07-21,5000,6000,5500.0
Tamil Nadu,Pudukkottai,Pudukottai(Uzhavar Sandhai ),Lemon,Lemon,Local,2026-07-21,4000,5000,4500.0
Tamil Nadu,Thanjavur,Tirukattupalli(Uzhavar Sandhai ),Potato,Red Nanital,Local,2026-07-21,2800,2800,2800.0
Tamil Nadu,Thanjavur,Tirukattupalli(Uzhavar Sandhai ),Pumpkin,Pumpkin,Local,2026-07-21,2400,2400,2400.0
Tamil Nadu,Thanjavur,Tirukattupalli(Uzhavar Sandhai ),Green Avare(W),Green Avare (W),Local,2026-07-21,7400,9000,8200.0
Tamil Nadu,The Nilgiris,Udhagamandalam(Uzhavar Sandhai ),Mango,Safeda,Local,2026-07-21,10000,12000,11000.0
Tamil Nadu,The Nilgiris,Udhagamandalam(Uzhavar Sandhai ),Apple,American,Local,2026-07-21,20000,24000,22000.0
Tamil Nadu,The Nilgiris,Udhagamandalam(Uzhavar Sandhai ),Orange,Darjeeling,Local,2026-07-21,10000,15000,12500.0
Tamil Nadu,The Nilgiris,Udhagamandalam(Uzhavar Sandhai ),Brinjal,Other,Local,2026-07-21,4500,5000,4750.0
Tamil Nadu,The Nilgiris,Udhagamandalam(Uzhavar Sandhai ),Tomato,Deshi,Local,2026-07-21,2200,2600,2400.0
Tamil Nadu,The Nilgiris,Udhagamandalam(Uzhavar Sandhai ),Bottle gourd,Bottle Gourd,Local,2026-07-21,2500,2800,2650.0
Tamil Nadu,The Nilgiris,Udhagamandalam(Uzhavar Sandhai ),Ashgourd,Gouard,Local,2026-07-21,1500,1800,1650.0
Tamil Nadu,The Nilgiris,Udhagamandalam(Uzhavar Sandhai ),Pumpkin,Pumpkin,Local,2026-07-21,1500,2000,1750.0
Tamil Nadu,The Nilgiris,Udhagamandalam(Uzhavar Sandhai ),Coconut,Coconut,Local,2026-07-21,5000,5400,5200.0
Tamil Nadu,The Nilgiris,Udhagamandalam(Uzhavar Sandhai ),Sweet Potato,Hosur Red,Local,2026-07-21,3500,4000,3750.0
Tamil Nadu,The Nilgiris,Udhagamandalam(Uzhavar Sandhai ),Drumstick,Drumstick,Local,2026-07-21,5500,6000,5750.0
Tamil Nadu,The Nilgiris,Udhagamandalam(Uzhavar Sandhai ),Pomegranate,Pomogranate,Local,2026-07-21,20000,21000,20500.0
Tamil Nadu,The Nilgiris,Udhagamandalam(Uzhavar Sandhai ),Turnip,Turnip,Local,2026-07-21,3000,3500,3250.0
Tamil Nadu,Theni,Andipatti(Uzhavar Sandhai ),Banana,Besrai,Local,2026-07-21,4500,5000,4750.0
Tamil Nadu,Theni,Andipatti(Uzhavar Sandhai ),Tomato,Deshi,Local,2026-07-21,2200,2400,2300.0
Tamil Nadu,Theni,Andipatti(Uzhavar Sandhai ),Amaranthus,Amaranthus,Local,2026-07-21,2200,2500,2350.0
Tamil Nadu,Theni,Andipatti(Uzhavar Sandhai ),Carrot,Pusakesar,Local,2026-07-21,7000,8000,7500.0
Tamil Nadu,Theni,Andipatti(Uzhavar Sandhai ),Green Avare(W),Green Avare (W),Local,2026-07-21,7500,8000,7750.0
Tamil Nadu,Theni,Andipatti(Uzhavar Sandhai ),Knool Khol,Knool Khol,Local,2026-07-21,4500,5000,4750.0
Tamil Nadu,Theni,Andipatti(Uzhavar Sandhai ),Mashrooms,Mashrooms,Local,2026-07-21,22000,23000,22500.0
Tamil Nadu,Theni,Andipatti(Uzhavar Sandhai ),Mint(Pudina),Mint(Pudina),Local,2026-07-21,6000,6500,6250.0
Tamil Nadu,Theni,Bodinayakanur(Uzhavar Sandhai ),Cauliflower,Ranchi,Local,2026-07-21,3500,3500,3500.0
Tamil Nadu,Theni,Bodinayakanur(Uzhavar Sandhai ),Coriander(Leaves),I Sort,Local,2026-07-21,7000,7000,7000.0
Tamil Nadu,Theni,Bodinayakanur(Uzhavar Sandhai ),Cluster beans,Cluster Beans,Local,2026-07-21,3600,3600,3600.0
Tamil Nadu,Theni,Bodinayakanur(Uzhavar Sandhai ),Beetroot,Beetroot,Local,2026-07-21,4400,4400,4400.0
Tamil Nadu,Theni,Bodinayakanur(Uzhavar Sandhai ),Raddish,Raddish,Local,2026-07-21,3400,3400,3400.0
Tamil Nadu,Theni,Bodinayakanur(Uzhavar Sandhai ),Onion Green,Onion Green,Local,2026-07-21,5800,5800,5800.0
Tamil Nadu,Theni,Bodinayakanur(Uzhavar Sandhai ),Mint(Pudina),Mint(Pudina),Local,2026-07-21,7000,7000,7000.0
Tamil Nadu,Theni,Chinnamanur(Uzhavar Sandhai ),Potato,Other,Local,2026-07-21,2700,2700,2700.0
Tamil Nadu,Theni,Chinnamanur(Uzhavar Sandhai ),Garlic,Garlic,Local,2026-07-21,14000,26000,20000.0
Tamil Nadu,Theni,Chinnamanur(Uzhavar Sandhai ),Brinjal,Other,Local,2026-07-21,4800,5200,5000.0
Tamil Nadu,Theni,Chinnamanur(Uzhavar Sandhai ),Bitter gourd,Other,Local,2026-07-21,6000,6000,6000.0
Tamil Nadu,Theni,Chinnamanur(Uzhavar Sandhai ),Amaranthus,Amaranthus,Local,2026-07-21,2500,2500,2500.0
Tamil Nadu,Theni,Chinnamanur(Uzhavar Sandhai ),Green Chilli,Green Chilly,Local,2026-07-21,4000,4000,4000.0
Tamil Nadu,Theni,Chinnamanur(Uzhavar Sandhai ),Ridgeguard(Tori),Ridgeguard(Tori),Local,2026-07-21,6000,6000,6000.0
Tamil Nadu,Theni,Chinnamanur(Uzhavar Sandhai ),Green Avare(W),Other,Local,2026-07-21,7500,7600,7550.0
Tamil Nadu,Theni,Chinnamanur(Uzhavar Sandhai ),Onion Green,Onion Green,Local,2026-07-21,5600,6000,5800.0
Tamil Nadu,Theni,Chinnamanur(Uzhavar Sandhai ),Mint(Pudina),Mint(Pudina),Local,2026-07-21,7000,7000,7000.0
Tamil Nadu,Theni,Kambam(Uzhavar Sandhai ),Coriander(Leaves),I Sort,Local,2026-07-21,7000,7000,7000.0
Tamil Nadu,Theni,Kambam(Uzhavar Sandhai ),Cluster beans,Cluster Beans,Local,2026-07-21,3500,3500,3500.0
Tamil Nadu,Theni,Kambam(Uzhavar Sandhai ),Beans,Beans (Whole),Local,2026-07-21,6200,8400,7300.0
Tamil Nadu,Theni,Kambam(Uzhavar Sandhai ),Snakeguard,Snakeguard,Local,2026-07-21,2800,3800,3300.0
Tamil Nadu,Theni,Kambam(Uzhavar Sandhai ),Mint(Pudina),Mint(Pudina),Local,2026-07-21,6500,6500,6500.0
Tamil Nadu,Theni,Theni(Uzhavar Sandhai ),Pineapple,Pine Apple,Local,2026-07-21,8000,8000,8000.0
Tamil Nadu,Theni,Theni(Uzhavar Sandhai ),Potato,Other,Local,2026-07-21,2600,2600,2600.0
Tamil Nadu,Theni,Theni(Uzhavar Sandhai ),Bottle gourd,Bottle Gourd,Local,2026-07-21,1000,1200,1100.0
Tamil Nadu,Theni,Theni(Uzhavar Sandhai ),Beans,Beans (Whole),Local,2026-07-21,6400,8400,7400.0
Tamil Nadu,Theni,Theni(Uzhavar Sandhai ),Snakeguard,Snakeguard,Local,2026-07-21,2800,2800,2800.0
Tamil Nadu,Theni,Theni(Uzhavar Sandhai ),Raddish,Raddish,Local,2026-07-21,3400,3400,3400.0
Tamil Nadu,Theni,Theni(Uzhavar Sandhai ),Knool Khol,Knool Khol,Local,2026-07-21,5000,5000,5000.0
Tamil Nadu,Theni,Theni(Uzhavar Sandhai ),Karbuja(Musk Melon),Karbhuja,Local,2026-07-21,6000,6000,6000.0
Tamil Nadu,Theni,Theni(Uzhavar Sandhai ),Mashrooms,Mashrooms,Local,2026-07-21,23000,23000,23000.0
Tamil Nadu,Thiruchirappalli,Thuraiyur APMC,Tomato,Other,Local,2026-07-21,1600,2000,1800.0
Tamil Nadu,Thiruchirappalli,Thuraiyur APMC,Pumpkin,Pumpkin,Local,2026-07-21,1200,1800,1500.0
Tamil Nadu,Thiruchirappalli,Thuraiyur APMC,Green Chilli,Green Chilly,Local,2026-07-21,4000,4500,4250.0
Tamil Nadu,Thiruchirappalli,Thuraiyur APMC,Beans,Beans (Whole),Local,2026-07-21,5500,6500,6000.0
Tamil Nadu,Thiruchirappalli,Thuraiyur APMC,Sweet Potato,Hosur Red,Local,2026-07-21,4000,4500,4250.0
Tamil Nadu,Thiruchirappalli,Thuraiyur APMC,Cabbage,Cabbage,Local,2026-07-21,3800,4500,4150.0
Tamil Nadu,Thiruchirappalli,Thuraiyur APMC,Ridgeguard(Tori),Ridgeguard(Tori),Local,2026-07-21,5500,6500,6000.0
Tamil Nadu,Thiruchirappalli,Thuraiyur APMC,Capsicum,Capsicum,Local,2026-07-21,7500,8500,8000.0
Tamil Nadu,Thiruchirappalli,Thuraiyur APMC,Chow Chow,Chow Chow,Local,2026-07-21,3000,3500,3250.0
Tamil Nadu,Thiruchirappalli,Thuraiyur APMC,Lemon,Lemon,Local,2026-07-21,6000,7000,6500.0
Tamil Nadu,Thiruchirappalli,Thuraiyur APMC,Mint(Pudina),Mint(Pudina),Local,2026-07-21,6000,6600,6300.0
Tamil Nadu,Thirunelveli,Kandiyaperi(Uzhavar Sandhai ),Tomato,Other,Local,2026-07-21,2500,3000,2750.0
Tamil Nadu,Thirunelveli,Melapalayam(Uzhavar Sandhai ),Brinjal,Other,Local,2026-07-21,4500,5000,4750.0
Tamil Nadu,Thirunelveli,NGO Colony(Uzhavar Sandhai ),Bitter gourd,Bitter Gourd,Local,2026-07-21,6000,6500,6250.0
Tamil Nadu,Thirunelveli,NGO Colony(Uzhavar Sandhai ),Ashgourd,Gouard,Local,2026-07-21,1200,1800,1500.0
Tamil Nadu,Thirunelveli,NGO Colony(Uzhavar Sandhai ),Beetroot,Beetroot,Local,2026-07-21,6000,7000,6500.0
Tamil Nadu,Thirunelveli,NGO Colony(Uzhavar Sandhai ),Ridgeguard(Tori),Ridgeguard(Tori),Local,2026-07-21,3500,4000,3750.0
Tamil Nadu,Thirunelveli,NGO Colony(Uzhavar Sandhai ),Capsicum,Capsicum,Local,2026-07-21,8500,9000,8750.0
Tamil Nadu,Thirunelveli,NGO Colony(Uzhavar Sandhai ),Green Avare(W),Green Avare (W),Local,2026-07-21,8000,8500,8250.0
Tamil Nadu,Thirunelveli,Palayamkottai(Uzhavar Sandhai ),Potato,Red Nanital,Local,2026-07-21,2400,2600,2500.0
Tamil Nadu,Thirunelveli,Palayamkottai(Uzhavar Sandhai ),Brinjal,Other,Local,2026-07-21,4500,5000,4750.0
Tamil Nadu,Thirunelveli,Palayamkottai(Uzhavar Sandhai ),Coriander(Leaves),I Sort,Local,2026-07-21,8000,8500,8250.0
Tamil Nadu,Thirunelveli,Palayamkottai(Uzhavar Sandhai ),Tomato,Other,Local,2026-07-21,2500,3000,2750.0
Tamil Nadu,Thirunelveli,Palayamkottai(Uzhavar Sandhai ),Ginger(Green),Green Ginger,Local,2026-07-21,12000,18000,15000.0
Tamil Nadu,Thirunelveli,Palayamkottai(Uzhavar Sandhai ),Cabbage,Cabbage,Local,2026-07-21,4200,4400,4300.0
Tamil Nadu,Thirunelveli,Palayamkottai(Uzhavar Sandhai ),Cucumbar(Kheera),Cucumbar,Local,2026-07-21,4500,7000,5750.0
Tamil Nadu,Thirunelveli,Palayamkottai(Uzhavar Sandhai ),Lime,Lime,Local,2026-07-21,17000,18000,17500.0
Tamil Nadu,Thirunelveli,Palayamkottai(Uzhavar Sandhai ),Pomegranate,Pomogranate,Local,2026-07-21,20000,24000,22000.0
Tamil Nadu,Thirunelveli,Palayamkottai(Uzhavar Sandhai ),Lemon,Lemon,Local,2026-07-21,4500,5000,4750.0
Tamil Nadu,Thirunelveli,Palayamkottai(Uzhavar Sandhai ),Colacasia,Colacasia,Local,2026-07-21,3500,5000,4250.0
Tamil Nadu,Thirupur,Kangayam(Uzhavar Sandhai ),Brinjal,Round,Local,2026-07-21,5000,6000,5500.0
Tamil Nadu,Thirupur,Kangayam(Uzhavar Sandhai ),Pumpkin,Pumpkin,Local,2026-07-21,1500,2000,1750.0
Tamil Nadu,Thirupur,Kangayam(Uzhavar Sandhai ),Snakeguard,Snakeguard,Local,2026-07-21,3500,4200,3850.0
Tamil Nadu,Thirupur,Kangayam(Uzhavar Sandhai ),Drumstick,Drumstick,Local,2026-07-21,6000,7000,6500.0
Tamil Nadu,Thirupur,Kangayam(Uzhavar Sandhai ),Lemon,Lemon,Local,2026-07-21,6000,7000,6500.0
Tamil Nadu,Thirupur,Tiruppur (South) (Uzhavar Sandhai ),Cauliflower,Ranchi,Local,2026-07-21,2500,3000,2750.0
Tamil Nadu,Thirupur,Tiruppur (South) (Uzhavar Sandhai ),Coriander(Leaves),I Sort,Local,2026-07-21,4000,5000,4500.0
Tamil Nadu,Thirupur,Tiruppur (South) (Uzhavar Sandhai ),Banana - Green,Banana - Green,Local,2026-07-21,2500,3000,2750.0
Tamil Nadu,Thirupur,Tiruppur (South) (Uzhavar Sandhai ),Carrot,Pusakesar,Local,2026-07-21,7000,8000,7500.0
Tamil Nadu,Thirupur,Tiruppur (South) (Uzhavar Sandhai ),Cabbage,Cabbage,Local,2026-07-21,2500,3000,2750.0
Tamil Nadu,Thirupur,Tiruppur (South) (Uzhavar Sandhai ),Thondekai,Thondekai,Local,2026-07-21,4000,5000,4500.0
Tamil Nadu,Thirupur,Tiruppur (South) (Uzhavar Sandhai ),Mango(Raw-Ripe),Mango - Raw-Ripe,Local,2026-07-21,2000,3000,2500.0
Tamil Nadu,Thirupur,Tiruppur (South) (Uzhavar Sandhai ),Lemon,Lemon,Local,2026-07-21,7000,8000,7500.0
Tamil Nadu,Thiruvannamalai,Keelpennathur(Uzhavar Sandhai ),Onion,Bellary,Local,2026-07-21,2500,3000,2750.0
Tamil Nadu,Thiruvannamalai,Tamarainagar(Uzhavar Sandhai ),Brinjal,Round,Local,2026-07-21,6000,7200,6600.0
Tamil Nadu,Thiruvannamalai,Tamarainagar(Uzhavar Sandhai ),Coriander(Leaves),I Sort,Local,2026-07-21,7000,8200,7600.0
Tamil Nadu,Thiruvannamalai,Tamarainagar(Uzhavar Sandhai ),Coconut,Coconut,Local,2026-07-21,5000,6000,5500.0
Tamil Nadu,Thiruvannamalai,Tamarainagar(Uzhavar Sandhai ),Lime,Lime,Local,2026-07-21,5000,6000,5500.0
Tamil Nadu,Thiruvannamalai,Tamarainagar(Uzhavar Sandhai ),Rose(Local),Rose (Local),Local,2026-07-21,15000,18000,16500.0
Tamil Nadu,Thiruvannamalai,Tamarainagar(Uzhavar Sandhai ),Sweet Corn ,Sweet Corn ,Local,2026-07-21,3400,4000,3700.0
Tamil Nadu,Thiruvannamalai,Vandavasi(Uzhavar Sandhai ),Potato,Other,Local,2026-07-21,2500,3000,2750.0
Tamil Nadu,Thiruvannamalai,Vandavasi(Uzhavar Sandhai ),Tomato,Local,Local,2026-07-21,1600,2000,1800.0
Tamil Nadu,Thiruvannamalai,Vandavasi(Uzhavar Sandhai ),Cluster beans,Cluster Beans,Local,2026-07-21,4000,4800,4400.0
Tamil Nadu,Thiruvannamalai,Vandavasi(Uzhavar Sandhai ),Bitter gourd,Other,Local,2026-07-21,4000,4800,4400.0
Tamil Nadu,Thiruvannamalai,Vandavasi(Uzhavar Sandhai ),Amaranthus,Amaranthus,Local,2026-07-21,2500,3000,2750.0
Tamil Nadu,Thiruvannamalai,Vandavasi(Uzhavar Sandhai ),Green Chilli,Green Chilly,Local,2026-07-21,4500,5400,4950.0
Tamil Nadu,Thiruvannamalai,Vandavasi(Uzhavar Sandhai ),Coconut,Coconut,Local,2026-07-21,4000,5000,4500.0
Tamil Nadu,Thiruvannamalai,Vandavasi(Uzhavar Sandhai ),Ridgeguard(Tori),Ridgeguard(Tori),Local,2026-07-21,3600,4200,3900.0
Tamil Nadu,Thiruvannamalai,Vandavasi(Uzhavar Sandhai ),Onion Green,Onion Green,Local,2026-07-21,4800,5500,5150.0
Tamil Nadu,Thiruvarur,Muthupettai(Uzhavar Sandhai ),Brinjal,Round,Local,2026-07-21,5000,5000,5000.0
Tamil Nadu,Thiruvarur,Muthupettai(Uzhavar Sandhai ),Coriander(Leaves),I Sort,Local,2026-07-21,6000,6000,6000.0
Tamil Nadu,Thiruvarur,Muthupettai(Uzhavar Sandhai ),Cabbage,Cabbage,Local,2026-07-21,5000,5000,5000.0
Tamil Nadu,Thiruvarur,Muthupettai(Uzhavar Sandhai ),Mint(Pudina),Mint(Pudina),Local,2026-07-21,7000,7000,7000.0
Tamil Nadu,Thiruvarur,Tiruvarur(Uzhavar Sandhai ),Bottle gourd,Bottle Gourd,Local,2026-07-21,3000,3000,3000.0
Tamil Nadu,Thiruvarur,Tiruvarur(Uzhavar Sandhai ),Bhindi(Ladies Finger),Bhindi,Local,2026-07-21,4000,4000,4000.0
Tamil Nadu,Thiruvarur,Tiruvarur(Uzhavar Sandhai ),Banana - Green,Banana - Green,Local,2026-07-21,3500,3500,3500.0
Tamil Nadu,Thiruvarur,Tiruvarur(Uzhavar Sandhai ),Jack Fruit(Ripe),Jack Fruit,Local,2026-07-21,3000,3000,3000.0
Tamil Nadu,Thiruvarur,Tiruvarur(Uzhavar Sandhai ),Lemon,Lemon,Local,2026-07-21,3000,3000,3000.0
Tamil Nadu,Thiruvarur,Valangaiman APMC,Bhindi(Ladies Finger),Bhindi,Local,2026-07-21,4000,4000,4000.0
Tamil Nadu,Thiruvarur,Valangaiman APMC,Green Chilli,Green Chilly,Local,2026-07-21,4000,4000,4000.0
Tamil Nadu,Thiruvarur,Valangaiman APMC,Coconut,Coconut,Local,2026-07-21,4000,4000,4000.0
Tamil Nadu,Thiruvellore,Tiruthani(Uzhavar Sandhai ),Garlic,Garlic,Local,2026-07-21,24000,24000,24000.0
Tamil Nadu,Thiruvellore,Tiruthani(Uzhavar Sandhai ),Cauliflower,Ranchi,Local,2026-07-21,4000,4000,4000.0
Tamil Nadu,Thiruvellore,Tiruthani(Uzhavar Sandhai ),Banana - Green,Banana - Green,Local,2026-07-21,4000,4000,4000.0
Tamil Nadu,Thiruvellore,Tiruthani(Uzhavar Sandhai ),Coconut,Coconut,Local,2026-07-21,6000,6000,6000.0
Tamil Nadu,Thiruvellore,Tiruthani(Uzhavar Sandhai ),Snakeguard,Snakeguard,Local,2026-07-21,4000,4000,4000.0
Tamil Nadu,Thiruvellore,Tiruthani(Uzhavar Sandhai ),Cucumbar(Kheera),Cucumbar,Local,2026-07-21,5000,5000,5000.0
Tamil Nadu,Villupuram,Tindivanam APMC,Groundnut,Big (With Shell),Local,2026-07-21,7000,7000,7000.0
Tamil Nadu,Villupuram,Tindivanam APMC,Cluster beans,Cluster Beans,Local,2026-07-21,4500,4500,4500.0
Tamil Nadu,Villupuram,Tindivanam APMC,Bitter gourd,Bitter Gourd,Local,2026-07-21,5000,5000,5000.0
Tamil Nadu,Villupuram,Tindivanam APMC,Ashgourd,Gouard,Local,2026-07-21,1500,1500,1500.0
Tamil Nadu,Villupuram,Tindivanam APMC,Carrot,Pusakesar,Local,2026-07-21,7800,7800,7800.0
Tamil Nadu,Villupuram,Tindivanam APMC,Ridgeguard(Tori),Ridgeguard(Tori),Local,2026-07-21,5800,5800,5800.0
Tamil Nadu,Villupuram,Tindivanam APMC,Green Avare(W),Green Avare (W),Local,2026-07-21,7000,7000,7000.0
Tamil Nadu,Villupuram,Tindivanam APMC,Chow Chow,Chow Chow,Local,2026-07-21,4600,4600,4600.0
Tamil Nadu,Villupuram,Tindivanam APMC,Drumstick,Drumstick,Local,2026-07-21,4000,4000,4000.0
Tamil Nadu,Villupuram,Tindivanam APMC,Yam(Ratalu),Yam (Ratalu),Local,2026-07-21,6000,6000,6000.0
Tamil Nadu,Villupuram,Ulundurpettai APMC,Tomato,Deshi,Local,2026-07-21,2200,2200,2200.0
Tamil Nadu,Villupuram,Ulundurpettai APMC,Bitter gourd,Bitter Gourd,Local,2026-07-21,6000,6000,6000.0
Tamil Nadu,Villupuram,Ulundurpettai APMC,Pumpkin,Pumpkin,Local,2026-07-21,2500,2500,2500.0
Tamil Nadu,Villupuram,Ulundurpettai APMC,Bhindi(Ladies Finger),Bhindi,Local,2026-07-21,3000,3000,3000.0
Tamil Nadu,Villupuram,Ulundurpettai APMC,Green Avare(W),Green Avare (W),Local,2026-07-21,8000,8000,8000.0
Tamil Nadu,Villupuram,Ulundurpettai APMC,Mango(Raw-Ripe),Mango - Raw-Ripe,Local,2026-07-21,2000,2000,2000.0
Tamil Nadu,Villupuram,Ulundurpettai APMC,Lemon,Lemon,Local,2026-07-21,5000,5000,5000.0
Tamil Nadu,Villupuram,Ulundurpettai APMC,Onion Green,Onion Green,Local,2026-07-21,7000,7000,7000.0
Tamil Nadu,Villupuram,Ulundurpettai APMC,Mint(Pudina),Mint(Pudina),Local,2026-07-21,3000,3000,3000.0
Tamil Nadu,Villupuram,Vikkiravandi APMC,Ragi(Finger Millet),Other,Local,2026-07-21,3099,3689,3394.0
Tamil Nadu,Madurai,Thirumangalam(Uzhavar Sandhai ),Banana,Besrai,Local,2026-07-21,3000,4000,3500.0
Tamil Nadu,Madurai,Thirumangalam(Uzhavar Sandhai ),Tomato,Deshi,Local,2026-07-21,1500,2100,1800.0
Tamil Nadu,Madurai,Thirumangalam(Uzhavar Sandhai ),Bottle gourd,Bottle Gourd,Local,2026-07-21,2500,3400,2950.0
Tamil Nadu,Madurai,Thirumangalam(Uzhavar Sandhai ),Snakeguard,Snakeguard,Local,2026-07-21,3000,3600,3300.0
Gujarat,Narmada,Rajpipla APMC,Banana,Other,Medium,2026-07-21,1700,1875,1800.0
Gujarat,Surat,Songadh APMC,Guar,Gwar,FAQ,2026-07-21,6000,6000,6000.0
Tamil Nadu,Madurai,Melur(Uzhavar Sandhai ),Mango,Safeda,Local,2026-07-21,4500,5000,4750.0
Tamil Nadu,Madurai,Melur(Uzhavar Sandhai ),Brinjal,Round,Local,2026-07-21,4000,4800,4400.0
Tamil Nadu,Madurai,Melur(Uzhavar Sandhai ),Papaya,Papaya,Local,2026-07-21,3600,4000,3800.0
Tamil Nadu,Madurai,Melur(Uzhavar Sandhai ),Bottle gourd,Bottle Gourd,Local,2026-07-21,2500,3400,2950.0
Tamil Nadu,Madurai,Melur(Uzhavar Sandhai ),Green Chilli,Green Chilly,Local,2026-07-21,3500,4000,3750.0
Tamil Nadu,Madurai,Melur(Uzhavar Sandhai ),Ridgeguard(Tori),Ridgeguard(Tori),Local,2026-07-21,5000,6000,5500.0
Tamil Nadu,Madurai,Melur(Uzhavar Sandhai ),Raddish,Raddish,Local,2026-07-21,3000,3400,3200.0
Tamil Nadu,Vellore,Perampet(Uzhavar Sandhai),Onion,Bellary,Local,2026-07-21,3500,4000,3750.0
Tamil Nadu,Vellore,Perampet(Uzhavar Sandhai),Cluster beans,Cluster Beans,Local,2026-07-21,4000,4500,4250.0
Tamil Nadu,Vellore,Perampet(Uzhavar Sandhai),Banana - Green,Banana - Green,Local,2026-07-21,3500,3500,3500.0
Tamil Nadu,Vellore,Perampet(Uzhavar Sandhai),Beetroot,Beetroot,Local,2026-07-21,5000,5000,5000.0
Tamil Nadu,Vellore,Perampet(Uzhavar Sandhai),Tender Coconut,Tender Coconut,Local,2026-07-21,2000,2500,2250.0
Tamil Nadu,Vellore,Perampet(Uzhavar Sandhai),Amla(Nelli Kai),Amla,Local,2026-07-21,10000,10000,10000.0
Gujarat,Surat,Songadh(Umrada) APMC,Guar,Guaar,FAQ,2026-07-21,6000,6000,6000.0
Gujarat,Amreli,Damnagar APMC,Bottle gourd,Bottle Gourd,Local,2026-07-21,3000,3000,3000.0
Gujarat,Amreli,Damnagar APMC,Green Chilli,Green Chilly,Local,2026-07-21,4000,4000,4000.0
Gujarat,Amreli,Damnagar APMC,Brinjal,Other,Local,2026-07-21,1000,1000,1000.0
Tamil Nadu,Karur,Gandhigramam(Uzhavar Sandhai),Potato,Other,Local,2026-07-21,4000,6500,5250.0
Tamil Nadu,Karur,Gandhigramam(Uzhavar Sandhai),Papaya,Papaya,Local,2026-07-21,3000,3500,3250.0
Tamil Nadu,Karur,Gandhigramam(Uzhavar Sandhai),Amaranthus,Amaranthus,Local,2026-07-21,2000,2500,2250.0
Tamil Nadu,Karur,Gandhigramam(Uzhavar Sandhai),Beans,Beans (Whole),Local,2026-07-21,6500,7500,7000.0
Tamil Nadu,Karur,Gandhigramam(Uzhavar Sandhai),Beetroot,Beetroot,Local,2026-07-21,7500,8000,7750.0
Tamil Nadu,Karur,Gandhigramam(Uzhavar Sandhai),Ridgeguard(Tori),Ridgeguard(Tori),Local,2026-07-21,5500,6000,5750.0
Tamil Nadu,Salem,Vazhapadi(Uzhavar Sandhai),Potato,Red Nanital,Local,2026-07-21,3000,3400,3200.0
Tamil Nadu,Salem,Vazhapadi(Uzhavar Sandhai),Cluster beans,Cluster Beans,Local,2026-07-21,3800,3800,3800.0
Tamil Nadu,Salem,Vazhapadi(Uzhavar Sandhai),Bottle gourd,Bottle Gourd,Local,2026-07-21,2000,2500,2250.0
Tamil Nadu,Salem,Vazhapadi(Uzhavar Sandhai),Coconut,Coconut,Local,2026-07-21,4500,5000,4750.0
Tamil Nadu,Salem,Vazhapadi(Uzhavar Sandhai),Carrot,Pusakesar,Local,2026-07-21,6500,7000,6750.0
Tamil Nadu,Salem,Vazhapadi(Uzhavar Sandhai),Thondekai,Thondekai,Local,2026-07-21,6000,6000,6000.0
Tamil Nadu,Salem,Vazhapadi(Uzhavar Sandhai),Drumstick,Drumstick,Local,2026-07-21,7000,7000,7000.0
Tamil Nadu,Salem,Vazhapadi(Uzhavar Sandhai),Jasmine,Jasmine,Local,2026-07-21,42000,42000,42000.0
Tamil Nadu,Salem,Vazhapadi(Uzhavar Sandhai),Tamarind Fruit,Tamarind Fruit,Local,2026-07-21,15000,15000,15000.0
Tamil Nadu,Pudukkottai,Aranthangi(Uzhavar Sandhai ),Banana,Besrai,Local,2026-07-21,4500,5000,4750.0
Tamil Nadu,Pudukkottai,Aranthangi(Uzhavar Sandhai ),Onion,Bellary,Local,2026-07-21,4500,5000,4750.0
Tamil Nadu,Pudukkottai,Aranthangi(Uzhavar Sandhai ),Bottle gourd,Bottle Gourd,Local,2026-07-21,2000,2500,2250.0
Tamil Nadu,Pudukkottai,Aranthangi(Uzhavar Sandhai ),Coconut,Coconut,Local,2026-07-21,3500,4000,3750.0
Tamil Nadu,Pudukkottai,Aranthangi(Uzhavar Sandhai ),Snakeguard,Snakeguard,Local,2026-07-21,3500,4000,3750.0
Tamil Nadu,Pudukkottai,Aranthangi(Uzhavar Sandhai ),Mango(Raw-Ripe),Mango - Raw-Ripe,Local,2026-07-21,2500,3000,2750.0
Tamil Nadu,Coimbatore,Sulur(Uzhavar Sandhai ),Potato,Red Nanital,Local,2026-07-21,5600,6800,6200.0
Tamil Nadu,Coimbatore,Sulur(Uzhavar Sandhai ),Tomato,Deshi,Local,2026-07-21,1600,2000,1800.0
Tamil Nadu,Coimbatore,Sulur(Uzhavar Sandhai ),Amaranthus,Amaranthus,Local,2026-07-21,4000,5000,4500.0
Tamil Nadu,Coimbatore,Sulur(Uzhavar Sandhai ),Sweet Potato,Hosur Red,Local,2026-07-21,4600,5000,4800.0
Tamil Nadu,Coimbatore,Sulur(Uzhavar Sandhai ),Chow Chow,Chow Chow,Local,2026-07-21,2800,3200,3000.0
Tamil Nadu,Pudukkottai,Gandarvakottai(Uzhavar Sandhai ),Coriander(Leaves),I Sort,Local,2026-07-21,4500,5000,4750.0
Tamil Nadu,Pudukkottai,Gandarvakottai(Uzhavar Sandhai ),Tomato,Deshi,Local,2026-07-21,2500,3000,2750.0
Tamil Nadu,Pudukkottai,Gandarvakottai(Uzhavar Sandhai ),Bottle gourd,Bottle Gourd,Local,2026-07-21,2000,2500,2250.0
Tamil Nadu,Pudukkottai,Gandarvakottai(Uzhavar Sandhai ),Pumpkin,Pumpkin,Local,2026-07-21,1000,1500,1250.0
Tamil Nadu,Pudukkottai,Gandarvakottai(Uzhavar Sandhai ),Onion Green,Onion Green,Local,2026-07-21,6500,7000,6750.0
Tamil Nadu,Cuddalore,Panruti(Uzhavar Sandhai ),Brinjal,Round,Local,2026-07-21,6000,6000,6000.0
Tamil Nadu,Cuddalore,Panruti(Uzhavar Sandhai ),Papaya,Papaya,Local,2026-07-21,4000,4000,4000.0
Tamil Nadu,Cuddalore,Panruti(Uzhavar Sandhai ),Green Avare(W),Green Avare (W),Local,2026-07-21,7000,7000,7000.0
Tamil Nadu,Cuddalore,Panruti(Uzhavar Sandhai ),Drumstick,Drumstick,Local,2026-07-21,6000,6000,6000.0
Tamil Nadu,Cuddalore,Panruti(Uzhavar Sandhai ),Guava,Guava Allahabad,Local,2026-07-21,5000,5000,5000.0
Tamil Nadu,Cuddalore,Panruti(Uzhavar Sandhai ),Lemon,Lemon,Local,2026-07-21,6000,6000,6000.0
Tamil Nadu,Cuddalore,Vadalur(Uzhavar Sandhai ),Coriander(Leaves),I Sort,Local,2026-07-21,8000,8000,8000.0
Tamil Nadu,Cuddalore,Vadalur(Uzhavar Sandhai ),Tomato,Local,Local,2026-07-21,2000,2000,2000.0
Tamil Nadu,Cuddalore,Vadalur(Uzhavar Sandhai ),Amaranthus,Amaranthus,Local,2026-07-21,3000,3500,3250.0
Tamil Nadu,Cuddalore,Vadalur(Uzhavar Sandhai ),Banana - Green,Banana - Green,Local,2026-07-21,3000,3000,3000.0
Tamil Nadu,Cuddalore,Vadalur(Uzhavar Sandhai ),Ginger(Green),Green Ginger,Local,2026-07-21,15000,15000,15000.0
Tamil Nadu,Cuddalore,Vadalur(Uzhavar Sandhai ),Coconut,Coconut,Local,2026-07-21,5000,5000,5000.0
Tamil Nadu,Cuddalore,Vadalur(Uzhavar Sandhai ),Cabbage,Cabbage,Local,2026-07-21,4000,4000,4000.0
Tamil Nadu,Cuddalore,Vadalur(Uzhavar Sandhai ),Beetroot,Beetroot,Local,2026-07-21,5000,5000,5000.0
Tamil Nadu,Cuddalore,Vadalur(Uzhavar Sandhai ),Raddish,Raddish,Local,2026-07-21,4000,4000,4000.0
Tamil Nadu,Cuddalore,Vadalur(Uzhavar Sandhai ),Thondekai,Thondekai,Local,2026-07-21,5000,5000,5000.0
Tamil Nadu,Cuddalore,Vadalur(Uzhavar Sandhai ),Drumstick,Drumstick,Local,2026-07-21,4000,4000,4000.0
Tamil Nadu,Dharmapuri,AJattihalli(Uzhavar Sandhai ),Garlic,Garlic,Local,2026-07-21,20000,24400,22200.0
Tamil Nadu,Dharmapuri,AJattihalli(Uzhavar Sandhai ),Tomato,Deshi,Local,2026-07-21,1600,2000,1800.0
Tamil Nadu,Dharmapuri,AJattihalli(Uzhavar Sandhai ),Bhindi(Ladies Finger),Bhindi,Local,2026-07-21,2000,2000,2000.0
Tamil Nadu,Dharmapuri,AJattihalli(Uzhavar Sandhai ),Green Avare(W),Other,Local,2026-07-21,5500,5500,5500.0
Tamil Nadu,Dharmapuri,AJattihalli(Uzhavar Sandhai ),Elephant Yam(Suran)/Amorphophallus,Elephant Yam (Suran),Local,2026-07-21,5600,5600,5600.0
Tamil Nadu,Dharmapuri,AJattihalli(Uzhavar Sandhai ),Baby Corn,Baby Corn,Grade A,2026-07-21,2000,2000,2000.0
Tamil Nadu,Karur,Kulithalai(Uzhavar Sandhai ),Onion,Bellary,Local,2026-07-21,3600,4000,3800.0
Tamil Nadu,Karur,Kulithalai(Uzhavar Sandhai ),Potato,Other,Local,2026-07-21,2500,3000,2750.0
Tamil Nadu,Karur,Kulithalai(Uzhavar Sandhai ),Cauliflower,Ranchi,Local,2026-07-21,4000,4500,4250.0
Tamil Nadu,Karur,Kulithalai(Uzhavar Sandhai ),Amaranthus,Amaranthus,Local,2026-07-21,2000,3000,2500.0
Tamil Nadu,Karur,Kulithalai(Uzhavar Sandhai ),Snakeguard,Snakeguard,Local,2026-07-21,3600,4000,3800.0
Tamil Nadu,Karur,Kulithalai(Uzhavar Sandhai ),Beetroot,Beetroot,Local,2026-07-21,4400,5000,4700.0
Tamil Nadu,Karur,Kulithalai(Uzhavar Sandhai ),Raddish,Raddish,Local,2026-07-21,3600,4000,3800.0
Tamil Nadu,Karur,Kulithalai(Uzhavar Sandhai ),Green Avare(W),Other,Local,2026-07-21,7000,9000,8000.0
Tamil Nadu,Karur,Kulithalai(Uzhavar Sandhai ),Knool Khol,Knool Khol,Local,2026-07-21,4500,5000,4750.0
Tamil Nadu,Karur,Pallapatti (Uzhavar Sandhai ),Brinjal,Other,Local,2026-07-21,6500,7000,6750.0
Tamil Nadu,Karur,Pallapatti (Uzhavar Sandhai ),Raddish,Raddish,Local,2026-07-21,3600,4000,3800.0
Tamil Nadu,Karur,Pallapatti (Uzhavar Sandhai ),Lime,Lime,Local,2026-07-21,3500,4000,3750.0
Tamil Nadu,Karur,Velayuthampalayam(Uzhavar Sandhai ),Tomato,Other,Local,2026-07-21,2000,2400,2200.0
Tamil Nadu,Karur,Velayuthampalayam(Uzhavar Sandhai ),Ashgourd,Gouard,Local,2026-07-21,2400,3000,2700.0
Tamil Nadu,Karur,Velayuthampalayam(Uzhavar Sandhai ),Green Avare(W),Other,Local,2026-07-21,9000,10000,9500.0
Tamil Nadu,Karur,Velayuthampalayam(Uzhavar Sandhai ),Drumstick,Drumstick,Local,2026-07-21,4000,5000,4500.0
Tamil Nadu,Karur,Vengamedu(Uzhavar Sandhai ),Banana,Red Banana,Local,2026-07-21,5000,6000,5500.0
Tamil Nadu,Karur,Vengamedu(Uzhavar Sandhai ),Lemon,Lemon,Local,2026-07-21,9500,10000,9750.0
Tamil Nadu,Karur,Vengamedu(Uzhavar Sandhai ),Mint(Pudina),Mint(Pudina),Local,2026-07-21,5500,6000,5750.0
Tamil Nadu,Theni,Devaram(Uzhavar Sandhai ),Papaya,Papaya,Local,2026-07-21,2500,3000,2750.0
Tamil Nadu,Theni,Devaram(Uzhavar Sandhai ),Coconut,Coconut,Local,2026-07-21,4500,4600,4550.0
Tamil Nadu,Salem,Attayampatti(Uzhavar Sandhai ),Groundnut,Big (With Shell),Local,2026-07-21,7000,7000,7000.0
Tamil Nadu,Salem,Attayampatti(Uzhavar Sandhai ),Banana,Besrai,Local,2026-07-21,5000,6000,5500.0
Tamil Nadu,Salem,Attayampatti(Uzhavar Sandhai ),Coriander(Leaves),I Sort,Local,2026-07-21,3800,3800,3800.0
Tamil Nadu,Salem,Attayampatti(Uzhavar Sandhai ),Papaya,Papaya,Local,2026-07-21,3000,3000,3000.0
Tamil Nadu,Salem,Attayampatti(Uzhavar Sandhai ),Cluster beans,Cluster Beans,Local,2026-07-21,3000,3500,3250.0
Tamil Nadu,Salem,Attayampatti(Uzhavar Sandhai ),Bottle gourd,Bottle Gourd,Local,2026-07-21,2500,3000,2750.0
Tamil Nadu,Salem,Attayampatti(Uzhavar Sandhai ),Pumpkin,Pumpkin,Local,2026-07-21,2400,2400,2400.0
Tamil Nadu,Salem,Attayampatti(Uzhavar Sandhai ),Bhindi(Ladies Finger),Bhindi,Local,2026-07-21,3000,3500,3250.0
Tamil Nadu,Salem,Attayampatti(Uzhavar Sandhai ),Tapioca,Tapioca,Local,2026-07-21,2500,3000,2750.0
Tamil Nadu,Salem,Attayampatti(Uzhavar Sandhai ),Ridgeguard(Tori),Ridgeguard(Tori),Local,2026-07-21,4500,5000,4750.0
Tamil Nadu,Salem,Attayampatti(Uzhavar Sandhai ),Drumstick,Drumstick,Local,2026-07-21,5000,6000,5500.0
Tamil Nadu,Salem,Attayampatti(Uzhavar Sandhai ),Lemon,Lemon,Local,2026-07-21,4000,5000,4500.0
Tamil Nadu,Sivaganga,Sivagangai (Uzhavar Sandhai ),Cauliflower,Ranchi,Local,2026-07-21,3200,3600,3400.0
Tamil Nadu,Sivaganga,Sivagangai (Uzhavar Sandhai ),Bottle gourd,Bottle Gourd,Local,2026-07-21,3600,3800,3700.0
Tamil Nadu,Sivaganga,Sivagangai (Uzhavar Sandhai ),Green Chilli,Green Chilly,Local,2026-07-21,3200,4200,3700.0
Tamil Nadu,Sivaganga,Sivagangai (Uzhavar Sandhai ),Coconut,Coconut,Local,2026-07-21,5000,6000,5500.0
Tamil Nadu,Sivaganga,Sivagangai (Uzhavar Sandhai ),Guava,Guava Allahabad,Local,2026-07-21,7200,8200,7700.0
Tamil Nadu,Sivaganga,Sivagangai (Uzhavar Sandhai ),Elephant Yam(Suran)/Amorphophallus,Elephant Yam (Suran),Local,2026-07-21,4200,4600,4400.0
Tamil Nadu,Sivaganga,Devakottai (Uzhavar Sandhai ),Cauliflower,Ranchi,Local,2026-07-21,3400,3600,3500.0
Tamil Nadu,Sivaganga,Devakottai (Uzhavar Sandhai ),Brinjal,Round,Local,2026-07-21,4800,5200,5000.0
Tamil Nadu,Sivaganga,Devakottai (Uzhavar Sandhai ),Cluster beans,Cluster Beans,Local,2026-07-21,4200,4400,4300.0
Tamil Nadu,Sivaganga,Devakottai (Uzhavar Sandhai ),Pumpkin,Pumpkin,Local,2026-07-21,2400,2600,2500.0
Tamil Nadu,Sivaganga,Devakottai (Uzhavar Sandhai ),Carrot,Pusakesar,Local,2026-07-21,5800,8200,7000.0
Tamil Nadu,Sivaganga,Devakottai (Uzhavar Sandhai ),Chow Chow,Chow Chow,Local,2026-07-21,2800,3200,3000.0
Tamil Nadu,Sivaganga,Devakottai (Uzhavar Sandhai ),Mango(Raw-Ripe),Mango - Raw-Ripe,Local,2026-07-21,2600,3200,2900.0
Tamil Nadu,Salem,Edapadi (Uzhavar Sandhai ),Onion,Bellary,Local,2026-07-21,3600,4000,3800.0
Tamil Nadu,Salem,Edapadi (Uzhavar Sandhai ),Coriander(Leaves),I Sort,Local,2026-07-21,3400,3800,3600.0
Tamil Nadu,Salem,Edapadi (Uzhavar Sandhai ),Papaya,Papaya,Local,2026-07-21,2500,3000,2750.0
Tamil Nadu,Salem,Edapadi (Uzhavar Sandhai ),Bottle gourd,Bottle Gourd,Local,2026-07-21,2400,2800,2600.0
Tamil Nadu,Salem,Edapadi (Uzhavar Sandhai ),Ashgourd,Gouard,Local,2026-07-21,2000,2500,2250.0
Tamil Nadu,Salem,Edapadi (Uzhavar Sandhai ),Bhindi(Ladies Finger),Bhindi,Local,2026-07-21,2200,2600,2400.0
Tamil Nadu,Salem,Edapadi (Uzhavar Sandhai ),Banana - Green,Banana - Green,Local,2026-07-21,1800,2000,1900.0
Tamil Nadu,Salem,Edapadi (Uzhavar Sandhai ),Coconut,Coconut,Local,2026-07-21,4500,5000,4750.0
Tamil Nadu,Salem,Edapadi (Uzhavar Sandhai ),Beetroot,Beetroot,Local,2026-07-21,7000,7500,7250.0
Tamil Nadu,Salem,Edapadi (Uzhavar Sandhai ),Raddish,Raddish,Local,2026-07-21,3200,3600,3400.0
Tamil Nadu,Salem,Edapadi (Uzhavar Sandhai ),Capsicum,Capsicum,Local,2026-07-21,7500,8000,7750.0
Tamil Nadu,Salem,Edapadi (Uzhavar Sandhai ),Knool Khol,Knool Khol,Local,2026-07-21,5500,6000,5750.0
Tamil Nadu,Salem,Elampillai(Uzhavar Sandhai ),Banana,Red Banana,Local,2026-07-21,6500,7000,6750.0
Tamil Nadu,Salem,Elampillai(Uzhavar Sandhai ),Onion,Bellary,Local,2026-07-21,4000,4000,4000.0
Tamil Nadu,Salem,Elampillai(Uzhavar Sandhai ),Brinjal,Round,Local,2026-07-21,5000,5600,5300.0
Tamil Nadu,Salem,Elampillai(Uzhavar Sandhai ),Tomato,Deshi,Local,2026-07-21,1800,2000,1900.0
Tamil Nadu,Salem,Elampillai(Uzhavar Sandhai ),Green Chilli,Green Chilly,Local,2026-07-21,4400,4400,4400.0
Tamil Nadu,Salem,Elampillai(Uzhavar Sandhai ),Beans,Beans (Whole),Local,2026-07-21,7000,7000,7000.0
Tamil Nadu,Salem,Elampillai(Uzhavar Sandhai ),Snakeguard,Snakeguard,Local,2026-07-21,3400,3800,3600.0
Tamil Nadu,Salem,Elampillai(Uzhavar Sandhai ),Beetroot,Beetroot,Local,2026-07-21,6000,6500,6250.0
Tamil Nadu,Salem,Elampillai(Uzhavar Sandhai ),Capsicum,Capsicum,Local,2026-07-21,9000,9000,9000.0
Tamil Nadu,Salem,Elampillai(Uzhavar Sandhai ),Mint(Pudina),Mint(Pudina),Local,2026-07-21,4500,5000,4750.0
Tamil Nadu,Salem,Hasthampatti(Uzhavar Sandhai ),Mango,Neelam,Local,2026-07-21,4500,5000,4750.0
Tamil Nadu,Salem,Hasthampatti(Uzhavar Sandhai ),Potato,Other,Local,2026-07-21,4000,4500,4250.0
Tamil Nadu,Salem,Hasthampatti(Uzhavar Sandhai ),Cauliflower,Ranchi,Local,2026-07-21,2500,3000,2750.0
Tamil Nadu,Salem,Hasthampatti(Uzhavar Sandhai ),Cluster beans,Cluster Beans,Local,2026-07-21,3600,3800,3700.0
Tamil Nadu,Salem,Hasthampatti(Uzhavar Sandhai ),Bitter gourd,Other,Local,2026-07-21,4500,5000,4750.0
Tamil Nadu,Salem,Hasthampatti(Uzhavar Sandhai ),Pumpkin,Pumpkin,Local,2026-07-21,2000,2400,2200.0
Tamil Nadu,Salem,Hasthampatti(Uzhavar Sandhai ),Green Chilli,Green Chilly,Local,2026-07-21,4000,4200,4100.0
Tamil Nadu,Salem,Hasthampatti(Uzhavar Sandhai ),Beans,Beans (Whole),Local,2026-07-21,6800,7400,7100.0
Tamil Nadu,Salem,Hasthampatti(Uzhavar Sandhai ),Tapioca,Tapioca,Local,2026-07-21,2500,3000,2750.0
Tamil Nadu,Salem,Hasthampatti(Uzhavar Sandhai ),Carrot,Pusakesar,Local,2026-07-21,8500,9000,8750.0
Tamil Nadu,Salem,Hasthampatti(Uzhavar Sandhai ),Mango(Raw-Ripe),Mango - Raw-Ripe,Local,2026-07-21,2500,3000,2750.0
Tamil Nadu,Salem,Hasthampatti(Uzhavar Sandhai ),Elephant Yam(Suran)/Amorphophallus,Elephant Yam (Suran),Local,2026-07-21,3500,4000,3750.0
Tamil Nadu,Salem,Hasthampatti(Uzhavar Sandhai ),Indian Beans(Seam),Indian Beans (Seam),Local,2026-07-21,5500,6000,5750.0
Tamil Nadu,Salem,Hasthampatti(Uzhavar Sandhai ),Onion Green,Onion Green,Local,2026-07-21,4500,4800,4650.0
Tamil Nadu,Salem,Hasthampatti(Uzhavar Sandhai ),Sweet Corn ,Sweet Corn ,Local,2026-07-21,3000,3500,3250.0
Tamil Nadu,Salem,Jalagandapuram(Uzhavar Sandhai ),Cluster beans,Cluster Beans,Local,2026-07-21,3000,3400,3200.0
Tamil Nadu,Salem,Jalagandapuram(Uzhavar Sandhai ),Pumpkin,Pumpkin,Local,2026-07-21,2000,2400,2200.0
Tamil Nadu,Salem,Jalagandapuram(Uzhavar Sandhai ),Green Chilli,Green Chilly,Local,2026-07-21,3600,4000,3800.0
Tamil Nadu,Salem,Jalagandapuram(Uzhavar Sandhai ),Banana - Green,Banana - Green,Local,2026-07-21,2000,2400,2200.0
Tamil Nadu,Salem,Jalagandapuram(Uzhavar Sandhai ),Ginger(Green),Green Ginger,Local,2026-07-21,16000,17000,16500.0
Tamil Nadu,Salem,Jalagandapuram(Uzhavar Sandhai ),Coconut,Coconut,Local,2026-07-21,4500,5000,4750.0
Tamil Nadu,Salem,Jalagandapuram(Uzhavar Sandhai ),Sweet Potato,Hosur Red,Local,2026-07-21,3500,4000,3750.0
Tamil Nadu,Salem,Jalagandapuram(Uzhavar Sandhai ),Carrot,Pusakesar,Local,2026-07-21,7000,8000,7500.0
Tamil Nadu,Salem,Jalagandapuram(Uzhavar Sandhai ),Guava,Guava Allahabad,Local,2026-07-21,5000,6000,5500.0
Tamil Nadu,Salem,Jalagandapuram(Uzhavar Sandhai ),Amla(Nelli Kai),Amla,Local,2026-07-21,6500,7000,6750.0
Tamil Nadu,Salem,Jalagandapuram(Uzhavar Sandhai ),Mint(Pudina),Mint(Pudina),Local,2026-07-21,4000,4500,4250.0
Tamil Nadu,Sivaganga,Singampunari(Uzhavar Sandhai ),Cluster beans,Cluster Beans,Local,2026-07-21,4000,4400,4200.0
Tamil Nadu,Sivaganga,Singampunari(Uzhavar Sandhai ),Banana - Green,Banana - Green,Local,2026-07-21,2500,3000,2750.0
Tamil Nadu,Sivaganga,Singampunari(Uzhavar Sandhai ),Beans,Beans (Whole),Local,2026-07-21,7400,8200,7800.0
Tamil Nadu,Sivaganga,Singampunari(Uzhavar Sandhai ),Ridgeguard(Tori),Ridgeguard(Tori),Local,2026-07-21,3600,4200,3900.0
Tamil Nadu,Sivaganga,Singampunari(Uzhavar Sandhai ),Mango(Raw-Ripe),Mango - Raw-Ripe,Local,2026-07-21,2600,3200,2900.0
Tamil Nadu,Sivaganga,Singampunari(Uzhavar Sandhai ),Knool Khol,Knool Khol,Local,2026-07-21,5600,6200,5900.0
Tamil Nadu,Sivaganga,Singampunari(Uzhavar Sandhai ),Mint(Pudina),Mint(Pudina),Local,2026-07-21,6200,6600,6400.0
Tamil Nadu,Sivaganga,Karaikudi(Uzhavar Sandhai ),Cluster beans,Cluster Beans,Local,2026-07-21,4000,4600,4300.0
Tamil Nadu,Sivaganga,Karaikudi(Uzhavar Sandhai ),Bhindi(Ladies Finger),Bhindi,Local,2026-07-21,3000,4000,3500.0
Tamil Nadu,Sivaganga,Karaikudi(Uzhavar Sandhai ),Ginger(Green),Green Ginger,Local,2026-07-21,22500,23000,22750.0
Tamil Nadu,Sivaganga,Karaikudi(Uzhavar Sandhai ),Coconut,Coconut,Local,2026-07-21,5500,6000,5750.0
Tamil Nadu,Sivaganga,Karaikudi(Uzhavar Sandhai ),Carrot,Pusakesar,Local,2026-07-21,7500,8500,8000.0
Tamil Nadu,Sivaganga,Karaikudi(Uzhavar Sandhai ),Chow Chow,Chow Chow,Local,2026-07-21,2800,3400,3100.0
Tamil Nadu,Sivaganga,Karaikudi(Uzhavar Sandhai ),Knool Khol,Knool Khol,Local,2026-07-21,6000,6500,6250.0
Tamil Nadu,Sivaganga,Karaikudi(Uzhavar Sandhai ),Yam(Ratalu),Yam (Ratalu),Local,2026-07-21,8500,9500,9000.0
Tamil Nadu,Sivaganga,Tirupatthur(Uzhavar Sandhai ),Potato,Red Nanital,Local,2026-07-21,5600,6200,5900.0
Tamil Nadu,Sivaganga,Tirupatthur(Uzhavar Sandhai ),Papaya,Papaya,Local,2026-07-21,3800,4200,4000.0
Tamil Nadu,Sivaganga,Tirupatthur(Uzhavar Sandhai ),Pumpkin,Pumpkin,Local,2026-07-21,2400,2800,2600.0
Tamil Nadu,Sivaganga,Tirupatthur(Uzhavar Sandhai ),Amaranthus,Amaranthus,Local,2026-07-21,3200,4000,3600.0
Tamil Nadu,Sivaganga,Tirupatthur(Uzhavar Sandhai ),Coconut,Coconut,Local,2026-07-21,5400,6000,5700.0
Tamil Nadu,Sivaganga,Tirupatthur(Uzhavar Sandhai ),Green Avare(W),Green Avare (W),Local,2026-07-21,6600,8200,7400.0
Tamil Nadu,Sivaganga,Tirupatthur(Uzhavar Sandhai ),Drumstick,Drumstick,Local,2026-07-21,6400,8200,7300.0
Tamil Nadu,Sivaganga,Tirupatthur(Uzhavar Sandhai ),Elephant Yam(Suran)/Amorphophallus,Elephant Yam (Suran),Local,2026-07-21,4400,4600,4500.0
Tamil Nadu,Thanjavur,Pattukottai(Uzhavar Sandhai ),Potato,Red Nanital,Local,2026-07-21,3000,3000,3000.0
Tamil Nadu,Thanjavur,Pattukottai(Uzhavar Sandhai ),Cauliflower,Ranchi,Local,2026-07-21,4800,4800,4800.0
Tamil Nadu,Thanjavur,Pattukottai(Uzhavar Sandhai ),Cluster beans,Cluster Beans,Local,2026-07-21,4000,4000,4000.0
Tamil Nadu,Thanjavur,Pattukottai(Uzhavar Sandhai ),Coconut,Coconut,Local,2026-07-21,5000,5000,5000.0
Tamil Nadu,Thanjavur,Pattukottai(Uzhavar Sandhai ),Mango(Raw-Ripe),Mango - Raw-Ripe,Local,2026-07-21,2000,3000,2500.0
Tamil Nadu,Thanjavur,Pattukottai(Uzhavar Sandhai ),Jack Fruit(Ripe),Jack Fruit,Local,2026-07-21,2000,2000,2000.0
Tamil Nadu,Thanjavur,Thanjavur(Uzhavar Sandhai ),Beans,Beans (Whole),Local,2026-07-21,6400,6400,6400.0
Tamil Nadu,Thanjavur,Thanjavur(Uzhavar Sandhai ),Ginger(Green),Green Ginger,Local,2026-07-21,13000,20000,16500.0
Tamil Nadu,Thanjavur,Thanjavur(Uzhavar Sandhai ),Snakeguard,Snakeguard,Local,2026-07-21,4400,5400,4900.0
Tamil Nadu,Thanjavur,Thanjavur(Uzhavar Sandhai ),Capsicum,Capsicum,Local,2026-07-21,8600,8600,8600.0
Tamil Nadu,Thanjavur,Thanjavur(Uzhavar Sandhai ),Green Avare(W),Green Avare (W),Local,2026-07-21,7400,9000,8200.0
Tamil Nadu,Thanjavur,Thanjavur(Uzhavar Sandhai ),Mango(Raw-Ripe),Mango - Raw-Ripe,Local,2026-07-21,2400,3000,2700.0
Tamil Nadu,Thanjavur,Thanjavur(Uzhavar Sandhai ),Knool Khol,Knool Khol,Local,2026-07-21,5600,5600,5600.0
Tamil Nadu,Thanjavur,Thanjavur(Uzhavar Sandhai ),Guava,Guava Allahabad,Local,2026-07-21,8000,8000,8000.0
Tamil Nadu,Thanjavur,Thanjavur(Uzhavar Sandhai ),Indian Beans(Seam),Indian Beans (Seam),Local,2026-07-21,6600,6600,6600.0
Tamil Nadu,Thanjavur,Thanjavur(Uzhavar Sandhai ),Lemon,Lemon,Local,2026-07-21,3000,3000,3000.0
Tamil Nadu,Thanjavur,Thanjavur(Uzhavar Sandhai ),Mashrooms,Mashrooms,Local,2026-07-21,25000,25000,25000.0
Tamil Nadu,Thiruchirappalli,Lalgudi(Uzhavar Sandhai ),Onion,Bellary,Local,2026-07-21,3500,4400,3950.0
Tamil Nadu,Thiruchirappalli,Lalgudi(Uzhavar Sandhai ),Potato,Other,Local,2026-07-21,3000,3000,3000.0
Tamil Nadu,Thiruchirappalli,Lalgudi(Uzhavar Sandhai ),Chow Chow,Chow Chow,Local,2026-07-21,4000,4000,4000.0
Tamil Nadu,Thiruchirappalli,Lalgudi(Uzhavar Sandhai ),Onion Green,Onion Green,Local,2026-07-21,6500,7000,6750.0
Tamil Nadu,Thiruchirappalli,Manapparai(Uzhavar Sandhai ),Coriander(Leaves),I Sort,Local,2026-07-21,5000,5000,5000.0
Tamil Nadu,Thiruchirappalli,Manapparai(Uzhavar Sandhai ),Papaya,Papaya,Local,2026-07-21,4000,4000,4000.0
Tamil Nadu,Thiruchirappalli,Manapparai(Uzhavar Sandhai ),Bitter gourd,Other,Local,2026-07-21,7000,7000,7000.0
Tamil Nadu,Thiruchirappalli,Manapparai(Uzhavar Sandhai ),Amaranthus,Amaranthus,Local,2026-07-21,2000,2000,2000.0
Tamil Nadu,Thiruchirappalli,Manapparai(Uzhavar Sandhai ),Banana - Green,Banana - Green,Local,2026-07-21,3000,3000,3000.0
Tamil Nadu,Thiruchirappalli,Manapparai(Uzhavar Sandhai ),Coconut,Coconut,Local,2026-07-21,6000,6000,6000.0
Tamil Nadu,Thiruchirappalli,Manapparai(Uzhavar Sandhai ),Carrot,Pusakesar,Local,2026-07-21,9000,9000,9000.0
Tamil Nadu,Thiruchirappalli,Manapparai(Uzhavar Sandhai ),Beetroot,Beetroot,Local,2026-07-21,5000,5000,5000.0
Tamil Nadu,Thiruchirappalli,Manapparai(Uzhavar Sandhai ),Mango(Raw-Ripe),Mango - Raw-Ripe,Local,2026-07-21,3000,3000,3000.0
Tamil Nadu,Thiruchirappalli,Manapparai(Uzhavar Sandhai ),Lemon,Lemon,Local,2026-07-21,5000,5000,5000.0
Tamil Nadu,Thiruchirappalli,Musiri(Uzhavar Sandhai ),Onion,Bellary,Local,2026-07-21,3500,4500,4000.0
Tamil Nadu,Thiruchirappalli,Musiri(Uzhavar Sandhai ),Potato,Other,Local,2026-07-21,2600,3000,2800.0
Tamil Nadu,Thiruchirappalli,Musiri(Uzhavar Sandhai ),Coriander(Leaves),I Sort,Local,2026-07-21,4500,5000,4750.0
Tamil Nadu,Thiruchirappalli,Musiri(Uzhavar Sandhai ),Cluster beans,Cluster Beans,Local,2026-07-21,4000,4600,4300.0
Tamil Nadu,Thiruchirappalli,Musiri(Uzhavar Sandhai ),Betal Leaves,Mysore,Local,2026-07-21,7000,8000,7500.0
Tamil Nadu,Thiruchirappalli,Musiri(Uzhavar Sandhai ),Beetroot,Beetroot,Local,2026-07-21,5000,5500,5250.0
Tamil Nadu,Thiruchirappalli,Musiri(Uzhavar Sandhai ),Ridgeguard(Tori),Ridgeguard(Tori),Local,2026-07-21,5000,6000,5500.0
Tamil Nadu,Thiruchirappalli,Musiri(Uzhavar Sandhai ),Raddish,Raddish,Local,2026-07-21,3600,4000,3800.0
Tamil Nadu,Thiruchirappalli,Musiri(Uzhavar Sandhai ),Drumstick,Drumstick,Local,2026-07-21,6000,7000,6500.0
Tamil Nadu,Thiruchirappalli,Musiri(Uzhavar Sandhai ),Mango(Raw-Ripe),Mango - Raw-Ripe,Local,2026-07-21,2500,3000,2750.0
Tamil Nadu,Thiruchirappalli,Musiri(Uzhavar Sandhai ),Tender Coconut,Tender Coconut,Local,2026-07-21,3500,4000,3750.0
Tamil Nadu,Thiruchirappalli,Musiri(Uzhavar Sandhai ),Elephant Yam(Suran)/Amorphophallus,Elephant Yam (Suran),Local,2026-07-21,4000,4600,4300.0
Tamil Nadu,Thiruchirappalli,Musiri(Uzhavar Sandhai ),Mashrooms,Mashrooms,Local,2026-07-21,18000,20000,19000.0
Tamil Nadu,Thiruchirappalli,Thiruverumbur(Uzhavar Sandhai ),Garlic,Garlic,Local,2026-07-21,18000,26000,22000.0
Tamil Nadu,Thiruchirappalli,Thiruverumbur(Uzhavar Sandhai ),Ashgourd,Gouard,Local,2026-07-21,2400,2400,2400.0
Tamil Nadu,Thiruchirappalli,Thiruverumbur(Uzhavar Sandhai ),Green Chilli,Green Chilly,Local,2026-07-21,4800,4800,4800.0
Tamil Nadu,Thiruchirappalli,Thiruverumbur(Uzhavar Sandhai ),Cabbage,Cabbage,Local,2026-07-21,4200,4200,4200.0
Tamil Nadu,Thiruchirappalli,Thiruverumbur(Uzhavar Sandhai ),Lemon,Lemon,Local,2026-07-21,5000,5000,5000.0
Tamil Nadu,Villupuram,Gingee(Uzhavar Sandhai ),Onion,Bellary,Local,2026-07-21,3500,4000,3750.0
Tamil Nadu,Villupuram,Gingee(Uzhavar Sandhai ),Bottle gourd,Bottle Gourd,Local,2026-07-21,3000,3000,3000.0
Tamil Nadu,Villupuram,Gingee(Uzhavar Sandhai ),Pumpkin,Pumpkin,Local,2026-07-21,2000,2000,2000.0
Tamil Nadu,Villupuram,Gingee(Uzhavar Sandhai ),Tender Coconut,Tender Coconut,Local,2026-07-21,3500,4000,3750.0
Tamil Nadu,Virudhunagar,Rajapalayam(Uzhavar Sandhai ),Banana,Besrai,Local,2026-07-21,3500,4000,3750.0
Tamil Nadu,Virudhunagar,Rajapalayam(Uzhavar Sandhai ),Amaranthus,Amaranthus,Local,2026-07-21,2500,3000,2750.0
Tamil Nadu,Virudhunagar,Rajapalayam(Uzhavar Sandhai ),Green Chilli,Green Chilly,Local,2026-07-21,6000,7000,6500.0
Tamil Nadu,Virudhunagar,Rajapalayam(Uzhavar Sandhai ),Beans,Beans (Whole),Local,2026-07-21,7000,8000,7500.0
Tamil Nadu,Virudhunagar,Rajapalayam(Uzhavar Sandhai ),Cabbage,Cabbage,Local,2026-07-21,4000,4500,4250.0
Tamil Nadu,Virudhunagar,Rajapalayam(Uzhavar Sandhai ),Raddish,Raddish,Local,2026-07-21,3500,4000,3750.0
Tamil Nadu,Virudhunagar,Rajapalayam(Uzhavar Sandhai ),Chow Chow,Chow Chow,Local,2026-07-21,3000,3500,3250.0
Tamil Nadu,Virudhunagar,Rajapalayam(Uzhavar Sandhai ),Onion Green,Onion Green,Local,2026-07-21,6000,7000,6500.0
Tamil Nadu,Virudhunagar,Kariyapatti(Uzhavar Sandhai ),Banana,Besrai,Local,2026-07-21,3500,4000,3750.0
Tamil Nadu,Virudhunagar,Kariyapatti(Uzhavar Sandhai ),Onion,Bellary,Local,2026-07-21,3500,4000,3750.0
Tamil Nadu,Virudhunagar,Kariyapatti(Uzhavar Sandhai ),Cauliflower,Ranchi,Local,2026-07-21,3000,3500,3250.0
Tamil Nadu,Virudhunagar,Kariyapatti(Uzhavar Sandhai ),Chikoos(Sapota),Sapota,Local,2026-07-21,3500,4000,3750.0
Tamil Nadu,Virudhunagar,Kariyapatti(Uzhavar Sandhai ),Coconut,Coconut,Local,2026-07-21,4500,5000,4750.0
Tamil Nadu,Virudhunagar,Kariyapatti(Uzhavar Sandhai ),Cabbage,Cabbage,Local,2026-07-21,4000,4500,4250.0
Tamil Nadu,Virudhunagar,Kariyapatti(Uzhavar Sandhai ),Mint(Pudina),Mint(Pudina),Local,2026-07-21,7500,8000,7750.0
Tamil Nadu,Virudhunagar,Sathur(Uzhavar Sandhai ),Potato,Red Nanital,Local,2026-07-21,3500,4000,3750.0
Tamil Nadu,Virudhunagar,Sathur(Uzhavar Sandhai ),Brinjal,Round,Local,2026-07-21,3500,4000,3750.0
Tamil Nadu,Virudhunagar,Sathur(Uzhavar Sandhai ),Green Chilli,Green Chilly,Local,2026-07-21,5500,6000,5750.0
Tamil Nadu,Virudhunagar,Sathur(Uzhavar Sandhai ),Banana - Green,Banana - Green,Local,2026-07-21,3500,4000,3750.0
Tamil Nadu,Virudhunagar,Sathur(Uzhavar Sandhai ),Carrot,Pusakesar,Local,2026-07-21,5500,6000,5750.0
Tamil Nadu,Virudhunagar,Sathur(Uzhavar Sandhai ),Snakeguard,Snakeguard,Local,2026-07-21,3500,4000,3750.0
Tamil Nadu,Virudhunagar,Sathur(Uzhavar Sandhai ),Lemon,Lemon,Local,2026-07-21,5500,6000,5750.0
Tamil Nadu,Virudhunagar,Thalavaipuram(Uzhavar Sandhai ),Banana - Green,Banana - Green,Local,2026-07-21,3000,3500,3250.0
Tamil Nadu,Virudhunagar,Thalavaipuram(Uzhavar Sandhai ),Coconut,Coconut,Local,2026-07-21,4500,5500,5000.0
Tamil Nadu,Virudhunagar,Thalavaipuram(Uzhavar Sandhai ),Carrot,Pusakesar,Local,2026-07-21,5000,6000,5500.0
Tamil Nadu,Virudhunagar,Thalavaipuram(Uzhavar Sandhai ),Guava,Guava Allahabad,Local,2026-07-21,3500,4000,3750.0
Tamil Nadu,Virudhunagar,Thalavaipuram(Uzhavar Sandhai ),Yam(Ratalu),Yam (Ratalu),Local,2026-07-21,8000,10000,9000.0
Tamil Nadu,Chengalpattu,Chengalpet(Uzhavar Sandhai ),Green Avare(W),Green Avare (W),Local,2026-07-21,6000,7000,6500.0
Tamil Nadu,Chengalpattu,Madhuranthagam(Uzhavar Sandhai ),Bottle gourd,Bottle Gourd,Local,2026-07-21,4000,4000,4000.0
Tamil Nadu,Chengalpattu,Madhuranthagam(Uzhavar Sandhai ),Green Chilli,Green Chilly,Local,2026-07-21,4000,4000,4000.0
Tamil Nadu,Chengalpattu,Madhuranthagam(Uzhavar Sandhai ),Onion Green,Onion Green,Local,2026-07-21,6000,6000,6000.0
Tamil Nadu,Chengalpattu,Nanganallur(Uzhavar Sandhai ),Mango,Safeda,Local,2026-07-21,4000,4000,4000.0
Tamil Nadu,Chengalpattu,Nanganallur(Uzhavar Sandhai ),Cluster beans,Cluster Beans,Local,2026-07-21,4000,5000,4500.0
Tamil Nadu,Chengalpattu,Nanganallur(Uzhavar Sandhai ),Bottle gourd,Bottle Gourd,Local,2026-07-21,5000,6000,5500.0
Tamil Nadu,Chengalpattu,Nanganallur(Uzhavar Sandhai ),Ashgourd,Gouard,Local,2026-07-21,2500,3000,2750.0
Tamil Nadu,Chengalpattu,Nanganallur(Uzhavar Sandhai ),Beans,Beans (Whole),Local,2026-07-21,5000,6000,5500.0
Tamil Nadu,Chengalpattu,Nanganallur(Uzhavar Sandhai ),Coconut,Coconut,Local,2026-07-21,5000,6000,5500.0
Tamil Nadu,Chengalpattu,Nanganallur(Uzhavar Sandhai ),Cabbage,Cabbage,Local,2026-07-21,4000,5000,4500.0
Tamil Nadu,Chengalpattu,Nanganallur(Uzhavar Sandhai ),Mango(Raw-Ripe),Mango - Raw-Ripe,Local,2026-07-21,3500,4000,3750.0
Tamil Nadu,Chengalpattu,Nanganallur(Uzhavar Sandhai ),Guava,Guava Allahabad,Local,2026-07-21,5000,6000,5500.0
Tamil Nadu,Chengalpattu,Nanganallur(Uzhavar Sandhai ),Lemon,Lemon,Local,2026-07-21,7000,8000,7500.0
Tamil Nadu,Chengalpattu,Nanganallur(Uzhavar Sandhai ),Onion Green,Onion Green,Local,2026-07-21,7000,8000,7500.0
Tamil Nadu,Chengalpattu,Nanganallur(Uzhavar Sandhai ),Mint(Pudina),Mint(Pudina),Local,2026-07-21,4000,5000,4500.0
Tamil Nadu,Chengalpattu,Pallavaram(Uzhavar Sandhai ),Cauliflower,Ranchi,Local,2026-07-21,2500,3000,2750.0
Tamil Nadu,Chengalpattu,Pallavaram(Uzhavar Sandhai ),Brinjal,Round,Local,2026-07-21,4000,5000,4500.0
Tamil Nadu,Chengalpattu,Pallavaram(Uzhavar Sandhai ),Cowpea(Veg),Cowpea (Veg),Local,2026-07-21,7000,8000,7500.0
Tamil Nadu,Chengalpattu,Pallavaram(Uzhavar Sandhai ),Banana - Green,Banana - Green,Local,2026-07-21,3500,4000,3750.0
Tamil Nadu,Chengalpattu,Pallavaram(Uzhavar Sandhai ),Sweet Potato,Hosur Red,Local,2026-07-21,5000,6000,5500.0
Tamil Nadu,Chengalpattu,Pallavaram(Uzhavar Sandhai ),Cabbage,Cabbage,Local,2026-07-21,3000,3500,3250.0
Tamil Nadu,Chengalpattu,Pallavaram(Uzhavar Sandhai ),Snakeguard,Snakeguard,Local,2026-07-21,4000,5000,4500.0
Tamil Nadu,Chengalpattu,Pallavaram(Uzhavar Sandhai ),Thondekai,Thondekai,Local,2026-07-21,4000,5000,4500.0
Tamil Nadu,Chengalpattu,Pallavaram(Uzhavar Sandhai ),Capsicum,Capsicum,Local,2026-07-21,8000,9000,8500.0
Tamil Nadu,Chengalpattu,Pallavaram(Uzhavar Sandhai ),Knool Khol,Knool Khol,Local,2026-07-21,7000,8000,7500.0
Tamil Nadu,Chengalpattu,Pallavaram(Uzhavar Sandhai ),Elephant Yam(Suran)/Amorphophallus,Elephant Yam (Suran),Local,2026-07-21,6000,7000,6500.0
Tamil Nadu,Chengalpattu,Pallavaram(Uzhavar Sandhai ),Colacasia,Colacasia,Local,2026-07-21,4000,5000,4500.0
Tamil Nadu,Chengalpattu,Pallavaram(Uzhavar Sandhai ),Onion Green,Onion Green,Local,2026-07-21,6000,7000,6500.0
Tamil Nadu,Nagercoil (Kannyiakumari),Myladi(Uzhavar Sandhai ),Pineapple,Pine Apple,Local,2026-07-21,4500,5000,4750.0
Tamil Nadu,Nagercoil (Kannyiakumari),Myladi(Uzhavar Sandhai ),Grapes,Annabesahai,Local,2026-07-21,6500,7000,6750.0
Tamil Nadu,Nagercoil (Kannyiakumari),Myladi(Uzhavar Sandhai ),Onion,Bellary,Local,2026-07-21,3500,4000,3750.0
Tamil Nadu,Nagercoil (Kannyiakumari),Myladi(Uzhavar Sandhai ),Garlic,Garlic,Local,2026-07-21,14000,15000,14500.0
Tamil Nadu,Nagercoil (Kannyiakumari),Myladi(Uzhavar Sandhai ),Brinjal,Round,Local,2026-07-21,4500,5000,4750.0
Tamil Nadu,Nagercoil (Kannyiakumari),Myladi(Uzhavar Sandhai ),Ashgourd,Gouard,Local,2026-07-21,3000,3500,3250.0
Tamil Nadu,Nagercoil (Kannyiakumari),Myladi(Uzhavar Sandhai ),Banana - Green,Banana - Green,Local,2026-07-21,4500,5000,4750.0
Tamil Nadu,Nagercoil (Kannyiakumari),Myladi(Uzhavar Sandhai ),Beans,Beans (Whole),Local,2026-07-21,7500,8000,7750.0
Tamil Nadu,Nagercoil (Kannyiakumari),Myladi(Uzhavar Sandhai ),Guava,Guava Allahabad,Local,2026-07-21,5500,6000,5750.0
Tamil Nadu,Nagercoil (Kannyiakumari),Myladi(Uzhavar Sandhai ),Pomegranate,Pomogranate,Local,2026-07-21,19000,20000,19500.0
Tamil Nadu,Chengalpattu,Jameenrayapettai(Uzhavar Sandhai ),Coriander(Leaves),I Sort,Local,2026-07-21,8000,9000,8500.0
Tamil Nadu,Chengalpattu,Jameenrayapettai(Uzhavar Sandhai ),Water Melon,Water Melon,Local,2026-07-21,2000,2500,2250.0
Tamil Nadu,Chengalpattu,Jameenrayapettai(Uzhavar Sandhai ),Tomato,Other,Local,2026-07-21,1800,2000,1900.0
Tamil Nadu,Chengalpattu,Jameenrayapettai(Uzhavar Sandhai ),Cluster beans,Cluster Beans,Local,2026-07-21,5000,6000,5500.0
Tamil Nadu,Chengalpattu,Jameenrayapettai(Uzhavar Sandhai ),Bitter gourd,Other,Local,2026-07-21,6000,7000,6500.0
Tamil Nadu,Chengalpattu,Jameenrayapettai(Uzhavar Sandhai ),Bottle gourd,Bottle Gourd,Local,2026-07-21,3500,4000,3750.0
Tamil Nadu,Chengalpattu,Jameenrayapettai(Uzhavar Sandhai ),Pumpkin,Pumpkin,Local,2026-07-21,2500,3000,2750.0
Tamil Nadu,Chengalpattu,Jameenrayapettai(Uzhavar Sandhai ),Tapioca,Tapioca,Local,2026-07-21,3500,4000,3750.0
Tamil Nadu,Chengalpattu,Jameenrayapettai(Uzhavar Sandhai ),Ginger(Green),Green Ginger,Local,2026-07-21,16000,18000,17000.0
Tamil Nadu,Chengalpattu,Jameenrayapettai(Uzhavar Sandhai ),Carrot,Pusakesar,Local,2026-07-21,10000,11000,10500.0
Tamil Nadu,Chengalpattu,Jameenrayapettai(Uzhavar Sandhai ),Cucumbar(Kheera),Cucumbar,Local,2026-07-21,5000,6000,5500.0
Tamil Nadu,Chengalpattu,Jameenrayapettai(Uzhavar Sandhai ),Elephant Yam(Suran)/Amorphophallus,Elephant Yam (Suran),Local,2026-07-21,6000,7000,6500.0
Tamil Nadu,Chengalpattu,Jameenrayapettai(Uzhavar Sandhai ),Yam(Ratalu),Yam (Ratalu),Local,2026-07-21,6000,7000,6500.0
Tamil Nadu,Chengalpattu,Jameenrayapettai(Uzhavar Sandhai ),Colacasia,Colacasia,Local,2026-07-21,4000,5000,4500.0
Tamil Nadu,Chengalpattu,Jameenrayapettai(Uzhavar Sandhai ),Onion Green,Onion Green,Local,2026-07-21,6000,7000,6500.0
Andhra Pradesh,Palnadu,Gurazala APMC,Chili Red,Red,Grade Range-1,2026-07-21,15000,27500,23500.0
Tamil Nadu,Thirupathur,Natrampalli(Uzhavar Sandhai ),Banana,Besrai,Local,2026-07-21,4000,5000,4500.0
Tamil Nadu,Thirupathur,Natrampalli(Uzhavar Sandhai ),Papaya,Papaya,Local,2026-07-21,2500,3000,2750.0
Tamil Nadu,Thirupathur,Natrampalli(Uzhavar Sandhai ),Banana - Green,Banana - Green,Local,2026-07-21,2500,3000,2750.0
Tamil Nadu,Thirupathur,Natrampalli(Uzhavar Sandhai ),Cabbage,Cabbage,Local,2026-07-21,2500,3000,2750.0
Tamil Nadu,Thirupathur,Natrampalli(Uzhavar Sandhai ),Snakeguard,Snakeguard,Local,2026-07-21,3000,4000,3500.0
Tamil Nadu,Thirupathur,Natrampalli(Uzhavar Sandhai ),Beetroot,Beetroot,Local,2026-07-21,4000,5000,4500.0
Tamil Nadu,Thirupathur,Natrampalli(Uzhavar Sandhai ),Mango(Raw-Ripe),Mango - Raw-Ripe,Local,2026-07-21,1500,2000,1750.0
Tamil Nadu,Thirupathur,Natrampalli(Uzhavar Sandhai ),Lemon,Lemon,Local,2026-07-21,4000,5000,4500.0
Tamil Nadu,Thirupathur,Natrampalli(Uzhavar Sandhai ),Onion Green,Onion Green,Local,2026-07-21,5000,6000,5500.0
Tamil Nadu,Thirupur,Dharapuram(Uzhavar Sandhai ),Banana,Besrai,Local,2026-07-21,3500,4000,3750.0
Tamil Nadu,Thirupur,Dharapuram(Uzhavar Sandhai ),Onion,Bellary,Local,2026-07-21,3500,4000,3750.0
Tamil Nadu,Thirupur,Dharapuram(Uzhavar Sandhai ),Bottle gourd,Bottle Gourd,Local,2026-07-21,1500,2000,1750.0
Tamil Nadu,Thirupur,Dharapuram(Uzhavar Sandhai ),Green Chilli,Green Chilly,Local,2026-07-21,4500,5500,5000.0
Tamil Nadu,Thirupur,Dharapuram(Uzhavar Sandhai ),Beans,Beans (Whole),Local,2026-07-21,8000,9000,8500.0
Tamil Nadu,Thirupur,Dharapuram(Uzhavar Sandhai ),Coconut,Coconut,Local,2026-07-21,4500,5000,4750.0
Tamil Nadu,Thirupur,Dharapuram(Uzhavar Sandhai ),Raddish,Raddish,Local,2026-07-21,2500,3000,2750.0
Tamil Nadu,Thirupur,Palladam(Uzhavar Sandhai ),Cauliflower,Ranchi,Local,2026-07-21,3500,4000,3750.0
Tamil Nadu,Thirupur,Palladam(Uzhavar Sandhai ),Ashgourd,Gouard,Local,2026-07-21,1500,2000,1750.0
Tamil Nadu,Thirupur,Palladam(Uzhavar Sandhai ),Coconut,Coconut,Local,2026-07-21,4000,4500,4250.0
Tamil Nadu,Thirupur,Palladam(Uzhavar Sandhai ),Snakeguard,Snakeguard,Local,2026-07-21,3500,4000,3750.0
Tamil Nadu,Thirupur,Palladam(Uzhavar Sandhai ),Ridgeguard(Tori),Ridgeguard(Tori),Local,2026-07-21,4000,5000,4500.0
Tamil Nadu,Thirupur,Palladam(Uzhavar Sandhai ),Lemon,Lemon,Local,2026-07-21,8000,9000,8500.0
Tamil Nadu,Thirupur,Palladam(Uzhavar Sandhai ),Onion Green,Onion Green,Local,2026-07-21,5000,6000,5500.0
Tamil Nadu,Coimbatore,Vadavalli(Uzhavar Sandhai ),Bitter gourd,Other,Local,2026-07-21,5000,6000,5500.0
Tamil Nadu,Coimbatore,Vadavalli(Uzhavar Sandhai ),Sweet Potato,Hosur Red,Local,2026-07-21,3500,4000,3750.0
Tamil Nadu,Coimbatore,Vadavalli(Uzhavar Sandhai ),Chow Chow,Chow Chow,Local,2026-07-21,2800,3200,3000.0
Tamil Nadu,Coimbatore,Vadavalli(Uzhavar Sandhai ),Karbuja(Musk Melon),Karbhuja,Local,2026-07-21,3000,3500,3250.0
Tamil Nadu,Coimbatore,Vadavalli(Uzhavar Sandhai ),Amla(Nelli Kai),Amla,Local,2026-07-21,8000,9000,8500.0
Tamil Nadu,Dindigul,Vedasanthur(Uzhavar Sandhai ),Brinjal,Other,Local,2026-07-21,6000,6000,6000.0
Uttar Pradesh,Bulandshahar,Gulavati APMC,Colacasia,Other,FAQ,2026-07-21,4000,4200,4100.0
Uttar Pradesh,Bulandshahar,Gulavati APMC,Lemon,Other,FAQ,2026-07-21,9000,9200,9100.0
Tripura,South Tripura,Barpathari APMC,Bhindi(Ladies Finger),Bhindi,Local,2026-07-21,4900,5100,5000.0
Tamil Nadu,Erode,Gobichettipalayam(Uzhavar Sandhai ),Tomato,Deshi,Local,2026-07-21,2000,2200,2100.0
Tamil Nadu,Erode,Gobichettipalayam(Uzhavar Sandhai ),Ginger(Green),Green Ginger,Local,2026-07-21,15200,15500,15350.0
Tamil Nadu,Erode,Gobichettipalayam(Uzhavar Sandhai ),Green Avare(W),Green Avare (W),Local,2026-07-21,6000,6500,6250.0
Tamil Nadu,Erode,Gobichettipalayam(Uzhavar Sandhai ),Elephant Yam(Suran)/Amorphophallus,Elephant Yam (Suran),Local,2026-07-21,4200,4500,4350.0
Tamil Nadu,Erode,Gobichettipalayam(Uzhavar Sandhai ),Onion Green,Onion Green,Local,2026-07-21,5000,5500,5250.0
Tamil Nadu,Vellore,Pallikonda(Uzhavar Sandhai),Coriander(Leaves),I Sort,Local,2026-07-21,5500,5500,5500.0
Tamil Nadu,Vellore,Pallikonda(Uzhavar Sandhai),Ashgourd,Gouard,Local,2026-07-21,2500,2500,2500.0
Tamil Nadu,Vellore,Pallikonda(Uzhavar Sandhai),Bhindi(Ladies Finger),Bhindi,Local,2026-07-21,3500,3500,3500.0
Tamil Nadu,Vellore,Pallikonda(Uzhavar Sandhai),Green Chilli,Green Chilly,Local,2026-07-21,5000,5000,5000.0
Tamil Nadu,Vellore,Pallikonda(Uzhavar Sandhai),Cabbage,Cabbage,Local,2026-07-21,4500,4500,4500.0
Tamil Nadu,Vellore,Pallikonda(Uzhavar Sandhai),Beetroot,Beetroot,Local,2026-07-21,3500,3500,3500.0
Tamil Nadu,Vellore,Pallikonda(Uzhavar Sandhai),Tender Coconut,Tender Coconut,Local,2026-07-21,3000,3500,3250.0
Tamil Nadu,Vellore,Pallikonda(Uzhavar Sandhai),Lemon,Lemon,Local,2026-07-21,9000,9000,9000.0
Tamil Nadu,Pudukkottai,Ponnamaravathi(Uzhavar Sandhai),Papaya,Papaya,Local,2026-07-21,2500,3000,2750.0
Tamil Nadu,Pudukkottai,Ponnamaravathi(Uzhavar Sandhai),Pumpkin,Pumpkin,Local,2026-07-21,1000,1500,1250.0
Tamil Nadu,Pudukkottai,Ponnamaravathi(Uzhavar Sandhai),Lemon,Lemon,Local,2026-07-21,4500,5000,4750.0
Telangana,Karimnagar,Huzzurabad APMC,Paddy(Common),1001,FAQ,2026-07-21,2369,2389,2369.0
Tamil Nadu,Nagapattinam,Mayiladuthurai(Uzhavar Sandhai ),Potato,Red Nanital,Local,2026-07-21,3000,3000,3000.0
Tamil Nadu,Nagapattinam,Mayiladuthurai(Uzhavar Sandhai ),Cauliflower,Ranchi,Local,2026-07-21,5000,5000,5000.0
Tamil Nadu,Nagapattinam,Mayiladuthurai(Uzhavar Sandhai ),Coriander(Leaves),I Sort,Local,2026-07-21,3500,4000,3750.0
Tamil Nadu,Nagapattinam,Mayiladuthurai(Uzhavar Sandhai ),Tomato,Deshi,Local,2026-07-21,2000,2500,2250.0
Tamil Nadu,Nagapattinam,Mayiladuthurai(Uzhavar Sandhai ),Bitter gourd,Bitter Gourd,Local,2026-07-21,6000,7000,6500.0
Tamil Nadu,Nagapattinam,Mayiladuthurai(Uzhavar Sandhai ),Cabbage,Cabbage,Local,2026-07-21,4000,4000,4000.0
Tamil Nadu,Nagapattinam,Mayiladuthurai(Uzhavar Sandhai ),Ridgeguard(Tori),Ridgeguard(Tori),Local,2026-07-21,5500,6000,5750.0
Tamil Nadu,Pudukkottai,Viralimalai(Uzhavar Sandhai ),Banana,Red Banana,Local,2026-07-21,7000,8000,7500.0
Tamil Nadu,Pudukkottai,Viralimalai(Uzhavar Sandhai ),Coriander(Leaves),I Sort,Local,2026-07-21,4500,5000,4750.0
Tamil Nadu,Pudukkottai,Viralimalai(Uzhavar Sandhai ),Ashgourd,Gouard,Local,2026-07-21,1000,1500,1250.0
Tamil Nadu,Pudukkottai,Viralimalai(Uzhavar Sandhai ),Pumpkin,Pumpkin,Local,2026-07-21,1000,1500,1250.0
Tamil Nadu,Pudukkottai,Viralimalai(Uzhavar Sandhai ),Ridgeguard(Tori),Ridgeguard(Tori),Local,2026-07-21,7000,8000,7500.0
Tamil Nadu,Pudukkottai,Viralimalai(Uzhavar Sandhai ),Lemon,Lemon,Local,2026-07-21,4500,5000,4750.0
Tamil Nadu,Ramanathapuram,Kamuthi(Uzhavar Sandhai ),Brinjal,Round,Local,2026-07-21,5500,6000,5750.0
Tamil Nadu,Ramanathapuram,Kamuthi(Uzhavar Sandhai ),Bhindi(Ladies Finger),Bhindi,Local,2026-07-21,4000,4200,4100.0
Tamil Nadu,Ramanathapuram,Paramakudi(Uzhavar Sandhai ),Potato,Red Nanital,Local,2026-07-21,4500,5000,4750.0
Tamil Nadu,Ramanathapuram,Paramakudi(Uzhavar Sandhai ),Cluster beans,Cluster Beans,Local,2026-07-21,3500,4000,3750.0
Tamil Nadu,Ramanathapuram,Paramakudi(Uzhavar Sandhai ),Ashgourd,Gouard,Local,2026-07-21,2000,2200,2100.0
Tamil Nadu,Ramanathapuram,Paramakudi(Uzhavar Sandhai ),Amaranthus,Amaranthus,Local,2026-07-21,3800,4000,3900.0
Tamil Nadu,Ramanathapuram,Paramakudi(Uzhavar Sandhai ),Ginger(Green),Green Ginger,Local,2026-07-21,18000,20000,19000.0
Tamil Nadu,Ramanathapuram,Paramakudi(Uzhavar Sandhai ),Jasmine,Jasmine,Local,2026-07-21,45000,50000,47500.0
Tamil Nadu,Ramanathapuram,Paramakudi(Uzhavar Sandhai ),Kakada,Kakada,Local,2026-07-21,38000,40000,39000.0
Tamil Nadu,Ramanathapuram,Paramakudi(Uzhavar Sandhai ),Marigold(Calcutta),Marigold(Calcutta),Local,2026-07-21,8000,9000,8500.0
Tamil Nadu,Ramanathapuram,Paramakudi(Uzhavar Sandhai ),Lemon,Lemon,Local,2026-07-21,8500,9000,8750.0
Tamil Nadu,Ramanathapuram,Paramakudi(Uzhavar Sandhai ),Mint(Pudina),Mint(Pudina),Local,2026-07-21,6500,7000,6750.0
Tamil Nadu,Ramanathapuram,Ramanathapuram(Uzhavar Sandhai ),Banana,Besrai,Local,2026-07-21,5000,5500,5250.0
Tamil Nadu,Ramanathapuram,Ramanathapuram(Uzhavar Sandhai ),Potato,Red Nanital,Local,2026-07-21,4800,5000,4900.0
Tamil Nadu,Ramanathapuram,Ramanathapuram(Uzhavar Sandhai ),Tomato,Deshi,Local,2026-07-21,2500,3000,2750.0
Tamil Nadu,Ramanathapuram,Ramanathapuram(Uzhavar Sandhai ),Bitter gourd,Bitter Gourd,Local,2026-07-21,5500,6000,5750.0
Tamil Nadu,Ramanathapuram,Ramanathapuram(Uzhavar Sandhai ),Beetroot,Beetroot,Local,2026-07-21,5000,5500,5250.0
Tamil Nadu,Ramanathapuram,Ramanathapuram(Uzhavar Sandhai ),Tender Coconut,Tender Coconut,Local,2026-07-21,6000,6500,6250.0
Tamil Nadu,Ramanathapuram,Ramanathapuram(Uzhavar Sandhai ),Kakada,Kakada,Local,2026-07-21,40000,45000,42500.0
Tamil Nadu,Ramanathapuram,Ramanathapuram(Uzhavar Sandhai ),Colacasia,Colacasia,Local,2026-07-21,7000,7500,7250.0
Tamil Nadu,Pudukkottai,Alangudi(Uzhavar Sandhai ),Potato,Other,Local,2026-07-21,6000,7000,6500.0
Tamil Nadu,Pudukkottai,Alangudi(Uzhavar Sandhai ),Brinjal,Other,Local,2026-07-21,6000,7000,6500.0
Tamil Nadu,Pudukkottai,Alangudi(Uzhavar Sandhai ),Tomato,Other,Local,2026-07-21,2500,3000,2750.0
Tamil Nadu,Pudukkottai,Alangudi(Uzhavar Sandhai ),Amaranthus,Amaranthus,Local,2026-07-21,1500,2000,1750.0
Tamil Nadu,Pudukkottai,Alangudi(Uzhavar Sandhai ),Drumstick,Drumstick,Local,2026-07-21,6000,7000,6500.0
Tamil Nadu,Pudukkottai,Alangudi(Uzhavar Sandhai ),Mango(Raw-Ripe),Mango - Raw-Ripe,Local,2026-07-21,2500,3000,2750.0
Tamil Nadu,Thiruvannamalai,Arani(Uzhavar Sandhai ),Banana,Other,Local,2026-07-21,5000,6000,5500.0
Tamil Nadu,Thiruvannamalai,Arani(Uzhavar Sandhai ),Onion,Bellary,Local,2026-07-21,3500,4000,3750.0
Tamil Nadu,Thiruvannamalai,Arani(Uzhavar Sandhai ),Cluster beans,Cluster Beans,Local,2026-07-21,4000,4800,4400.0
Tamil Nadu,Thiruvannamalai,Arani(Uzhavar Sandhai ),Ashgourd,Gouard,Local,2026-07-21,2000,2500,2250.0
Tamil Nadu,Thiruvannamalai,Arani(Uzhavar Sandhai ),Bhindi(Ladies Finger),Bhindi,Local,2026-07-21,3000,3600,3300.0
Tamil Nadu,Thiruvannamalai,Arani(Uzhavar Sandhai ),Amaranthus,Amaranthus,Local,2026-07-21,2000,2500,2250.0
Tamil Nadu,Thiruvannamalai,Arani(Uzhavar Sandhai ),Green Chilli,Green Chilly,Local,2026-07-21,4500,5400,4950.0
Tamil Nadu,Thiruvannamalai,Arani(Uzhavar Sandhai ),Thondekai,Thondekai,Local,2026-07-21,3500,4000,3750.0
Tamil Nadu,Thiruvannamalai,Arani(Uzhavar Sandhai ),Guava,Guava Allahabad,Local,2026-07-21,4000,5000,4500.0
Tamil Nadu,Thiruvannamalai,Arani(Uzhavar Sandhai ),Colacasia,Colacasia,Local,2026-07-21,3500,4000,3750.0
Tamil Nadu,Thiruvannamalai,Arani(Uzhavar Sandhai ),Mint(Pudina),Mint(Pudina),Local,2026-07-21,4000,4500,4250.0
Tamil Nadu,Thiruvannamalai,Polur(Uzhavar Sandhai ),Banana,Besrai,Local,2026-07-21,4000,5000,4500.0
Tamil Nadu,Thiruvannamalai,Polur(Uzhavar Sandhai ),Cauliflower,Ranchi,Local,2026-07-21,3600,4000,3800.0
Tamil Nadu,Thiruvannamalai,Polur(Uzhavar Sandhai ),Brinjal,Round,Local,2026-07-21,8000,10000,9000.0
Tamil Nadu,Thiruvannamalai,Polur(Uzhavar Sandhai ),Banana - Green,Banana - Green,Local,2026-07-21,1500,2000,1750.0
Tamil Nadu,Thiruvannamalai,Polur(Uzhavar Sandhai ),Beans,Beans (Whole),Local,2026-07-21,5000,6000,5500.0
Tamil Nadu,Thiruvannamalai,Tiruvannamalai(Uzhavar Sandhai ),Coriander(Leaves),I Sort,Local,2026-07-21,7000,8000,7500.0
Tamil Nadu,Thiruvannamalai,Tiruvannamalai(Uzhavar Sandhai ),Ashgourd,Gouard,Local,2026-07-21,2500,3000,2750.0
Tamil Nadu,Thiruvannamalai,Tiruvannamalai(Uzhavar Sandhai ),Ginger(Green),Green Ginger,Local,2026-07-21,18000,20000,19000.0
Tamil Nadu,Thiruvannamalai,Tiruvannamalai(Uzhavar Sandhai ),Cucumbar(Kheera),Cucumbar,Local,2026-07-21,4000,5000,4500.0
Tamil Nadu,Thiruvannamalai,Tiruvannamalai(Uzhavar Sandhai ),Jamun(Narale Hannu),Jamun,Local,2026-07-21,22000,25000,23500.0
Tamil Nadu,Thiruvannamalai,Tiruvannamalai(Uzhavar Sandhai ),Marigold(Calcutta),Marigold(Calcutta),Local,2026-07-21,35000,40000,37500.0
Tamil Nadu,Thiruvannamalai,Tiruvannamalai(Uzhavar Sandhai ),Lemon,Lemon,Local,2026-07-21,8000,10000,9000.0
Tamil Nadu,Thiruvarur,Tiruthuraipoondi(Uzhavar Sandhai ),Mango,Safeda,Local,2026-07-21,3000,3000,3000.0
Tamil Nadu,Thiruvarur,Tiruthuraipoondi(Uzhavar Sandhai ),Groundnut,Big (With Shell),Local,2026-07-21,6000,6000,6000.0
Tamil Nadu,Thiruvarur,Tiruthuraipoondi(Uzhavar Sandhai ),Bitter gourd,Bitter Gourd,Local,2026-07-21,7000,7000,7000.0
Tamil Nadu,Thiruvarur,Tiruthuraipoondi(Uzhavar Sandhai ),Ashgourd,Gouard,Local,2026-07-21,2500,2500,2500.0
Tamil Nadu,Thiruvarur,Tiruthuraipoondi(Uzhavar Sandhai ),Banana - Green,Banana - Green,Local,2026-07-21,3500,3500,3500.0
Tamil Nadu,Thiruvarur,Tiruthuraipoondi(Uzhavar Sandhai ),Snakeguard,Snakeguard,Local,2026-07-21,4000,4000,4000.0
Tamil Nadu,Thiruvarur,Tiruthuraipoondi(Uzhavar Sandhai ),Mango(Raw-Ripe),Mango - Raw-Ripe,Local,2026-07-21,2000,2000,2000.0
Tamil Nadu,Thiruvellore,Ambattur(Uzhavar Sandhai ),Potato,Red Nanital,Local,2026-07-21,4000,4000,4000.0
Tamil Nadu,Thiruvellore,Naravarikuppam(Uzhavar Sandhai ),Potato,Red Nanital,Local,2026-07-21,4000,4000,4000.0
Tamil Nadu,Thiruvellore,Naravarikuppam(Uzhavar Sandhai ),Cluster beans,Cluster Beans,Local,2026-07-21,5500,5500,5500.0
Tamil Nadu,Thiruvellore,Naravarikuppam(Uzhavar Sandhai ),Green Chilli,Green Chilly,Local,2026-07-21,6000,6000,6000.0
Tamil Nadu,Thiruvellore,Naravarikuppam(Uzhavar Sandhai ),Snakeguard,Snakeguard,Local,2026-07-21,5000,5000,5000.0
Tamil Nadu,Thiruvellore,Naravarikuppam(Uzhavar Sandhai ),Drumstick,Drumstick,Local,2026-07-21,7000,7000,7000.0
Tamil Nadu,Tuticorin,Kovilpatti(Uzhavar Sandhai ),Banana,Other,Local,2026-07-21,2500,3000,2750.0
Tamil Nadu,Tuticorin,Kovilpatti(Uzhavar Sandhai ),Cauliflower,Ranchi,Local,2026-07-21,4500,5000,4750.0
Tamil Nadu,Tuticorin,Kovilpatti(Uzhavar Sandhai ),Ashgourd,Gouard,Local,2026-07-21,2000,2500,2250.0
Tamil Nadu,Tuticorin,Kovilpatti(Uzhavar Sandhai ),Pumpkin,Pumpkin,Local,2026-07-21,2500,3000,2750.0
Tamil Nadu,Tuticorin,Kovilpatti(Uzhavar Sandhai ),Capsicum,Capsicum,Local,2026-07-21,9000,9500,9250.0
Tamil Nadu,Tuticorin,Kovilpatti(Uzhavar Sandhai ),Drumstick,Drumstick,Local,2026-07-21,4500,5000,4750.0
Tamil Nadu,Tuticorin,Kovilpatti(Uzhavar Sandhai ),Guava,Guava Allahabad,Local,2026-07-21,4500,5000,4750.0
Tamil Nadu,Tuticorin,Kovilpatti(Uzhavar Sandhai ),Indian Beans(Seam),Indian Beans (Seam),Local,2026-07-21,6000,6500,6250.0
Tamil Nadu,Vellore,Gudiyatham(Uzhavar Sandhai ),Groundnut,Big (With Shell),Local,2026-07-21,7600,7600,7600.0
Tamil Nadu,Vellore,Gudiyatham(Uzhavar Sandhai ),Onion,Bellary,Local,2026-07-21,3500,4000,3750.0
Tamil Nadu,Vellore,Gudiyatham(Uzhavar Sandhai ),Tomato,Deshi,Local,2026-07-21,1400,1800,1600.0
Tamil Nadu,Vellore,Gudiyatham(Uzhavar Sandhai ),Ashgourd,Gouard,Local,2026-07-21,2400,2400,2400.0
Tamil Nadu,Vellore,Gudiyatham(Uzhavar Sandhai ),Ginger(Green),Green Ginger,Local,2026-07-21,25000,25000,25000.0
Tamil Nadu,Vellore,Gudiyatham(Uzhavar Sandhai ),Drumstick,Drumstick,Local,2026-07-21,5600,5600,5600.0
Tamil Nadu,Vellore,Gudiyatham(Uzhavar Sandhai ),Lemon,Lemon,Local,2026-07-21,4000,4000,4000.0
Tamil Nadu,Vellore,Kahithapattarai(Uzhavar Sandhai ),Apple,American,Local,2026-07-21,28000,28000,28000.0
Tamil Nadu,Vellore,Kahithapattarai(Uzhavar Sandhai ),Banana,Besrai,Local,2026-07-21,5000,6000,5500.0
Tamil Nadu,Vellore,Kahithapattarai(Uzhavar Sandhai ),Potato,Other,Local,2026-07-21,2200,2200,2200.0
Tamil Nadu,Vellore,Kahithapattarai(Uzhavar Sandhai ),Coriander(Leaves),I Sort,Local,2026-07-21,6000,6000,6000.0
Tamil Nadu,Vellore,Kahithapattarai(Uzhavar Sandhai ),Ashgourd,Gouard,Local,2026-07-21,2500,2500,2500.0
Tamil Nadu,Vellore,Kahithapattarai(Uzhavar Sandhai ),Beans,Beans (Whole),Local,2026-07-21,5000,6000,5500.0
Tamil Nadu,Vellore,Kahithapattarai(Uzhavar Sandhai ),Ridgeguard(Tori),Ridgeguard(Tori),Local,2026-07-21,3500,4500,4000.0
Tamil Nadu,Vellore,Kahithapattarai(Uzhavar Sandhai ),Raddish,Raddish,Local,2026-07-21,4500,4500,4500.0
Tamil Nadu,Vellore,Kahithapattarai(Uzhavar Sandhai ),Tamarind Fruit,Tamarind Fruit,Local,2026-07-21,16000,16000,16000.0
Tamil Nadu,Vellore,Kahithapattarai(Uzhavar Sandhai ),Custard Apple(Sharifa),Custard Apple(Sharifa),Local,2026-07-21,4500,4500,4500.0
Tamil Nadu,Vellore,Kahithapattarai(Uzhavar Sandhai ),Rose(Local),Rose (Local),Local,2026-07-21,9000,11000,10000.0
Tamil Nadu,Vellore,Kahithapattarai(Uzhavar Sandhai ),Sweet Corn ,Sweet Corn ,Local,2026-07-21,3000,3000,3000.0
Andaman and Nicobar,North and Middle Andaman ,Mayabander Vegetable Market,Banana - Green,Banana - Green,FAQ,2026-07-21,4000,6000,5000.0
Keralam,Kottayam,Pampady Market,Brinjal,Brinjal,FAQ,2026-07-21,2500,3500,3000.0
Keralam,Kottayam,Pampady Market,Beetroot,Beetroot,FAQ,2026-07-21,3500,4500,4000.0
Keralam,Kottayam,Pampady Market,Banana - Green,Banana - Green,FAQ,2026-07-21,5000,6000,5600.0
Keralam,Kottayam,Pampady Market,Indian Beans(Seam),Other,FAQ,2026-07-21,5500,7000,6500.0
Keralam,Kottayam,Pampady Market,Tomato,Tomato,Grade A,2026-07-21,4000,5000,4500.0
Tamil Nadu,Thiruvannamalai,Cheyyar(Uzhavar Sandhai ),Onion,Bellary,Local,2026-07-21,3500,4000,3750.0
Tamil Nadu,Thiruvannamalai,Cheyyar(Uzhavar Sandhai ),Banana - Green,Banana - Green,Local,2026-07-21,1600,2000,1800.0
Tamil Nadu,Thiruvannamalai,Cheyyar(Uzhavar Sandhai ),Beans,Beans (Whole),Local,2026-07-21,4300,5400,4850.0
Tamil Nadu,Thiruvannamalai,Cheyyar(Uzhavar Sandhai ),Green Avare(W),Other,Local,2026-07-21,3500,4000,3750.0
Tamil Nadu,Thiruvannamalai,Cheyyar(Uzhavar Sandhai ),Lemon,Lemon,Local,2026-07-21,10000,12000,11000.0
Tamil Nadu,Ariyalur,Ariyalur(Uzhavar Sandhai),Coriander(Leaves),I Sort,Local,2026-07-21,4500,5500,5000.0
Tamil Nadu,Ariyalur,Ariyalur(Uzhavar Sandhai),Tomato,Deshi,Local,2026-07-21,2500,3200,2850.0
Odisha,Sundergarh,Panposh APMC,Cabbage,Cabbage,FAQ,2026-07-21,2000,3000,2500.0
Uttar Pradesh,Amroha,Hasanpur APMC,Capsicum,Capsicum,FAQ,2026-07-21,1450,1520,1500.0
Odisha,Sundergarh,Sargipali APMC,Onion,Other,FAQ,2026-07-21,2600,3000,2800.0
Odisha,Sundergarh,Sargipali APMC,Tomato,Other,FAQ,2026-07-21,2400,2800,2500.0
Uttar Pradesh,Khiri (Lakhimpur),Maigalganj APMC,Bottle gourd,Bottle Gourd,FAQ,2026-07-21,1160,1200,1180.0
Uttar Pradesh,Khiri (Lakhimpur),Maigalganj APMC,Cabbage,Cabbage,FAQ,2026-07-21,1100,1128,1115.0
Himachal Pradesh,Kangra,SMY Baijnath,Mango,Dusheri,Grade B,2026-07-21,4000,8000,5000.0
Himachal Pradesh,Kangra,SMY Baijnath,Bhindi(Ladies Finger),Bhindi,Grade A,2026-07-21,3600,4000,3700.0
Himachal Pradesh,Kangra,SMY Baijnath,Brinjal,Brinjal,Grade A,2026-07-21,2800,3300,3200.0
Himachal Pradesh,Kangra,SMY Baijnath,Green Chilli,Green Chilly,FAQ,2026-07-21,3000,3500,3200.0
Himachal Pradesh,Kangra,SMY Baijnath,Capsicum,Capsicum,Grade A,2026-07-21,6000,7000,6500.0
Tamil Nadu,Coimbatore,Mettupalayam(Uzhavar Sandhai ),Mango,Safeda,Local,2026-07-21,7000,10000,8500.0
Tamil Nadu,Coimbatore,Mettupalayam(Uzhavar Sandhai ),Coriander(Leaves),I Sort,Local,2026-07-21,7000,8000,7500.0
Tamil Nadu,Coimbatore,Mettupalayam(Uzhavar Sandhai ),Ashgourd,Gouard,Local,2026-07-21,1000,1500,1250.0
Tamil Nadu,Coimbatore,Mettupalayam(Uzhavar Sandhai ),Green Avare(W),Green Avare (W),Local,2026-07-21,6500,7200,6850.0
Tamil Nadu,Coimbatore,Mettupalayam(Uzhavar Sandhai ),Mango(Raw-Ripe),Mango - Raw-Ripe,Local,2026-07-21,2500,3400,2950.0
Tamil Nadu,Coimbatore,Mettupalayam(Uzhavar Sandhai ),Lemon,Lemon,Local,2026-07-21,5000,5800,5400.0
Tamil Nadu,Erode,Sathiyamagalam(Uzhavar Sandhai ),Potato,Red Nanital,Local,2026-07-21,3400,3800,3600.0
Tamil Nadu,Erode,Sathiyamagalam(Uzhavar Sandhai ),Coriander(Leaves),I Sort,Local,2026-07-21,4500,5000,4750.0
Tamil Nadu,Erode,Sathiyamagalam(Uzhavar Sandhai ),Cabbage,Cabbage,Local,2026-07-21,3000,3500,3250.0
Tamil Nadu,Erode,Sathiyamagalam(Uzhavar Sandhai ),Elephant Yam(Suran)/Amorphophallus,Elephant Yam (Suran),Local,2026-07-21,3000,3600,3300.0
Tamil Nadu,Namakkal,Tiruchengode APMC,Banana,Red Banana,Local,2026-07-21,5800,6500,6150.0
Tamil Nadu,Namakkal,Tiruchengode APMC,Coriander(Leaves),I Sort,Local,2026-07-21,9000,10000,9500.0
Tamil Nadu,Namakkal,Tiruchengode APMC,Pumpkin,Pumpkin,Local,2026-07-21,2600,3000,2800.0
Tamil Nadu,Namakkal,Tiruchengode APMC,Amaranthus,Amaranthus,Local,2026-07-21,3500,4000,3750.0
Tamil Nadu,Namakkal,Tiruchengode APMC,Cabbage,Cabbage,Local,2026-07-21,3500,4000,3750.0
Tamil Nadu,Namakkal,Tiruchengode APMC,Raddish,Raddish,Local,2026-07-21,3500,4000,3750.0
Tamil Nadu,Namakkal,Tiruchengode APMC,Green Avare(W),Other,Local,2026-07-21,7000,8000,7500.0
Tamil Nadu,Namakkal,Tiruchengode APMC,Yam(Ratalu),Yam (Ratalu),Local,2026-07-21,6200,7000,6600.0
Tamil Nadu,Namakkal,Tiruchengode APMC,Onion Green,Onion Green,Local,2026-07-21,4500,5000,4750.0
Tamil Nadu,Ariyalur,Jeyankondam (Uzhavar Sandhai ),Coriander(Leaves),I Sort,Local,2026-07-21,5500,5500,5500.0
Tamil Nadu,Ariyalur,Jeyankondam (Uzhavar Sandhai ),Coconut,Coconut,Local,2026-07-21,5400,5800,5600.0
Tamil Nadu,Ariyalur,Jeyankondam (Uzhavar Sandhai ),Snakeguard,Snakeguard,Local,2026-07-21,3400,3800,3600.0
Tamil Nadu,Ariyalur,Jeyankondam (Uzhavar Sandhai ),Raddish,Raddish,Local,2026-07-21,3600,4000,3800.0
Tamil Nadu,Coimbatore,RSPuram(Uzhavar Sandhai ),Apple,American,Local,2026-07-21,20000,27000,23500.0
Tamil Nadu,Coimbatore,RSPuram(Uzhavar Sandhai ),Brinjal,Other,Local,2026-07-21,4500,5000,4750.0
Tamil Nadu,Coimbatore,RSPuram(Uzhavar Sandhai ),Pumpkin,Pumpkin,Local,2026-07-21,1600,1800,1700.0
Tamil Nadu,Coimbatore,RSPuram(Uzhavar Sandhai ),Cowpea(Veg),Cowpea (Veg),Local,2026-07-21,3800,4200,4000.0
Tamil Nadu,Coimbatore,RSPuram(Uzhavar Sandhai ),Banana - Green,Banana - Green,Local,2026-07-21,3500,3800,3650.0
Tamil Nadu,Coimbatore,RSPuram(Uzhavar Sandhai ),Coconut,Coconut,Local,2026-07-21,5000,5400,5200.0
Tamil Nadu,Coimbatore,RSPuram(Uzhavar Sandhai ),Cabbage,Cabbage,Local,2026-07-21,2500,3500,3000.0
Tamil Nadu,Coimbatore,RSPuram(Uzhavar Sandhai ),Snakeguard,Snakeguard,Local,2026-07-21,3000,3500,3250.0
Tamil Nadu,Coimbatore,RSPuram(Uzhavar Sandhai ),Yam(Ratalu),Yam (Ratalu),Local,2026-07-21,9000,9600,9300.0
Tamil Nadu,Coimbatore,RSPuram(Uzhavar Sandhai ),Indian Beans(Seam),Indian Beans (Seam),Local,2026-07-21,6500,7000,6750.0
Tamil Nadu,Coimbatore,RSPuram(Uzhavar Sandhai ),Pear(Marasebu),Pears,Local,2026-07-21,15000,16000,15500.0
Tamil Nadu,Coimbatore,RSPuram(Uzhavar Sandhai ),Custard Apple(Sharifa),Custard Apple(Sharifa),Local,2026-07-21,5000,6000,5500.0
Bihar,Gaya,Gaya APMC,Capsicum,Capsicum,FAQ,2026-07-21,5200,5600,5400.0
Tamil Nadu,Coimbatore,Singanallur(Uzhavar Sandhai ),Banana,Red Banana,Local,2026-07-21,7500,7800,7650.0
Tamil Nadu,Coimbatore,Singanallur(Uzhavar Sandhai ),Potato,Other,Local,2026-07-21,6400,6800,6600.0
Tamil Nadu,Coimbatore,Singanallur(Uzhavar Sandhai ),Coriander(Leaves),I Sort,Local,2026-07-21,7500,8000,7750.0
Tamil Nadu,Coimbatore,Singanallur(Uzhavar Sandhai ),Beans,Beans (Whole),Local,2026-07-21,8500,9000,8750.0
Tamil Nadu,Coimbatore,Singanallur(Uzhavar Sandhai ),Cabbage,Cabbage,Local,2026-07-21,3800,4200,4000.0
Tamil Nadu,Coimbatore,Singanallur(Uzhavar Sandhai ),Snakeguard,Snakeguard,Local,2026-07-21,3000,3500,3250.0
Tamil Nadu,Coimbatore,Singanallur(Uzhavar Sandhai ),Thondekai,Thondekai,Local,2026-07-21,5000,5500,5250.0
Tamil Nadu,Coimbatore,Singanallur(Uzhavar Sandhai ),Knool Khol,Knool Khol,Local,2026-07-21,5000,5500,5250.0
Tamil Nadu,Coimbatore,Singanallur(Uzhavar Sandhai ),Lime,Lime,Local,2026-07-21,15000,17000,16000.0
Tamil Nadu,Coimbatore,Singanallur(Uzhavar Sandhai ),Yam(Ratalu),Yam (Ratalu),Local,2026-07-21,9000,9600,9300.0
Tamil Nadu,Coimbatore,Pollachi(Uzhavar Sandhai ),Brinjal,Other,Local,2026-07-21,5000,5500,5250.0
Tamil Nadu,Coimbatore,Pollachi(Uzhavar Sandhai ),Cluster beans,Cluster Beans,Local,2026-07-21,4000,4500,4250.0
Tamil Nadu,Coimbatore,Pollachi(Uzhavar Sandhai ),Banana - Green,Banana - Green,Local,2026-07-21,4000,4500,4250.0
Tamil Nadu,Coimbatore,Pollachi(Uzhavar Sandhai ),Ginger(Green),Green Ginger,Local,2026-07-21,18000,20000,19000.0
Tamil Nadu,Coimbatore,Pollachi(Uzhavar Sandhai ),Coconut,Coconut,Local,2026-07-21,5000,5500,5250.0
Tamil Nadu,Coimbatore,Pollachi(Uzhavar Sandhai ),Tender Coconut,Tender Coconut,Local,2026-07-21,3500,4000,3750.0
Tamil Nadu,Coimbatore,Pollachi(Uzhavar Sandhai ),Yam(Ratalu),Yam (Ratalu),Local,2026-07-21,5000,6000,5500.0
Tamil Nadu,Coimbatore,Pollachi(Uzhavar Sandhai ),Lemon,Lemon,Local,2026-07-21,7000,7500,7250.0
Tamil Nadu,Coimbatore,Pollachi(Uzhavar Sandhai ),Mashrooms,Mashrooms,Local,2026-07-21,18000,20000,19000.0
Tamil Nadu,Karur,Karur(Uzhavar Sandhai ),Mango,Neelam,Local,2026-07-21,7500,8000,7750.0
Tamil Nadu,Karur,Karur(Uzhavar Sandhai ),Amaranthus,Amaranthus,Local,2026-07-21,2000,2500,2250.0
Tamil Nadu,Karur,Karur(Uzhavar Sandhai ),Beans,Beans (Whole),Local,2026-07-21,7000,7500,7250.0
Tamil Nadu,Karur,Karur(Uzhavar Sandhai ),Ridgeguard(Tori),Ridgeguard(Tori),Local,2026-07-21,5500,6000,5750.0
Tamil Nadu,Karur,Karur(Uzhavar Sandhai ),Drumstick,Drumstick,Local,2026-07-21,4500,5000,4750.0
Tamil Nadu,Karur,Karur(Uzhavar Sandhai ),Amla(Nelli Kai),Amla,Local,2026-07-21,7500,8000,7750.0
Tamil Nadu,Karur,Karur(Uzhavar Sandhai ),Mint(Pudina),Mint(Pudina),Local,2026-07-21,4500,5000,4750.0
Tamil Nadu,Coimbatore,Kurichi(Uzhavar Sandhai ),Brinjal,Other,Local,2026-07-21,5500,6000,5750.0
Tamil Nadu,Coimbatore,Kurichi(Uzhavar Sandhai ),Sweet Potato,Hosur Red,Local,2026-07-21,4000,4500,4250.0
Tamil Nadu,Coimbatore,Kurichi(Uzhavar Sandhai ),Cucumbar(Kheera),Cucumbar,Local,2026-07-21,4000,4500,4250.0
Tamil Nadu,Coimbatore,Kurichi(Uzhavar Sandhai ),Raddish,Raddish,Local,2026-07-21,4000,4500,4250.0
Tamil Nadu,Cuddalore,Chidambaram(Uzhavar Sandhai ),Brinjal,Round,Local,2026-07-21,6000,6000,6000.0
Tamil Nadu,Cuddalore,Chidambaram(Uzhavar Sandhai ),Bhindi(Ladies Finger),Bhindi,Local,2026-07-21,3000,3000,3000.0
Tamil Nadu,Cuddalore,Cuddalore(Uzhavar Sandhai ),Potato,Red Nanital,Local,2026-07-21,3600,4000,3800.0
Tamil Nadu,Cuddalore,Cuddalore(Uzhavar Sandhai ),Brinjal,Round,Local,2026-07-21,5000,6000,5500.0
Tamil Nadu,Cuddalore,Cuddalore(Uzhavar Sandhai ),Beans,Beans (Whole),Local,2026-07-21,6500,6500,6500.0
Tamil Nadu,Cuddalore,Cuddalore(Uzhavar Sandhai ),Coconut,Coconut,Local,2026-07-21,5000,6000,5500.0
Tamil Nadu,Cuddalore,Cuddalore(Uzhavar Sandhai ),Capsicum,Capsicum,Local,2026-07-21,10000,10000,10000.0
Tamil Nadu,Cuddalore,Cuddalore(Uzhavar Sandhai ),Drumstick,Drumstick,Local,2026-07-21,8000,8000,8000.0
Tamil Nadu,Cuddalore,Cuddalore(Uzhavar Sandhai ),Knool Khol,Knool Khol,Local,2026-07-21,6000,6000,6000.0
Bihar,Muzaffarpur,Bhagwanpur Mandi APMC,Brinjal,Arkasheela Mattigulla,Grade C,2026-07-21,1900,1900,1900.0
Bihar,Muzaffarpur,Bhagwanpur Mandi APMC,Cabbage,Cabbage,Grade B,2026-07-21,2200,2200,2200.0
Tamil Nadu,Kallakuruchi,Kallakurichi(Uzhavar Sandhai ),Banana,Red Banana,Local,2026-07-21,7000,7000,7000.0
Tamil Nadu,Kallakuruchi,Kallakurichi(Uzhavar Sandhai ),Tomato,Deshi,Local,2026-07-21,2500,2500,2500.0
Tamil Nadu,Kallakuruchi,Kallakurichi(Uzhavar Sandhai ),Amaranthus,Amaranthus,Local,2026-07-21,3000,3000,3000.0
Tamil Nadu,Kallakuruchi,Kallakurichi(Uzhavar Sandhai ),Beans,Beans (Whole),Local,2026-07-21,8000,8000,8000.0
Tamil Nadu,Kallakuruchi,Kallakurichi(Uzhavar Sandhai ),Raddish,Raddish,Local,2026-07-21,4000,4000,4000.0
Tamil Nadu,Kallakuruchi,Kallakurichi(Uzhavar Sandhai ),Capsicum,Capsicum,Local,2026-07-21,10000,10000,10000.0
Tamil Nadu,Kallakuruchi,Kallakurichi(Uzhavar Sandhai ),Marigold(Calcutta),Marigold(Calcutta),Local,2026-07-21,45000,45000,45000.0
Tamil Nadu,Kallakuruchi,Kallakurichi(Uzhavar Sandhai ),Elephant Yam(Suran)/Amorphophallus,Elephant Yam (Suran),Local,2026-07-21,4000,4000,4000.0
Tamil Nadu,Kallakuruchi,Kallakurichi(Uzhavar Sandhai ),Colacasia,Colacasia,Local,2026-07-21,4000,4000,4000.0
Tamil Nadu,Kallakuruchi,Kallakurichi(Uzhavar Sandhai ),Onion Green,Onion Green,Local,2026-07-21,5000,5000,5000.0
Bihar,Madhubani,Madhubani APMC,Cauliflower,Cauliflower,FAQ,2026-07-21,9700,9900,9800.0
Bihar,Madhubani,Madhubani APMC,Bhindi(Ladies Finger),Bhindi,FAQ,2026-07-21,2500,2700,2600.0
Tamil Nadu,Nagercoil (Kannyiakumari),Vadaseri APMC,Brinjal,Round,Local,2026-07-21,7500,8000,7750.0
Tamil Nadu,Nagercoil (Kannyiakumari),Vadaseri APMC,Papaya,Papaya,Local,2026-07-21,3500,4000,3750.0
Tamil Nadu,Nagercoil (Kannyiakumari),Vadaseri APMC,Bottle gourd,Bottle Gourd,Local,2026-07-21,1900,2200,2050.0
Tamil Nadu,Nagercoil (Kannyiakumari),Vadaseri APMC,Bhindi(Ladies Finger),Bhindi,Local,2026-07-21,4000,4500,4250.0
Tamil Nadu,Nagercoil (Kannyiakumari),Vadaseri APMC,Cabbage,Cabbage,Local,2026-07-21,5000,5500,5250.0
Tamil Nadu,Nagercoil (Kannyiakumari),Vadaseri APMC,Snakeguard,Snakeguard,Local,2026-07-21,3500,4000,3750.0
Tamil Nadu,Nagercoil (Kannyiakumari),Vadaseri APMC,Cucumbar(Kheera),Cucumbar,Local,2026-07-21,2700,3000,2850.0
Tamil Nadu,Nagercoil (Kannyiakumari),Vadaseri APMC,Jasmine,Jasmine,Local,2026-07-21,25000,30000,27500.0
Tamil Nadu,Nagercoil (Kannyiakumari),Vadaseri APMC,Tamarind Fruit,Tamarind Fruit,Local,2026-07-21,13000,14000,13500.0
Tamil Nadu,Nagercoil (Kannyiakumari),Vadaseri APMC,Elephant Yam(Suran)/Amorphophallus,Elephant Yam (Suran),Local,2026-07-21,4500,5000,4750.0
Tamil Nadu,Nagercoil (Kannyiakumari),Vadaseri APMC,Lemon,Lemon,Local,2026-07-21,9000,10000,9500.0
Tamil Nadu,Pudukkottai,Karambakkudi(Uzhavar Sandhai ),Brinjal,Other,Local,2026-07-21,7000,8000,7500.0
Tamil Nadu,Pudukkottai,Karambakkudi(Uzhavar Sandhai ),Bhindi(Ladies Finger),Bhindi,Local,2026-07-21,3500,4000,3750.0
Tamil Nadu,Pudukkottai,Karambakkudi(Uzhavar Sandhai ),Green Chilli,Green Chilly,Local,2026-07-21,4000,5000,4500.0
Tamil Nadu,Pudukkottai,Karambakkudi(Uzhavar Sandhai ),Banana - Green,Banana - Green,Local,2026-07-21,2500,3000,2750.0
Tamil Nadu,Pudukkottai,Karambakkudi(Uzhavar Sandhai ),Drumstick,Drumstick,Local,2026-07-21,6000,7000,6500.0
Madhya Pradesh,Satna,Amarpatan APMC,Wheat,Mill Quality,FAQ,2026-07-21,2450,2450,2450.0
Tamil Nadu,Vellore,Thirupathur APMC,Banana,Besrai,Local,2026-07-21,4000,4000,4000.0
Tamil Nadu,Vellore,Thirupathur APMC,Chikoos(Sapota),Sapota,Local,2026-07-21,4000,4000,4000.0
Tamil Nadu,Vellore,Thirupathur APMC,Tomato,Deshi,Local,2026-07-21,2000,2000,2000.0
Tamil Nadu,Vellore,Thirupathur APMC,Ashgourd,Gouard,Local,2026-07-21,2000,2000,2000.0
Tamil Nadu,Vellore,Thirupathur APMC,Bhindi(Ladies Finger),Bhindi,Local,2026-07-21,3000,3000,3000.0
Tamil Nadu,Vellore,Thirupathur APMC,Snakeguard,Snakeguard,Local,2026-07-21,3000,3000,3000.0
Tamil Nadu,Vellore,Thirupathur APMC,Ridgeguard(Tori),Ridgeguard(Tori),Local,2026-07-21,4000,4000,4000.0
Tamil Nadu,Vellore,Thirupathur APMC,Green Avare(W),Green Avare (W),Local,2026-07-21,7000,7000,7000.0
Tamil Nadu,Vellore,Thirupathur APMC,Onion Green,Onion Green,Local,2026-07-21,7500,7500,7500.0
Tamil Nadu,Salem,Athur(Uzhavar Sandhai ),Mango,Safeda,Local,2026-07-21,4000,5000,4500.0
Tamil Nadu,Salem,Athur(Uzhavar Sandhai ),Garlic,Garlic,Local,2026-07-21,22000,25000,23500.0
Tamil Nadu,Salem,Athur(Uzhavar Sandhai ),Cluster beans,Cluster Beans,Local,2026-07-21,3500,4000,3750.0
Tamil Nadu,Salem,Athur(Uzhavar Sandhai ),Chow Chow,Chow Chow,Local,2026-07-21,3500,4000,3750.0
Tamil Nadu,Salem,Athur(Uzhavar Sandhai ),Jamun(Narale Hannu),Jamun,Local,2026-07-21,14000,16000,15000.0
Tamil Nadu,Salem,Athur(Uzhavar Sandhai ),Tamarind Fruit,Tamarind Fruit,Local,2026-07-21,12000,13000,12500.0
Tamil Nadu,Salem,Athur(Uzhavar Sandhai ),Amla(Nelli Kai),Amla,Local,2026-07-21,6000,7000,6500.0
Tamil Nadu,Virudhunagar,Srivilliputhur(Uzhavar Sandhai ),Potato,Red Nanital,Local,2026-07-21,2500,3000,2750.0
Tamil Nadu,Virudhunagar,Srivilliputhur(Uzhavar Sandhai ),Papaya,Papaya,Local,2026-07-21,2500,3000,2750.0
Tamil Nadu,Virudhunagar,Srivilliputhur(Uzhavar Sandhai ),Tomato,Deshi,Local,2026-07-21,1700,2000,1850.0
Tamil Nadu,Virudhunagar,Srivilliputhur(Uzhavar Sandhai ),Yam(Ratalu),Yam (Ratalu),Local,2026-07-21,9000,10000,9500.0
Tamil Nadu,Dharmapuri,Harur(Uzhavar Sandhai ),Mango,Other,Local,2026-07-21,3500,4000,3750.0
Tamil Nadu,Dharmapuri,Harur(Uzhavar Sandhai ),Onion,Bellary,Local,2026-07-21,3000,3500,3250.0
Tamil Nadu,Dharmapuri,Harur(Uzhavar Sandhai ),Tomato,Local,Local,2026-07-21,1500,2000,1750.0
Tamil Nadu,Dharmapuri,Harur(Uzhavar Sandhai ),Bhindi(Ladies Finger),Bhindi,Local,2026-07-21,2000,2500,2250.0
Tamil Nadu,Dharmapuri,Harur(Uzhavar Sandhai ),Banana - Green,Banana - Green,Local,2026-07-21,2000,2500,2250.0
Tamil Nadu,Dharmapuri,Harur(Uzhavar Sandhai ),Cabbage,Cabbage,Local,2026-07-21,3500,4000,3750.0
Tamil Nadu,Krishnagiri,Kaveripattinam(Uzhavar Sandhai ),Banana,Besrai,Local,2026-07-21,4000,7000,5500.0
Tamil Nadu,Krishnagiri,Kaveripattinam(Uzhavar Sandhai ),Brinjal,Round,Local,2026-07-21,6000,6000,6000.0
Tamil Nadu,Krishnagiri,Kaveripattinam(Uzhavar Sandhai ),Coriander(Leaves),I Sort,Local,2026-07-21,7000,7000,7000.0
Tamil Nadu,Krishnagiri,Kaveripattinam(Uzhavar Sandhai ),Tomato,Local,Local,2026-07-21,2500,2500,2500.0
Tamil Nadu,Krishnagiri,Kaveripattinam(Uzhavar Sandhai ),Carrot,Pusakesar,Local,2026-07-21,7000,7000,7000.0
Tamil Nadu,Krishnagiri,Kaveripattinam(Uzhavar Sandhai ),Snakeguard,Snakeguard,Local,2026-07-21,3000,3000,3000.0
Tamil Nadu,Krishnagiri,Kaveripattinam(Uzhavar Sandhai ),Chow Chow,Chow Chow,Local,2026-07-21,4000,4000,4000.0
Tamil Nadu,Krishnagiri,Kaveripattinam(Uzhavar Sandhai ),Lemon,Lemon,Local,2026-07-21,6000,6000,6000.0
Tamil Nadu,The Nilgiris,Coonoor(Uzhavar Sandhai ),Garlic,Garlic,Local,2026-07-21,18000,20000,19000.0
Tamil Nadu,The Nilgiris,Coonoor(Uzhavar Sandhai ),Brinjal,Other,Local,2026-07-21,4800,5200,5000.0
Tamil Nadu,The Nilgiris,Coonoor(Uzhavar Sandhai ),Pumpkin,Pumpkin,Local,2026-07-21,2000,2400,2200.0
Tamil Nadu,The Nilgiris,Coonoor(Uzhavar Sandhai ),Amaranthus,Amaranthus,Local,2026-07-21,5500,6000,5750.0
Tamil Nadu,The Nilgiris,Coonoor(Uzhavar Sandhai ),Carrot,Pusakesar,Local,2026-07-21,4500,5000,4750.0
Tamil Nadu,The Nilgiris,Coonoor(Uzhavar Sandhai ),Capsicum,Capsicum,Local,2026-07-21,7500,8000,7750.0
Tamil Nadu,The Nilgiris,Coonoor(Uzhavar Sandhai ),Lemon,Lemon,Local,2026-07-21,7500,8000,7750.0
Tamil Nadu,The Nilgiris,Gudalur(Uzhavar Sandhai ),Onion,Bellary,Local,2026-07-21,3500,4000,3750.0
Tamil Nadu,The Nilgiris,Gudalur(Uzhavar Sandhai ),Cauliflower,Ranchi,Local,2026-07-21,3500,4000,3750.0
Tamil Nadu,The Nilgiris,Gudalur(Uzhavar Sandhai ),Coriander(Leaves),I Sort,Local,2026-07-21,7000,8000,7500.0
Tamil Nadu,The Nilgiris,Gudalur(Uzhavar Sandhai ),Cluster beans,Cluster Beans,Local,2026-07-21,2500,3000,2750.0
Tamil Nadu,The Nilgiris,Gudalur(Uzhavar Sandhai ),Green Chilli,Green Chilly,Local,2026-07-21,4500,5000,4750.0
Tamil Nadu,The Nilgiris,Gudalur(Uzhavar Sandhai ),Cowpea(Veg),Cowpea (Veg),Local,2026-07-21,3000,3500,3250.0
Tamil Nadu,The Nilgiris,Gudalur(Uzhavar Sandhai ),Ridgeguard(Tori),Ridgeguard(Tori),Local,2026-07-21,5500,5800,5650.0
Tamil Nadu,The Nilgiris,Gudalur(Uzhavar Sandhai ),Raddish,Raddish,Local,2026-07-21,2500,3000,2750.0
Tamil Nadu,The Nilgiris,Gudalur(Uzhavar Sandhai ),Turnip,Turnip,Local,2026-07-21,3000,3500,3250.0
Uttarakhand,Dehradoon,Vikasnagar APMC,Mango,Other,Medium,2026-07-21,300,800,800.0
Uttarakhand,Dehradoon,Vikasnagar APMC,Potato,Other,Medium,2026-07-21,700,800,800.0
Uttarakhand,Dehradoon,Vikasnagar APMC,Bhindi(Ladies Finger),Other,Medium,2026-07-21,500,700,700.0
Uttar Pradesh,Mau(Maunathbhanjan),Kopaganj APMC,Guava,Guava,Grade B,2026-07-21,4280,4300,4290.0
Uttar Pradesh,Mau(Maunathbhanjan),Kopaganj APMC,Bottle gourd,Bottle Gourd,FAQ,2026-07-21,1120,1160,1140.0
Uttar Pradesh,Mau(Maunathbhanjan),Kopaganj APMC,Brinjal,Brinjal,FAQ,2026-07-21,1390,1420,1400.0
Uttar Pradesh,Mau(Maunathbhanjan),Kopaganj APMC,Cauliflower,Cauliflower,FAQ,2026-07-21,2230,2280,2250.0
Haryana,Hissar,Hansi APMC,Guava,Other,Grade B,2026-07-21,6000,6000,6000.0
Haryana,Hissar,Hansi APMC,Mango,Other,Grade B,2026-07-21,3000,5000,4000.0
Haryana,Hissar,Hansi APMC,Pear(Marasebu),Other,Grade B,2026-07-21,2000,8000,6000.0
Haryana,Hissar,Hansi APMC,Water Melon,Other,Grade B,2026-07-21,2000,2500,2250.0
Haryana,Hissar,Hansi APMC,Cabbage,Other,FAQ,2026-07-21,1500,1500,1500.0
Haryana,Hissar,Hansi APMC,Colacasia,Other,FAQ,2026-07-21,2000,2500,2250.0
Haryana,Hissar,Hansi APMC,Guar,Other,FAQ,2026-07-21,5000,6000,5500.0
Keralam,Idukki,Kattappana Market,Apple,Other,Small,2026-07-21,19000,23000,21500.0
Keralam,Idukki,Kattappana Market,Banana - Green,Other,Small,2026-07-21,3000,4000,3400.0
Keralam,Idukki,Kattappana Market,Beetroot,Other,Medium,2026-07-21,3400,4300,3800.0
Keralam,Kollam,Anchal Market,Brinjal,Brinjal,Local,2026-07-21,4300,4300,4300.0
Keralam,Kollam,Anchal Market,Bhindi(Ladies Finger),Bhindi,Local,2026-07-21,4700,4800,4752.22
Keralam,Kollam,Anchal Market,Bottle gourd,Bottle Gourd,Local,2026-07-21,2700,2700,2700.0
Keralam,Kollam,Anchal Market,Cucumbar(Kheera),Cucumbar,Local,2026-07-21,2600,2600,2600.0
Keralam,Kollam,Anchal Market,Onion,Small,Local,2026-07-21,4000,4000,4000.0
Keralam,Kollam,Anchal Market,Banana,Red Banana,Medium,2026-07-21,6700,6700,6700.0
Keralam,Kollam,Anchal Market,Banana,Rasakathai,Medium,2026-07-21,6800,6800,6800.0
Tamil Nadu,Madurai,Chokkikulam(Uzhavar Sandhai ),Mango,Safeda,Local,2026-07-21,3000,6000,4500.0
Tamil Nadu,Madurai,Chokkikulam(Uzhavar Sandhai ),Banana,Besrai,Local,2026-07-21,3000,6000,4500.0
Tamil Nadu,Madurai,Chokkikulam(Uzhavar Sandhai ),Brinjal,Round,Local,2026-07-21,4800,5500,5150.0
Tamil Nadu,Madurai,Chokkikulam(Uzhavar Sandhai ),Cluster beans,Cluster Beans,Local,2026-07-21,3800,4200,4000.0
Tamil Nadu,Madurai,Chokkikulam(Uzhavar Sandhai ),Bottle gourd,Bottle Gourd,Local,2026-07-21,3400,3600,3500.0
Tamil Nadu,Madurai,Chokkikulam(Uzhavar Sandhai ),Snakeguard,Snakeguard,Local,2026-07-21,3600,3800,3700.0
Tamil Nadu,Madurai,Chokkikulam(Uzhavar Sandhai ),Ridgeguard(Tori),Ridgeguard(Tori),Local,2026-07-21,4000,6000,5000.0
Tamil Nadu,Madurai,Chokkikulam(Uzhavar Sandhai ),Green Avare(W),Green Avare (W),Local,2026-07-21,8000,9000,8500.0
Tamil Nadu,Madurai,Chokkikulam(Uzhavar Sandhai ),Knool Khol,Knool Khol,Local,2026-07-21,5500,6000,5750.0
Tamil Nadu,Madurai,Chokkikulam(Uzhavar Sandhai ),Guava,Guava Allahabad,Local,2026-07-21,7000,8000,7500.0
Tamil Nadu,Madurai,Chokkikulam(Uzhavar Sandhai ),Lemon,Lemon,Local,2026-07-21,6000,8000,7000.0
Tamil Nadu,Madurai,Chokkikulam(Uzhavar Sandhai ),Amla(Nelli Kai),Amla,Local,2026-07-21,5000,6500,5750.0
Keralam,Alappuzha,Harippad Market,Carrot,Other,FAQ,2026-07-21,7500,8000,7500.0
Tamil Nadu,Cuddalore,Viruthachalam(Uzhavar Sandhai ),Onion,Bellary,Local,2026-07-21,3500,3500,3500.0
Tamil Nadu,Cuddalore,Viruthachalam(Uzhavar Sandhai ),Coriander(Leaves),I Sort,Local,2026-07-21,7000,7000,7000.0
Tamil Nadu,Cuddalore,Viruthachalam(Uzhavar Sandhai ),Tomato,Deshi,Local,2026-07-21,2500,2500,2500.0
Tamil Nadu,Cuddalore,Viruthachalam(Uzhavar Sandhai ),Ginger(Green),Green Ginger,Local,2026-07-21,17000,17000,17000.0
Tamil Nadu,Cuddalore,Viruthachalam(Uzhavar Sandhai ),Coconut,Coconut,Local,2026-07-21,6000,6000,6000.0
Tamil Nadu,Cuddalore,Viruthachalam(Uzhavar Sandhai ),Snakeguard,Snakeguard,Local,2026-07-21,3000,3000,3000.0
Tamil Nadu,Cuddalore,Viruthachalam(Uzhavar Sandhai ),Raddish,Raddish,Local,2026-07-21,3000,3000,3000.0
Tamil Nadu,Cuddalore,Viruthachalam(Uzhavar Sandhai ),Onion Green,Onion Green,Local,2026-07-21,7000,7000,7000.0
Tamil Nadu,Dharmapuri,Dharmapuri(Uzhavar Sandhai ),Garlic,Garlic,Local,2026-07-21,23700,24400,24050.0
Tamil Nadu,Dharmapuri,Dharmapuri(Uzhavar Sandhai ),Tomato,Local,Local,2026-07-21,1800,2000,1900.0
Tamil Nadu,Dharmapuri,Dharmapuri(Uzhavar Sandhai ),Sweet Potato,Hosur Red,Local,2026-07-21,2800,3000,2900.0
Tamil Nadu,Dharmapuri,Dharmapuri(Uzhavar Sandhai ),Carrot,Pusakesar,Local,2026-07-21,7500,8000,7750.0
Tamil Nadu,Dharmapuri,Dharmapuri(Uzhavar Sandhai ),Amla(Nelli Kai),Amla,Local,2026-07-21,6000,6300,6150.0
Tamil Nadu,Dharmapuri,Karimangalam(Uzhavar Sandhai),Mango,Safeda,Local,2026-07-21,3300,3500,3400.0
Tamil Nadu,Dharmapuri,Karimangalam(Uzhavar Sandhai),Brinjal,Other,Local,2026-07-21,4000,4500,4250.0
Tamil Nadu,Dharmapuri,Karimangalam(Uzhavar Sandhai),Green Chilli,Green Chilly,Local,2026-07-21,4500,5000,4750.0
Tamil Nadu,Dharmapuri,Karimangalam(Uzhavar Sandhai),Beans,Beans (Whole),Local,2026-07-21,7000,7500,7250.0
Tamil Nadu,Dharmapuri,Karimangalam(Uzhavar Sandhai),Raddish,Raddish,Local,2026-07-21,3300,3500,3400.0
Tamil Nadu,Dharmapuri,Palacode(Uzhavar Sandhai ),Banana,Poovan,Local,2026-07-21,5000,5500,5250.0
Tamil Nadu,Dharmapuri,Palacode(Uzhavar Sandhai ),Garlic,Garlic,Local,2026-07-21,21500,22000,21750.0
Tamil Nadu,Dharmapuri,Palacode(Uzhavar Sandhai ),Brinjal,Other,Local,2026-07-21,3400,3600,3500.0
Tamil Nadu,Dharmapuri,Palacode(Uzhavar Sandhai ),Coconut,Coconut,Local,2026-07-21,6000,6500,6250.0
Tamil Nadu,Dharmapuri,Palacode(Uzhavar Sandhai ),Green Avare(W),Green Avare (W),Local,2026-07-21,5800,6000,5900.0
Tamil Nadu,Dharmapuri,Palacode(Uzhavar Sandhai ),Chow Chow,Chow Chow,Local,2026-07-21,3800,4000,3900.0
Tamil Nadu,Dharmapuri,Palacode(Uzhavar Sandhai ),Knool Khol,Knool Khol,Local,2026-07-21,5800,6000,5900.0
Tamil Nadu,Dharmapuri,Palacode(Uzhavar Sandhai ),Elephant Yam(Suran)/Amorphophallus,Elephant Yam (Suran),Local,2026-07-21,4200,4500,4350.0
Tamil Nadu,Dharmapuri,Palacode(Uzhavar Sandhai ),Amla(Nelli Kai),Amla,Local,2026-07-21,7600,8000,7800.0
Tamil Nadu,Dharmapuri,Palacode(Uzhavar Sandhai ),Sweet Corn ,Sweet Corn ,Local,2026-07-21,2800,3000,2900.0
Tamil Nadu,Dharmapuri,Pennagaram(Uzhavar Sandhai ),Garlic,Garlic,Local,2026-07-21,21000,22000,21500.0
Tamil Nadu,Dharmapuri,Pennagaram(Uzhavar Sandhai ),Bhindi(Ladies Finger),Bhindi,Local,2026-07-21,2600,2800,2700.0
Tamil Nadu,Dharmapuri,Pennagaram(Uzhavar Sandhai ),Green Chilli,Green Chilly,Local,2026-07-21,5200,5500,5350.0
Tamil Nadu,Dharmapuri,Pennagaram(Uzhavar Sandhai ),Tapioca,Tapioca,Local,2026-07-21,2800,3000,2900.0
Tamil Nadu,Dharmapuri,Pennagaram(Uzhavar Sandhai ),Sweet Potato,Hosur Red,Local,2026-07-21,2800,3000,2900.0
Tamil Nadu,Dharmapuri,Pennagaram(Uzhavar Sandhai ),Snakeguard,Snakeguard,Local,2026-07-21,3300,3500,3400.0
Tamil Nadu,Dharmapuri,Pennagaram(Uzhavar Sandhai ),Green Avare(W),Green Avare (W),Local,2026-07-21,6500,7000,6750.0
Tamil Nadu,Dharmapuri,Pennagaram(Uzhavar Sandhai ),Knool Khol,Knool Khol,Local,2026-07-21,4600,5000,4800.0
Tamil Nadu,Erode,Periyar Nagar(Uzhavar Sandhai ),Pumpkin,Pumpkin,Local,2026-07-21,2000,2200,2100.0
Tamil Nadu,Erode,Periyar Nagar(Uzhavar Sandhai ),Drumstick,Drumstick,Local,2026-07-21,6000,6500,6250.0
Tamil Nadu,Erode,Periyar Nagar(Uzhavar Sandhai ),Guava,Guava Allahabad,Local,2026-07-21,5500,6000,5750.0
Tamil Nadu,Erode,Periyar Nagar(Uzhavar Sandhai ),Onion Green,Onion Green,Local,2026-07-21,4000,4800,4400.0
Tamil Nadu,Erode,Periyar Nagar(Uzhavar Sandhai ),Mint(Pudina),Mint(Pudina),Local,2026-07-21,4500,5000,4750.0
Tamil Nadu,Erode,Perundurai(Uzhavar Sandhai ),Mango,Safeda,Local,2026-07-21,5500,6000,5750.0
Tamil Nadu,Erode,Perundurai(Uzhavar Sandhai ),Brinjal,Round,Local,2026-07-21,5000,5500,5250.0
Tamil Nadu,Erode,Perundurai(Uzhavar Sandhai ),Snakeguard,Snakeguard,Local,2026-07-21,4500,4800,4650.0
Tamil Nadu,Erode,Perundurai(Uzhavar Sandhai ),Ridgeguard(Tori),Ridgeguard(Tori),Local,2026-07-21,5500,6000,5750.0
Tamil Nadu,Erode,Thalavadi(Uzhavar Sandhai ),Onion,Bellary,Local,2026-07-21,3500,4000,3750.0
Tamil Nadu,Erode,Thalavadi(Uzhavar Sandhai ),Pumpkin,Pumpkin,Local,2026-07-21,1000,1400,1200.0
Tamil Nadu,Erode,Thalavadi(Uzhavar Sandhai ),Amaranthus,Amaranthus,Local,2026-07-21,3500,4000,3750.0
Tamil Nadu,Erode,Thalavadi(Uzhavar Sandhai ),Cucumbar(Kheera),Cucumbar,Local,2026-07-21,2600,3000,2800.0
Tamil Nadu,Erode,Thalavadi(Uzhavar Sandhai ),Raddish,Raddish,Local,2026-07-21,2400,2800,2600.0
Tamil Nadu,Erode,Thalavadi(Uzhavar Sandhai ),Mango(Raw-Ripe),Mango - Raw-Ripe,Local,2026-07-21,2600,3000,2800.0
Tamil Nadu,Kallakuruchi,Sankarapuram(Uzhavar Sandhai ),Groundnut,Big (With Shell),Local,2026-07-21,7000,7000,7000.0
Tamil Nadu,Kallakuruchi,Sankarapuram(Uzhavar Sandhai ),Potato,Red Nanital,Local,2026-07-21,3500,3500,3500.0
Tamil Nadu,Kallakuruchi,Sankarapuram(Uzhavar Sandhai ),Chikoos(Sapota),Sapota,Local,2026-07-21,5000,5000,5000.0
Tamil Nadu,Kallakuruchi,Sankarapuram(Uzhavar Sandhai ),Tomato,Deshi,Local,2026-07-21,2500,2500,2500.0
Tamil Nadu,Kallakuruchi,Sankarapuram(Uzhavar Sandhai ),Cluster beans,Cluster Beans,Local,2026-07-21,5000,5000,5000.0
Tamil Nadu,Kallakuruchi,Sankarapuram(Uzhavar Sandhai ),Bitter gourd,Bitter Gourd,Local,2026-07-21,6000,6000,6000.0
Tamil Nadu,Kallakuruchi,Sankarapuram(Uzhavar Sandhai ),Ashgourd,Gouard,Local,2026-07-21,2000,2000,2000.0
Tamil Nadu,Kallakuruchi,Sankarapuram(Uzhavar Sandhai ),Amaranthus,Amaranthus,Local,2026-07-21,4000,4000,4000.0
Tamil Nadu,Kallakuruchi,Sankarapuram(Uzhavar Sandhai ),Carrot,Pusakesar,Local,2026-07-21,9000,9000,9000.0
Tamil Nadu,Kallakuruchi,Sankarapuram(Uzhavar Sandhai ),Cucumbar(Kheera),Cucumbar,Local,2026-07-21,7000,7000,7000.0
Tamil Nadu,Kallakuruchi,Sankarapuram(Uzhavar Sandhai ),Thondekai,Thondekai,Local,2026-07-21,5000,5000,5000.0
Tamil Nadu,Kallakuruchi,Sankarapuram(Uzhavar Sandhai ),Green Avare(W),Green Avare (W),Local,2026-07-21,10000,10000,10000.0
Tamil Nadu,Kallakuruchi,Sankarapuram(Uzhavar Sandhai ),Guava,Guava Allahabad,Local,2026-07-21,5000,5000,5000.0
Tamil Nadu,Kancheepuram,Kancheepuram(Uzhavar Sandhai ),Mango,Safeda,Local,2026-07-21,3000,6000,4500.0
Tamil Nadu,Kancheepuram,Kancheepuram(Uzhavar Sandhai ),Coriander(Leaves),I Sort,Local,2026-07-21,4000,5000,4500.0
Tamil Nadu,Kancheepuram,Kancheepuram(Uzhavar Sandhai ),Bhindi(Ladies Finger),Bhindi,Local,2026-07-21,3500,4000,3750.0
Tamil Nadu,Kancheepuram,Kancheepuram(Uzhavar Sandhai ),Drumstick,Drumstick,Local,2026-07-21,5000,6000,5500.0
Tamil Nadu,Kancheepuram,Kancheepuram(Uzhavar Sandhai ),Mint(Pudina),Mint(Pudina),Local,2026-07-21,4000,4500,4250.0
Tamil Nadu,Kancheepuram,Kundrathur(Uzhavar Sandhai ),Banana,Red Banana,Local,2026-07-21,7000,8000,7500.0
Tamil Nadu,Kancheepuram,Kundrathur(Uzhavar Sandhai ),Onion,Bellary,Local,2026-07-21,3000,3500,3250.0
Tamil Nadu,Kancheepuram,Kundrathur(Uzhavar Sandhai ),Mousambi(Sweet Lime),Mousambi,Local,2026-07-21,8000,8000,8000.0
Tamil Nadu,Kancheepuram,Kundrathur(Uzhavar Sandhai ),Green Chilli,Green Chilly,Local,2026-07-21,5000,5000,5000.0
Tamil Nadu,Kancheepuram,Kundrathur(Uzhavar Sandhai ),Coconut,Coconut,Local,2026-07-21,5000,6000,5500.0
Tamil Nadu,Kancheepuram,Kundrathur(Uzhavar Sandhai ),Sweet Potato,Hosur Red,Local,2026-07-21,3000,3000,3000.0
Tamil Nadu,Kancheepuram,Kundrathur(Uzhavar Sandhai ),Cabbage,Cabbage,Local,2026-07-21,3000,3000,3000.0
Tamil Nadu,Kancheepuram,Kundrathur(Uzhavar Sandhai ),Cucumbar(Kheera),Cucumbar,Local,2026-07-21,3000,3000,3000.0
Tamil Nadu,Kancheepuram,Kundrathur(Uzhavar Sandhai ),Raddish,Raddish,Local,2026-07-21,3500,3500,3500.0
Tamil Nadu,Kancheepuram,Kundrathur(Uzhavar Sandhai ),Thondekai,Thondekai,Local,2026-07-21,4000,4000,4000.0
Tamil Nadu,Kancheepuram,Padappai(Uzhavar Sandhai ),Banana,Karpura,Local,2026-07-21,4000,4500,4250.0
Tamil Nadu,Kancheepuram,Padappai(Uzhavar Sandhai ),Potato,Other,Local,2026-07-21,2500,3200,2850.0
Tamil Nadu,Kancheepuram,Padappai(Uzhavar Sandhai ),Coriander(Leaves),I Sort,Local,2026-07-21,4000,5000,4500.0
Tamil Nadu,Kancheepuram,Padappai(Uzhavar Sandhai ),Sweet Potato,Hosur Red,Local,2026-07-21,3000,3500,3250.0
Tamil Nadu,Kancheepuram,Padappai(Uzhavar Sandhai ),Ridgeguard(Tori),Ridgeguard(Tori),Local,2026-07-21,5500,6000,5750.0
Tamil Nadu,Kancheepuram,Padappai(Uzhavar Sandhai ),Green Avare(W),Other,Local,2026-07-21,5500,6500,6000.0
Tamil Nadu,Kancheepuram,Sunguvarchatram(Uzhavar Sandhai ),Bitter gourd,Bitter Gourd,Local,2026-07-21,4000,4000,4000.0
Tamil Nadu,Kancheepuram,Sunguvarchatram(Uzhavar Sandhai ),Pumpkin,Pumpkin,Local,2026-07-21,2000,2000,2000.0
Tamil Nadu,Kancheepuram,Sunguvarchatram(Uzhavar Sandhai ),Banana - Green,Banana - Green,Local,2026-07-21,3000,3000,3000.0
Tamil Nadu,Kancheepuram,Sunguvarchatram(Uzhavar Sandhai ),Cabbage,Cabbage,Local,2026-07-21,3000,3000,3000.0
Tamil Nadu,Kancheepuram,Sunguvarchatram(Uzhavar Sandhai ),Colacasia,Colacasia,Local,2026-07-21,3000,3000,3000.0
Tamil Nadu,Krishnagiri,Avallapalli(Uzhavar Sandhai ),Garlic,Garlic,Local,2026-07-21,22000,24000,23000.0
Tamil Nadu,Krishnagiri,Avallapalli(Uzhavar Sandhai ),Papaya,Papaya,Local,2026-07-21,3000,3500,3250.0
Tamil Nadu,Krishnagiri,Avallapalli(Uzhavar Sandhai ),Carrot,Pusakesar,Local,2026-07-21,6000,7000,6500.0
Tamil Nadu,Krishnagiri,Avallapalli(Uzhavar Sandhai ),Ridgeguard(Tori),Ridgeguard(Tori),Local,2026-07-21,4500,5000,4750.0
Tamil Nadu,Krishnagiri,Avallapalli(Uzhavar Sandhai ),Drumstick,Drumstick,Local,2026-07-21,6000,7000,6500.0
Tamil Nadu,Krishnagiri,Avallapalli(Uzhavar Sandhai ),Mint(Pudina),Mint(Pudina),Local,2026-07-21,4500,5000,4750.0
Tamil Nadu,Krishnagiri,Hosur(Uzhavar Sandhai ),Banana,Red Banana,Local,2026-07-21,6000,7000,6500.0
Tamil Nadu,Krishnagiri,Hosur(Uzhavar Sandhai ),Papaya,Papaya,Local,2026-07-21,3000,3500,3250.0
Tamil Nadu,Krishnagiri,Hosur(Uzhavar Sandhai ),Tomato,Local,Local,2026-07-21,1500,2000,1750.0
Tamil Nadu,Krishnagiri,Hosur(Uzhavar Sandhai ),Cluster beans,Cluster Beans,Local,2026-07-21,4000,5000,4500.0
Tamil Nadu,Krishnagiri,Hosur(Uzhavar Sandhai ),Tapioca,Tapioca,Local,2026-07-21,3500,4000,3750.0
Tamil Nadu,Krishnagiri,Hosur(Uzhavar Sandhai ),Ginger(Green),Green Ginger,Local,2026-07-21,16000,18000,17000.0
Tamil Nadu,Krishnagiri,Hosur(Uzhavar Sandhai ),Thondekai,Thondekai,Local,2026-07-21,4000,5000,4500.0
Tamil Nadu,Krishnagiri,Hosur(Uzhavar Sandhai ),Green Avare(W),Green Avare (W),Local,2026-07-21,5000,6000,5500.0
Tamil Nadu,Krishnagiri,Hosur(Uzhavar Sandhai ),Tube Flower,Tube Flower,Local,2026-07-21,50000,60000,55000.0
Tamil Nadu,Krishnagiri,Hosur(Uzhavar Sandhai ),Yam(Ratalu),Yam (Ratalu),Local,2026-07-21,4000,5000,4500.0
Tamil Nadu,Krishnagiri,Krishnagiri(Uzhavar Sandhai ),Banana,Besrai,Local,2026-07-21,6000,6500,6250.0
Tamil Nadu,Krishnagiri,Krishnagiri(Uzhavar Sandhai ),Bitter gourd,Bitter Gourd,Local,2026-07-21,3000,4000,3500.0
Tamil Nadu,Krishnagiri,Krishnagiri(Uzhavar Sandhai ),Pumpkin,Pumpkin,Local,2026-07-21,1500,2000,1750.0
Tamil Nadu,Krishnagiri,Krishnagiri(Uzhavar Sandhai ),Bhindi(Ladies Finger),Bhindi,Local,2026-07-21,2500,3000,2750.0
Tamil Nadu,Krishnagiri,Krishnagiri(Uzhavar Sandhai ),Cabbage,Cabbage,Local,2026-07-21,3000,4000,3500.0
Tamil Nadu,Krishnagiri,Krishnagiri(Uzhavar Sandhai ),Capsicum,Capsicum,Local,2026-07-21,8000,9000,8500.0
Tamil Nadu,Krishnagiri,Krishnagiri(Uzhavar Sandhai ),Green Avare(W),Green Avare (W),Local,2026-07-21,4000,5000,4500.0
Tamil Nadu,Krishnagiri,Krishnagiri(Uzhavar Sandhai ),Amla(Nelli Kai),Amla,Local,2026-07-21,7000,8000,7500.0
Tamil Nadu,Krishnagiri,Krishnagiri(Uzhavar Sandhai ),Mint(Pudina),Mint(Pudina),Local,2026-07-21,2500,3000,2750.0
Tamil Nadu,Krishnagiri,Krishnagiri(Uzhavar Sandhai ),Rose(Local),Rose (Local),Local,2026-07-21,16000,18000,17000.0
Tamil Nadu,Madurai,Anaiyur(Uzhavar Sandhai ),Cauliflower,Ranchi,Local,2026-07-21,3500,4000,3750.0
Tamil Nadu,Madurai,Anaiyur(Uzhavar Sandhai ),Coriander(Leaves),I Sort,Local,2026-07-21,6000,6500,6250.0
Tamil Nadu,Madurai,Anaiyur(Uzhavar Sandhai ),Cluster beans,Cluster Beans,Local,2026-07-21,3800,4200,4000.0
Tamil Nadu,Madurai,Anaiyur(Uzhavar Sandhai ),Carrot,Pusakesar,Local,2026-07-21,6000,8500,7250.0
Tamil Nadu,Madurai,Anaiyur(Uzhavar Sandhai ),Cucumbar(Kheera),Cucumbar,Local,2026-07-21,4000,9000,6500.0
Tamil Nadu,Madurai,Anaiyur(Uzhavar Sandhai ),Capsicum,Capsicum,Local,2026-07-21,9000,10000,9500.0
Tamil Nadu,Madurai,Anaiyur(Uzhavar Sandhai ),Chow Chow,Chow Chow,Local,2026-07-21,2000,2400,2200.0
Tamil Nadu,Madurai,Anaiyur(Uzhavar Sandhai ),Lime,Lime,Local,2026-07-21,15000,16000,15500.0
Tamil Nadu,Madurai,Usilampatti(Uzhavar Sandhai ),Brinjal,Round,Local,2026-07-21,4500,5000,4750.0
Tamil Nadu,Madurai,Usilampatti(Uzhavar Sandhai ),Cluster beans,Cluster Beans,Local,2026-07-21,3800,4200,4000.0
Tamil Nadu,Madurai,Usilampatti(Uzhavar Sandhai ),Tapioca,Tapioca,Local,2026-07-21,3000,4000,3500.0
Tamil Nadu,Madurai,Usilampatti(Uzhavar Sandhai ),Elephant Yam(Suran)/Amorphophallus,Elephant Yam (Suran),Local,2026-07-21,4000,4500,4250.0
Tamil Nadu,Nagapattinam,Nagapattinam(Uzhavar Sandhai ),Groundnut,Big (With Shell),Local,2026-07-21,5000,5500,5250.0
Tamil Nadu,Nagapattinam,Nagapattinam(Uzhavar Sandhai ),Coriander(Leaves),I Sort,Local,2026-07-21,3700,3700,3700.0
Tamil Nadu,Nagapattinam,Nagapattinam(Uzhavar Sandhai ),Papaya,Papaya,Local,2026-07-21,3800,3800,3800.0
Tamil Nadu,Nagapattinam,Nagapattinam(Uzhavar Sandhai ),Coconut,Coconut,Local,2026-07-21,4300,4900,4600.0
Tamil Nadu,Nagapattinam,Nagapattinam(Uzhavar Sandhai ),Beetroot,Beetroot,Local,2026-07-21,3400,3800,3600.0
Tamil Nadu,Nagapattinam,Nagapattinam(Uzhavar Sandhai ),Cucumbar(Kheera),Cucumbar,Local,2026-07-21,8700,8700,8700.0
Tamil Nadu,Nagapattinam,Nagapattinam(Uzhavar Sandhai ),Tamarind Fruit,Tamarind Fruit,Local,2026-07-21,11500,13000,12250.0
Tamil Nadu,Nagapattinam,Nagapattinam(Uzhavar Sandhai ),Elephant Yam(Suran)/Amorphophallus,Elephant Yam (Suran),Local,2026-07-21,6500,7000,6750.0
Tamil Nadu,Nagapattinam,Nagapattinam(Uzhavar Sandhai ),Lemon,Lemon,Local,2026-07-21,4500,5000,4750.0
Tamil Nadu,Nagapattinam,Sirkali(Uzhavar Sandhai ),Potato,Red Nanital,Local,2026-07-21,3600,4000,3800.0
Tamil Nadu,Nagapattinam,Sirkali(Uzhavar Sandhai ),Papaya,Papaya,Local,2026-07-21,2500,3000,2750.0
Tamil Nadu,Nagapattinam,Sirkali(Uzhavar Sandhai ),Cluster beans,Cluster Beans,Local,2026-07-21,4500,5000,4750.0
Tamil Nadu,Nagapattinam,Sirkali(Uzhavar Sandhai ),Pumpkin,Pumpkin,Local,2026-07-21,2500,3000,2750.0
Tamil Nadu,Nagapattinam,Sirkali(Uzhavar Sandhai ),Bhindi(Ladies Finger),Bhindi,Local,2026-07-21,4500,5000,4750.0
Tamil Nadu,Nagapattinam,Sirkali(Uzhavar Sandhai ),Coconut,Coconut,Local,2026-07-21,3500,4000,3750.0
Tamil Nadu,Nagapattinam,Sirkali(Uzhavar Sandhai ),Green Avare(W),Green Avare (W),Local,2026-07-21,6500,7000,6750.0
Tamil Nadu,Nagapattinam,Sirkali(Uzhavar Sandhai ),Drumstick,Drumstick,Local,2026-07-21,5500,6000,5750.0
Tamil Nadu,Nagapattinam,Sirkali(Uzhavar Sandhai ),Tender Coconut,Tender Coconut,Local,2026-07-21,2000,2500,2250.0
Tamil Nadu,Nagapattinam,Sirkali(Uzhavar Sandhai ),Onion Green,Onion Green,Local,2026-07-21,5500,6000,5750.0
Tamil Nadu,Nagapattinam,Vedaranyam(Uzhavar Sandhai),Banana,Besrai,Local,2026-07-21,3800,4000,3900.0
Tamil Nadu,Nagapattinam,Vedaranyam(Uzhavar Sandhai),Yam(Ratalu),Yam (Ratalu),Local,2026-07-21,5800,6000,5900.0
Tamil Nadu,Nagapattinam,Vedaranyam(Uzhavar Sandhai),Onion Green,Onion Green,Local,2026-07-21,3800,4000,3900.0
Tamil Nadu,Namakkal,Kumarapalayam(Uzhavar Sandhai ),Mango,Other,Local,2026-07-21,4500,5000,4750.0
Tamil Nadu,Namakkal,Kumarapalayam(Uzhavar Sandhai ),Banana,Karpura,Local,2026-07-21,3500,4000,3750.0
Tamil Nadu,Namakkal,Kumarapalayam(Uzhavar Sandhai ),Brinjal,Round,Local,2026-07-21,7000,7500,7250.0
Tamil Nadu,Namakkal,Kumarapalayam(Uzhavar Sandhai ),Water Melon,Water Melon,Local,2026-07-21,1500,2000,1750.0
Tamil Nadu,Namakkal,Kumarapalayam(Uzhavar Sandhai ),Beans,Beans (Whole),Local,2026-07-21,9000,9500,9250.0
Tamil Nadu,Namakkal,Kumarapalayam(Uzhavar Sandhai ),Tapioca,Tapioca,Local,2026-07-21,3300,3800,3550.0
Tamil Nadu,Namakkal,Kumarapalayam(Uzhavar Sandhai ),Coconut,Coconut,Local,2026-07-21,5000,5400,5200.0
Tamil Nadu,Namakkal,Kumarapalayam(Uzhavar Sandhai ),Ridgeguard(Tori),Ridgeguard(Tori),Local,2026-07-21,6300,6800,6550.0
Tamil Nadu,Namakkal,Kumarapalayam(Uzhavar Sandhai ),Drumstick,Drumstick,Local,2026-07-21,6500,7000,6750.0
Tamil Nadu,Namakkal,Kumarapalayam(Uzhavar Sandhai ),Lime,Lime,Local,2026-07-21,3500,3800,3650.0
Tamil Nadu,Namakkal,Kumarapalayam(Uzhavar Sandhai ),Guava,Guava Allahabad,Local,2026-07-21,6500,7000,6750.0
Tamil Nadu,Namakkal,Kumarapalayam(Uzhavar Sandhai ),Lemon,Lemon,Local,2026-07-21,5000,5500,5250.0
Tamil Nadu,Namakkal,Kumarapalayam(Uzhavar Sandhai ),Mint(Pudina),Mint(Pudina),Local,2026-07-21,4500,5000,4750.0
Tamil Nadu,Namakkal,Kumarapalayam(Uzhavar Sandhai ),Baby Corn,Baby Corn,Grade A,2026-07-21,2500,3000,2750.0
Tamil Nadu,Namakkal,Mohanur(Uzhavar Sandhai ),Cluster beans,Cluster Beans,Local,2026-07-21,3500,4000,3750.0
Tamil Nadu,Namakkal,Mohanur(Uzhavar Sandhai ),Beans,Beans (Whole),Local,2026-07-21,8000,9000,8500.0
Tamil Nadu,Namakkal,Mohanur(Uzhavar Sandhai ),Ginger(Green),Green Ginger,Local,2026-07-21,22000,24000,23000.0
Tamil Nadu,Namakkal,Mohanur(Uzhavar Sandhai ),Carrot,Pusakesar,Local,2026-07-21,7000,8000,7500.0
Tamil Nadu,Namakkal,Mohanur(Uzhavar Sandhai ),Green Avare(W),Other,Local,2026-07-21,11000,12000,11500.0
Tamil Nadu,Namakkal,Namakkal(Uzhavar Sandhai ),Potato,Other,Local,2026-07-21,2500,2800,2650.0
Tamil Nadu,Namakkal,Namakkal(Uzhavar Sandhai ),Coriander(Leaves),I Sort,Local,2026-07-21,8000,10000,9000.0
Tamil Nadu,Namakkal,Namakkal(Uzhavar Sandhai ),Bitter gourd,Other,Local,2026-07-21,6500,7000,6750.0
Tamil Nadu,Namakkal,Namakkal(Uzhavar Sandhai ),Amaranthus,Amaranthus,Local,2026-07-21,3500,4000,3750.0
Tamil Nadu,Namakkal,Namakkal(Uzhavar Sandhai ),Ginger(Green),Green Ginger,Local,2026-07-21,17000,19000,18000.0
Tamil Nadu,Namakkal,Namakkal(Uzhavar Sandhai ),Mango(Raw-Ripe),Mango - Raw-Ripe,Local,2026-07-21,2500,3000,2750.0
Tamil Nadu,Namakkal,Namakkal(Uzhavar Sandhai ),Mint(Pudina),Mint(Pudina),Local,2026-07-21,4000,5000,4500.0
Tamil Nadu,Namakkal,Paramathivelur(Uzhavar Sandhai ),Cauliflower,Ranchi,Local,2026-07-21,3000,3500,3250.0
Tamil Nadu,Namakkal,Paramathivelur(Uzhavar Sandhai ),Brinjal,Round,Local,2026-07-21,6000,7000,6500.0
Tamil Nadu,Namakkal,Paramathivelur(Uzhavar Sandhai ),Bhindi(Ladies Finger),Bhindi,Local,2026-07-21,3500,4000,3750.0
Tamil Nadu,Namakkal,Paramathivelur(Uzhavar Sandhai ),Cabbage,Cabbage,Local,2026-07-21,3000,3500,3250.0
Tamil Nadu,Namakkal,Paramathivelur(Uzhavar Sandhai ),Elephant Yam(Suran)/Amorphophallus,Elephant Yam (Suran),Local,2026-07-21,3000,3500,3250.0
Tamil Nadu,Namakkal,Paramathivelur(Uzhavar Sandhai ),Mint(Pudina),Mint(Pudina),Local,2026-07-21,3000,4000,3500.0
Tamil Nadu,Namakkal,Paramathivelur(Uzhavar Sandhai ),Sweet Corn ,Sweet Corn ,Local,2026-07-21,3000,3500,3250.0
Tamil Nadu,Namakkal,Rasipuram(Uzhavar Sandhai ),Pineapple,Pine Apple,Local,2026-07-21,4500,5500,5000.0
Tamil Nadu,Namakkal,Rasipuram(Uzhavar Sandhai ),Groundnut,Big (With Shell),Local,2026-07-21,6500,7000,6750.0
Tamil Nadu,Namakkal,Rasipuram(Uzhavar Sandhai ),Chili Red,Bold,Local,2026-07-21,14000,15000,14500.0
Tamil Nadu,Namakkal,Rasipuram(Uzhavar Sandhai ),Bitter gourd,Other,Local,2026-07-21,6400,7000,6700.0
Tamil Nadu,Namakkal,Rasipuram(Uzhavar Sandhai ),Amaranthus,Amaranthus,Local,2026-07-21,3500,4000,3750.0
Tamil Nadu,Namakkal,Rasipuram(Uzhavar Sandhai ),Tapioca,Tapioca,Local,2026-07-21,3000,3600,3300.0
Tamil Nadu,Namakkal,Rasipuram(Uzhavar Sandhai ),Ginger(Green),Green Ginger,Local,2026-07-21,19000,20000,19500.0
Tamil Nadu,Namakkal,Rasipuram(Uzhavar Sandhai ),Carrot,Pusakesar,Local,2026-07-21,7500,8000,7750.0
Tamil Nadu,Namakkal,Rasipuram(Uzhavar Sandhai ),Drumstick,Drumstick,Local,2026-07-21,6500,7000,6750.0
Tamil Nadu,Namakkal,Rasipuram(Uzhavar Sandhai ),Tender Coconut,Tender Coconut,Local,2026-07-21,3500,4000,3750.0
Tamil Nadu,Namakkal,Rasipuram(Uzhavar Sandhai ),Fig(Anjura/Anjeer),Anjura,Local,2026-07-21,13000,15000,14000.0
Tamil Nadu,Namakkal,Rasipuram(Uzhavar Sandhai ),Tamarind Fruit,Tamarind Fruit,Local,2026-07-21,13000,15000,14000.0
Tamil Nadu,Namakkal,Rasipuram(Uzhavar Sandhai ),Amla(Nelli Kai),Amla,Local,2026-07-21,8000,9000,8500.0
Tamil Nadu,Namakkal,Rasipuram(Uzhavar Sandhai ),Rose(Local),Rose (Local),Local,2026-07-21,14000,16000,15000.0
Tamil Nadu,Madurai,Palanganatham(Uzhavar Sandhai ),Potato,Other,Local,2026-07-21,4000,6000,5000.0
Tamil Nadu,Madurai,Palanganatham(Uzhavar Sandhai ),Garlic,Garlic,Local,2026-07-21,12000,25000,18500.0
Tamil Nadu,Madurai,Palanganatham(Uzhavar Sandhai ),Tomato,Other,Local,2026-07-21,2000,2100,2050.0
Tamil Nadu,Madurai,Palanganatham(Uzhavar Sandhai ),Bitter gourd,Bitter Gourd,Local,2026-07-21,5000,7000,6000.0
Tamil Nadu,Madurai,Palanganatham(Uzhavar Sandhai ),Bottle gourd,Bottle Gourd,Local,2026-07-21,2500,3600,3050.0
Tamil Nadu,Madurai,Palanganatham(Uzhavar Sandhai ),Pumpkin,Pumpkin,Local,2026-07-21,2000,2400,2200.0
Tamil Nadu,Madurai,Palanganatham(Uzhavar Sandhai ),Bhindi(Ladies Finger),Bhindi,Local,2026-07-21,3000,3600,3300.0
Tamil Nadu,Madurai,Palanganatham(Uzhavar Sandhai ),Coconut,Coconut,Local,2026-07-21,4800,5600,5200.0
Tamil Nadu,Madurai,Palanganatham(Uzhavar Sandhai ),Carrot,Pusakesar,Local,2026-07-21,5000,8000,6500.0
Tamil Nadu,Madurai,Palanganatham(Uzhavar Sandhai ),Ridgeguard(Tori),Ridgeguard(Tori),Local,2026-07-21,4000,6000,5000.0
Tamil Nadu,Madurai,Palanganatham(Uzhavar Sandhai ),Yam(Ratalu),Yam (Ratalu),Local,2026-07-21,8000,9000,8500.0
Tamil Nadu,Madurai,Palanganatham(Uzhavar Sandhai ),Indian Beans(Seam),Indian Beans (Seam),Local,2026-07-21,5000,6000,5500.0
Tamil Nadu,Madurai,Palanganatham(Uzhavar Sandhai ),Colacasia,Colacasia,Local,2026-07-21,4000,5000,4500.0
Tamil Nadu,Madurai,Anna nagar(Uzhavar Sandhai ),Onion,Bellary,Local,2026-07-21,4000,4400,4200.0
Tamil Nadu,Madurai,Anna nagar(Uzhavar Sandhai ),Potato,Other,Local,2026-07-21,6600,6600,6600.0
Tamil Nadu,Madurai,Anna nagar(Uzhavar Sandhai ),Brinjal,Other,Local,2026-07-21,4600,4600,4600.0
Tamil Nadu,Madurai,Anna nagar(Uzhavar Sandhai ),Coriander(Leaves),I Sort,Local,2026-07-21,5000,5000,5000.0
Tamil Nadu,Madurai,Anna nagar(Uzhavar Sandhai ),Tomato,Other,Local,2026-07-21,1800,2000,1900.0
Tamil Nadu,Madurai,Anna nagar(Uzhavar Sandhai ),Cluster beans,Cluster Beans,Local,2026-07-21,4600,5000,4800.0
Tamil Nadu,Madurai,Anna nagar(Uzhavar Sandhai ),Bottle gourd,Bottle Gourd,Local,2026-07-21,2600,3000,2800.0
Tamil Nadu,Madurai,Anna nagar(Uzhavar Sandhai ),Bhindi(Ladies Finger),Bhindi,Local,2026-07-21,4000,4600,4300.0
Tamil Nadu,Madurai,Anna nagar(Uzhavar Sandhai ),Cucumbar(Kheera),Cucumbar,Local,2026-07-21,6000,6600,6300.0
Tamil Nadu,Madurai,Anna nagar(Uzhavar Sandhai ),Rose(Local),Rose (Local),Local,2026-07-21,16000,16000,16000.0
Tamil Nadu,Perambalur,Perambalur(Uzhavar Sandhai ),Mango,Other,Local,2026-07-21,5000,6000,5500.0
Tamil Nadu,Perambalur,Perambalur(Uzhavar Sandhai ),Groundnut,Big (With Shell),Local,2026-07-21,8000,9000,8500.0
Tamil Nadu,Perambalur,Perambalur(Uzhavar Sandhai ),Garlic,Garlic,Local,2026-07-21,17000,18000,17500.0
Tamil Nadu,Perambalur,Perambalur(Uzhavar Sandhai ),Brinjal,Other,Local,2026-07-21,5600,5600,5600.0
Tamil Nadu,Perambalur,Perambalur(Uzhavar Sandhai ),Cluster beans,Cluster Beans,Local,2026-07-21,5600,5600,5600.0
Tamil Nadu,Perambalur,Perambalur(Uzhavar Sandhai ),Bottle gourd,Bottle Gourd,Local,2026-07-21,1800,2000,1900.0
Tamil Nadu,Perambalur,Perambalur(Uzhavar Sandhai ),Green Chilli,Green Chilly,Local,2026-07-21,4800,5000,4900.0
Tamil Nadu,Perambalur,Perambalur(Uzhavar Sandhai ),Beans,Beans (Whole),Local,2026-07-21,6800,7600,7200.0
Tamil Nadu,Perambalur,Perambalur(Uzhavar Sandhai ),Sweet Potato,Hosur Red,Local,2026-07-21,4800,5200,5000.0
Tamil Nadu,Perambalur,Perambalur(Uzhavar Sandhai ),Cabbage,Cabbage,Local,2026-07-21,4800,4800,4800.0
Tamil Nadu,Perambalur,Perambalur(Uzhavar Sandhai ),Guava,Guava Allahabad,Local,2026-07-21,6000,7000,6500.0
Tamil Nadu,Perambalur,Perambalur(Uzhavar Sandhai ),Indian Beans(Seam),Indian Beans (Seam),Local,2026-07-21,8000,8000,8000.0
Tamil Nadu,Ranipet,Arcot(Uzhavar Sandhai ),Brinjal,Other,Local,2026-07-21,8000,9600,8800.0
Tamil Nadu,Ranipet,Arcot(Uzhavar Sandhai ),Coriander(Leaves),I Sort,Local,2026-07-21,6000,6000,6000.0
Tamil Nadu,Ranipet,Arcot(Uzhavar Sandhai ),Bitter gourd,Bitter Gourd,Local,2026-07-21,5000,6000,5500.0
Tamil Nadu,Ranipet,Arcot(Uzhavar Sandhai ),Bhindi(Ladies Finger),Bhindi,Local,2026-07-21,4000,4000,4000.0
Tamil Nadu,Ranipet,Arcot(Uzhavar Sandhai ),Amaranthus,Amaranthus,Local,2026-07-21,2500,3000,2750.0
Tamil Nadu,Ranipet,Arcot(Uzhavar Sandhai ),Cabbage,Cabbage,Local,2026-07-21,3500,3500,3500.0
Tamil Nadu,Ranipet,Arcot(Uzhavar Sandhai ),Raddish,Raddish,Local,2026-07-21,4400,4400,4400.0
Tamil Nadu,Ranipet,Arcot(Uzhavar Sandhai ),Green Avare(W),Green Avare (W),Local,2026-07-21,6000,6000,6000.0
Tamil Nadu,Ranipet,Arcot(Uzhavar Sandhai ),Mango(Raw-Ripe),Mango - Raw-Ripe,Local,2026-07-21,3000,3000,3000.0
Tamil Nadu,Ranipet,Arcot(Uzhavar Sandhai ),Knool Khol,Knool Khol,Local,2026-07-21,5600,5600,5600.0
Tamil Nadu,Ranipet,Arcot(Uzhavar Sandhai ),Colacasia,Colacasia,Local,2026-07-21,4000,4000,4000.0
Tamil Nadu,Ranipet,Ranipettai(Uzhavar Sandhai ),Mango,Safeda,Local,2026-07-21,4000,8000,6000.0
Tamil Nadu,Ranipet,Ranipettai(Uzhavar Sandhai ),Onion,Bellary,Local,2026-07-21,3500,3500,3500.0
Tamil Nadu,Ranipet,Ranipettai(Uzhavar Sandhai ),Brinjal,Other,Local,2026-07-21,7000,9000,8000.0
Tamil Nadu,Ranipet,Ranipettai(Uzhavar Sandhai ),Coriander(Leaves),I Sort,Local,2026-07-21,6000,6000,6000.0
Tamil Nadu,Ranipet,Ranipettai(Uzhavar Sandhai ),Ashgourd,Gouard,Local,2026-07-21,3000,3000,3000.0
Tamil Nadu,Ranipet,Ranipettai(Uzhavar Sandhai ),Beans,Beans (Whole),Local,2026-07-21,5600,6000,5800.0
Tamil Nadu,Ranipet,Ranipettai(Uzhavar Sandhai ),Snakeguard,Snakeguard,Local,2026-07-21,4000,4000,4000.0
Tamil Nadu,Ranipet,Ranipettai(Uzhavar Sandhai ),Green Avare(W),Other,Local,2026-07-21,5200,5200,5200.0
Tamil Nadu,Ranipet,Ranipettai(Uzhavar Sandhai ),Chow Chow,Chow Chow,Local,2026-07-21,4000,4000,4000.0
Tamil Nadu,Ranipet,Ranipettai(Uzhavar Sandhai ),Marigold(Calcutta),Marigold(Calcutta),Local,2026-07-21,48000,48000,48000.0
Tamil Nadu,Salem,Ammapet(Uzhavar Sandhai ),Groundnut,Big (With Shell),Local,2026-07-21,6500,7000,6750.0
Tamil Nadu,Salem,Ammapet(Uzhavar Sandhai ),Orange,Darjeeling,Local,2026-07-21,7000,8000,7500.0
Tamil Nadu,Salem,Ammapet(Uzhavar Sandhai ),Chikoos(Sapota),Sapota,Local,2026-07-21,3000,4000,3500.0
Tamil Nadu,Salem,Ammapet(Uzhavar Sandhai ),Ashgourd,Gouard,Local,2026-07-21,2000,2400,2200.0
Tamil Nadu,Salem,Ammapet(Uzhavar Sandhai ),Bhindi(Ladies Finger),Bhindi,Local,2026-07-21,3200,3600,3400.0
Tamil Nadu,Salem,Ammapet(Uzhavar Sandhai ),Amaranthus,Amaranthus,Local,2026-07-21,2500,2800,2650.0
Tamil Nadu,Salem,Ammapet(Uzhavar Sandhai ),Mango(Raw-Ripe),Mango - Raw-Ripe,Local,2026-07-21,3000,3500,3250.0
Tamil Nadu,Salem,Ammapet(Uzhavar Sandhai ),Lemon,Lemon,Local,2026-07-21,4000,5000,4500.0
Tamil Nadu,Salem,Ammapet(Uzhavar Sandhai ),Onion Green,Onion Green,Local,2026-07-21,5000,5400,5200.0
Tamil Nadu,Salem,Ammapet(Uzhavar Sandhai ),Mint(Pudina),Mint(Pudina),Local,2026-07-21,4500,5000,4750.0
Tamil Nadu,Salem,Ammapet(Uzhavar Sandhai ),Baby Corn,Baby Corn,Grade A,2026-07-21,2500,3000,2750.0
Tamil Nadu,Salem,Mecheri(Uzhavar Sandhai),Amaranthus,Amaranthus,Local,2026-07-21,2000,2500,2250.0
Tamil Nadu,Salem,Mecheri(Uzhavar Sandhai),Raddish,Raddish,Local,2026-07-21,3000,3500,3250.0
Tamil Nadu,Salem,Mecheri(Uzhavar Sandhai),Drumstick,Drumstick,Local,2026-07-21,5000,6000,5500.0
Tamil Nadu,Salem,Mettur(Uzhavar Sandhai ),Bottle gourd,Bottle Gourd,Local,2026-07-21,1500,2000,1750.0
Tamil Nadu,Salem,Mettur(Uzhavar Sandhai ),Banana - Green,Banana - Green,Local,2026-07-21,2500,3000,2750.0
Tamil Nadu,Salem,Mettur(Uzhavar Sandhai ),Snakeguard,Snakeguard,Local,2026-07-21,3400,3800,3600.0
Tamil Nadu,Salem,Mettur(Uzhavar Sandhai ),Beetroot,Beetroot,Local,2026-07-21,6000,7000,6500.0
Tamil Nadu,Salem,Mettur(Uzhavar Sandhai ),Lemon,Lemon,Local,2026-07-21,4000,5000,4500.0
Tamil Nadu,Salem,Mettur(Uzhavar Sandhai ),Amla(Nelli Kai),Amla,Local,2026-07-21,6000,7000,6500.0
Tamil Nadu,Salem,Sooramangalam(Uzhavar Sandhai ),Banana,Red Banana,Local,2026-07-21,6000,7000,6500.0
Tamil Nadu,Salem,Sooramangalam(Uzhavar Sandhai ),Brinjal,Other,Local,2026-07-21,4400,4600,4500.0
Tamil Nadu,Salem,Sooramangalam(Uzhavar Sandhai ),Coriander(Leaves),I Sort,Local,2026-07-21,5800,6000,5900.0
Tamil Nadu,Salem,Sooramangalam(Uzhavar Sandhai ),Tomato,Local,Local,2026-07-21,1600,1800,1700.0
Tamil Nadu,Salem,Sooramangalam(Uzhavar Sandhai ),Bottle gourd,Bottle Gourd,Local,2026-07-21,2000,3000,2500.0
Tamil Nadu,Salem,Sooramangalam(Uzhavar Sandhai ),Amaranthus,Amaranthus,Local,2026-07-21,1800,2000,1900.0
Tamil Nadu,Salem,Sooramangalam(Uzhavar Sandhai ),Sweet Potato,Hosur Red,Local,2026-07-21,4000,4500,4250.0
Tamil Nadu,Salem,Sooramangalam(Uzhavar Sandhai ),Snakeguard,Snakeguard,Local,2026-07-21,3600,3800,3700.0
Tamil Nadu,Salem,Sooramangalam(Uzhavar Sandhai ),Beetroot,Beetroot,Local,2026-07-21,7500,7800,7650.0
Tamil Nadu,Salem,Sooramangalam(Uzhavar Sandhai ),Cucumbar(Kheera),Cucumbar,Local,2026-07-21,3500,4000,3750.0
Tamil Nadu,Salem,Sooramangalam(Uzhavar Sandhai ),Raddish,Raddish,Local,2026-07-21,3200,3500,3350.0
Tamil Nadu,Salem,Sooramangalam(Uzhavar Sandhai ),Drumstick,Drumstick,Local,2026-07-21,5000,6000,5500.0
Tamil Nadu,Salem,Sooramangalam(Uzhavar Sandhai ),Knool Khol,Knool Khol,Local,2026-07-21,5800,6000,5900.0
Tamil Nadu,Salem,Sooramangalam(Uzhavar Sandhai ),Lime,Lime,Local,2026-07-21,3000,3500,3250.0
Tamil Nadu,Salem,Sooramangalam(Uzhavar Sandhai ),Lemon,Lemon,Local,2026-07-21,7000,8000,7500.0
Tamil Nadu,Salem,Sooramangalam(Uzhavar Sandhai ),Amla(Nelli Kai),Amla,Local,2026-07-21,5500,6000,5750.0
Tamil Nadu,Salem,Sooramangalam(Uzhavar Sandhai ),Rose(Local),Rose (Local),Local,2026-07-21,5000,6000,5500.0
Tamil Nadu,Salem,Thammampatti (Uzhavar Sandhai ),Tomato,Deshi,Local,2026-07-21,1200,1800,1500.0
Tamil Nadu,Salem,Thammampatti (Uzhavar Sandhai ),Ashgourd,Gouard,Local,2026-07-21,2000,2000,2000.0
Tamil Nadu,Salem,Thammampatti (Uzhavar Sandhai ),Ginger(Green),Green Ginger,Local,2026-07-21,12000,18000,15000.0
Tamil Nadu,Salem,Thammampatti (Uzhavar Sandhai ),Snakeguard,Snakeguard,Local,2026-07-21,3500,3800,3650.0
Tamil Nadu,Salem,Thammampatti (Uzhavar Sandhai ),Beetroot,Beetroot,Local,2026-07-21,6000,6500,6250.0
Tamil Nadu,Salem,Thammampatti (Uzhavar Sandhai ),Ridgeguard(Tori),Ridgeguard(Tori),Local,2026-07-21,4500,5000,4750.0
Tamil Nadu,Salem,Thammampatti (Uzhavar Sandhai ),Raddish,Raddish,Local,2026-07-21,2000,2500,2250.0
Tamil Nadu,Salem,Thammampatti (Uzhavar Sandhai ),Elephant Yam(Suran)/Amorphophallus,Elephant Yam (Suran),Local,2026-07-21,2000,2500,2250.0
Tamil Nadu,Salem,Thammampatti (Uzhavar Sandhai ),Custard Apple(Sharifa),Custard Apple(Sharifa),Local,2026-07-21,4000,4000,4000.0
Tamil Nadu,Salem,Thammampatti (Uzhavar Sandhai ),Amla(Nelli Kai),Amla,Local,2026-07-21,6000,7000,6500.0
Tamil Nadu,Salem,Thathakapatti(Uzhavar Sandhai ),Mango,Safeda,Local,2026-07-21,5000,6000,5500.0
Tamil Nadu,Salem,Thathakapatti(Uzhavar Sandhai ),Onion,Bellary,Local,2026-07-21,3800,4000,3900.0
Tamil Nadu,Salem,Thathakapatti(Uzhavar Sandhai ),Garlic,Garlic,Local,2026-07-21,20000,25000,22500.0
Tamil Nadu,Salem,Thathakapatti(Uzhavar Sandhai ),Tomato,Deshi,Local,2026-07-21,1500,1800,1650.0
Tamil Nadu,Salem,Thathakapatti(Uzhavar Sandhai ),Ashgourd,Gouard,Local,2026-07-21,2400,2600,2500.0
Tamil Nadu,Salem,Thathakapatti(Uzhavar Sandhai ),Pumpkin,Pumpkin,Local,2026-07-21,2000,2200,2100.0
Tamil Nadu,Salem,Thathakapatti(Uzhavar Sandhai ),Cowpea(Veg),Cowpea (Veg),Local,2026-07-21,3500,4000,3750.0
Tamil Nadu,Salem,Thathakapatti(Uzhavar Sandhai ),Banana - Green,Banana - Green,Local,2026-07-21,3000,4000,3500.0
Tamil Nadu,Salem,Thathakapatti(Uzhavar Sandhai ),Beans,Beans (Whole),Local,2026-07-21,6200,6800,6500.0
Tamil Nadu,Salem,Thathakapatti(Uzhavar Sandhai ),Cabbage,Cabbage,Local,2026-07-21,3500,4000,3750.0
Tamil Nadu,Salem,Thathakapatti(Uzhavar Sandhai ),Chow Chow,Chow Chow,Local,2026-07-21,2500,3000,2750.0
Tamil Nadu,Salem,Thathakapatti(Uzhavar Sandhai ),Tamarind Fruit,Tamarind Fruit,Local,2026-07-21,14000,16000,15000.0
Tamil Nadu,Salem,Thathakapatti(Uzhavar Sandhai ),Pear(Marasebu),Pears,Local,2026-07-21,10000,14000,12000.0
Tamil Nadu,Salem,Thathakapatti(Uzhavar Sandhai ),Amla(Nelli Kai),Amla,Local,2026-07-21,6500,7000,6750.0
Tamil Nadu,Salem,Thathakapatti(Uzhavar Sandhai ),Onion Green,Onion Green,Local,2026-07-21,4800,5400,5100.0
Tamil Nadu,Salem,Thathakapatti(Uzhavar Sandhai ),Sweet Corn ,Sweet Corn ,Local,2026-07-21,3000,4000,3500.0
Tamil Nadu,Pudukkottai,Pudukottai(Uzhavar Sandhai ),Tomato,Other,Local,2026-07-21,2000,2500,2250.0
Tamil Nadu,Pudukkottai,Pudukottai(Uzhavar Sandhai ),Pumpkin,Pumpkin,Local,2026-07-21,1000,1500,1250.0
Tamil Nadu,Pudukkottai,Pudukottai(Uzhavar Sandhai ),Cowpea(Veg),Cowpea (Veg),Local,2026-07-21,1500,2000,1750.0
Tamil Nadu,Pudukkottai,Pudukottai(Uzhavar Sandhai ),Banana - Green,Banana - Green,Local,2026-07-21,2000,3000,2500.0
Tamil Nadu,Pudukkottai,Pudukottai(Uzhavar Sandhai ),Carrot,Pusakesar,Local,2026-07-21,8000,9000,8500.0
Tamil Nadu,Pudukkottai,Pudukottai(Uzhavar Sandhai ),Cabbage,Cabbage,Local,2026-07-21,4500,5000,4750.0
Tamil Nadu,Pudukkottai,Pudukottai(Uzhavar Sandhai ),Thondekai,Thondekai,Local,2026-07-21,6500,7000,6750.0
Tamil Nadu,Pudukkottai,Pudukottai(Uzhavar Sandhai ),Tamarind Fruit,Tamarind Fruit,Local,2026-07-21,6000,7000,6500.0
Tamil Nadu,Thanjavur,Tirukattupalli(Uzhavar Sandhai ),Beans,Beans (Whole),Local,2026-07-21,6400,6400,6400.0
Tamil Nadu,Thanjavur,Tirukattupalli(Uzhavar Sandhai ),Carrot,Pusakesar,Local,2026-07-21,8400,8400,8400.0
Tamil Nadu,Thanjavur,Tirukattupalli(Uzhavar Sandhai ),Onion Green,Onion Green,Local,2026-07-21,6000,6000,6000.0
Tamil Nadu,The Nilgiris,Udhagamandalam(Uzhavar Sandhai ),Pineapple,Pine Apple,Local,2026-07-21,8000,9000,8500.0
Tamil Nadu,The Nilgiris,Udhagamandalam(Uzhavar Sandhai ),Banana,Besrai,Local,2026-07-21,3500,5000,4250.0
Tamil Nadu,The Nilgiris,Udhagamandalam(Uzhavar Sandhai ),Potato,Other,Local,2026-07-21,5000,5500,5250.0
Tamil Nadu,The Nilgiris,Udhagamandalam(Uzhavar Sandhai ),Mousambi(Sweet Lime),Mousambi,Local,2026-07-21,10000,15000,12500.0
Tamil Nadu,The Nilgiris,Udhagamandalam(Uzhavar Sandhai ),Cluster beans,Cluster Beans,Local,2026-07-21,3500,4000,3750.0
Tamil Nadu,The Nilgiris,Udhagamandalam(Uzhavar Sandhai ),Bitter gourd,Bitter Gourd,Local,2026-07-21,6000,6500,6250.0
Tamil Nadu,The Nilgiris,Udhagamandalam(Uzhavar Sandhai ),Green Chilli,Green Chilly,Local,2026-07-21,4500,5000,4750.0
Tamil Nadu,The Nilgiris,Udhagamandalam(Uzhavar Sandhai ),Ginger(Green),Green Ginger,Local,2026-07-21,15000,18000,16500.0
Tamil Nadu,The Nilgiris,Udhagamandalam(Uzhavar Sandhai ),Snakeguard,Snakeguard,Local,2026-07-21,3000,3500,3250.0
Tamil Nadu,The Nilgiris,Udhagamandalam(Uzhavar Sandhai ),Raddish,Raddish,Local,2026-07-21,2500,3000,2750.0
Tamil Nadu,The Nilgiris,Udhagamandalam(Uzhavar Sandhai ),Capsicum,Capsicum,Local,2026-07-21,7000,8000,7500.0
Tamil Nadu,The Nilgiris,Udhagamandalam(Uzhavar Sandhai ),Mango(Raw-Ripe),Mango - Raw-Ripe,Local,2026-07-21,3000,3500,3250.0
Tamil Nadu,The Nilgiris,Udhagamandalam(Uzhavar Sandhai ),Knool Khol,Knool Khol,Local,2026-07-21,4000,4500,4250.0
Tamil Nadu,Theni,Andipatti(Uzhavar Sandhai ),Coriander(Leaves),I Sort,Local,2026-07-21,6500,7000,6750.0
Tamil Nadu,Theni,Andipatti(Uzhavar Sandhai ),Papaya,Papaya,Local,2026-07-21,2500,3000,2750.0
Tamil Nadu,Theni,Andipatti(Uzhavar Sandhai ),Cluster beans,Cluster Beans,Local,2026-07-21,3000,3400,3200.0
Tamil Nadu,Theni,Andipatti(Uzhavar Sandhai ),Bottle gourd,Bottle Gourd,Local,2026-07-21,1000,1200,1100.0
Tamil Nadu,Theni,Andipatti(Uzhavar Sandhai ),Pumpkin,Pumpkin,Local,2026-07-21,1400,1600,1500.0
Tamil Nadu,Theni,Andipatti(Uzhavar Sandhai ),Coconut,Coconut,Local,2026-07-21,4500,5000,4750.0
Tamil Nadu,Theni,Andipatti(Uzhavar Sandhai ),Mango(Raw-Ripe),Mango - Raw-Ripe,Local,2026-07-21,2500,3000,2750.0
Tamil Nadu,Theni,Bodinayakanur(Uzhavar Sandhai ),Brinjal,Round,Local,2026-07-21,5000,5000,5000.0
Tamil Nadu,Theni,Bodinayakanur(Uzhavar Sandhai ),Bhindi(Ladies Finger),Bhindi,Local,2026-07-21,3200,3200,3200.0
Tamil Nadu,Theni,Bodinayakanur(Uzhavar Sandhai ),Chow Chow,Chow Chow,Local,2026-07-21,2600,2600,2600.0
Tamil Nadu,Theni,Bodinayakanur(Uzhavar Sandhai ),Mango(Raw-Ripe),Mango - Raw-Ripe,Local,2026-07-21,3000,3000,3000.0
Tamil Nadu,Theni,Bodinayakanur(Uzhavar Sandhai ),Elephant Yam(Suran)/Amorphophallus,Elephant Yam (Suran),Local,2026-07-21,4000,4000,4000.0
Tamil Nadu,Theni,Chinnamanur(Uzhavar Sandhai ),Bottle gourd,Bottle Gourd,Local,2026-07-21,1400,1400,1400.0
Tamil Nadu,Theni,Chinnamanur(Uzhavar Sandhai ),Pumpkin,Pumpkin,Local,2026-07-21,1600,1600,1600.0
Tamil Nadu,Theni,Chinnamanur(Uzhavar Sandhai ),Coconut,Coconut,Local,2026-07-21,5000,5000,5000.0
Tamil Nadu,Theni,Chinnamanur(Uzhavar Sandhai ),Sweet Potato,Hosur Red,Local,2026-07-21,4500,4500,4500.0
Tamil Nadu,Theni,Chinnamanur(Uzhavar Sandhai ),Raddish,Raddish,Local,2026-07-21,3400,3400,3400.0
Tamil Nadu,Theni,Chinnamanur(Uzhavar Sandhai ),Capsicum,Capsicum,Local,2026-07-21,9000,9000,9000.0
Tamil Nadu,Theni,Chinnamanur(Uzhavar Sandhai ),Chow Chow,Chow Chow,Local,2026-07-21,2700,2700,2700.0
Tamil Nadu,Theni,Chinnamanur(Uzhavar Sandhai ),Knool Khol,Knool Khol,Local,2026-07-21,5000,5000,5000.0
Tamil Nadu,Theni,Chinnamanur(Uzhavar Sandhai ),Lime,Lime,Local,2026-07-21,15000,15000,15000.0
Tamil Nadu,Theni,Kambam(Uzhavar Sandhai ),Onion,Bellary,Local,2026-07-21,3600,3800,3700.0
Tamil Nadu,Theni,Kambam(Uzhavar Sandhai ),Pumpkin,Pumpkin,Local,2026-07-21,1600,1600,1600.0
Tamil Nadu,Theni,Kambam(Uzhavar Sandhai ),Amaranthus,Amaranthus,Local,2026-07-21,3000,3000,3000.0
Tamil Nadu,Theni,Kambam(Uzhavar Sandhai ),Ginger(Green),Green Ginger,Local,2026-07-21,10000,15000,12500.0
Tamil Nadu,Theni,Kambam(Uzhavar Sandhai ),Cucumbar(Kheera),Cucumbar,Local,2026-07-21,1600,1600,1600.0
Tamil Nadu,Theni,Kambam(Uzhavar Sandhai ),Thondekai,Thondekai,Local,2026-07-21,5000,5000,5000.0
Tamil Nadu,Theni,Kambam(Uzhavar Sandhai ),Capsicum,Capsicum,Local,2026-07-21,9000,9000,9000.0
Tamil Nadu,Theni,Kambam(Uzhavar Sandhai ),Knool Khol,Knool Khol,Local,2026-07-21,5000,5000,5000.0
Tamil Nadu,Theni,Theni(Uzhavar Sandhai ),Mango,Neelam,Local,2026-07-21,3000,6000,4500.0
Tamil Nadu,Theni,Theni(Uzhavar Sandhai ),Grapes,Annabesahai,Local,2026-07-21,10000,10000,10000.0
Tamil Nadu,Theni,Theni(Uzhavar Sandhai ),Orange,Darjeeling,Local,2026-07-21,12000,16000,14000.0
Tamil Nadu,Theni,Theni(Uzhavar Sandhai ),Onion,Bellary,Local,2026-07-21,3500,3800,3650.0
Tamil Nadu,Theni,Theni(Uzhavar Sandhai ),Green Peas,Green Peas,Local,2026-07-21,14000,14000,14000.0
Tamil Nadu,Theni,Theni(Uzhavar Sandhai ),Water Melon,Water Melon,Local,2026-07-21,2000,2500,2250.0
Tamil Nadu,Theni,Theni(Uzhavar Sandhai ),Mousambi(Sweet Lime),Mousambi,Local,2026-07-21,12000,12000,12000.0
Tamil Nadu,Theni,Theni(Uzhavar Sandhai ),Tomato,Local,Local,2026-07-21,1400,1600,1500.0
Tamil Nadu,Theni,Theni(Uzhavar Sandhai ),Bitter gourd,Other,Local,2026-07-21,5800,5800,5800.0
Tamil Nadu,Theni,Theni(Uzhavar Sandhai ),Pumpkin,Pumpkin,Local,2026-07-21,1500,1600,1550.0
Tamil Nadu,Theni,Theni(Uzhavar Sandhai ),Banana - Green,Banana - Green,Local,2026-07-21,2500,3000,2750.0
Tamil Nadu,Theni,Theni(Uzhavar Sandhai ),Ginger(Green),Green Ginger,Local,2026-07-21,9000,15000,12000.0
Tamil Nadu,Theni,Theni(Uzhavar Sandhai ),Green Avare(W),Other,Local,2026-07-21,7400,8000,7700.0
Tamil Nadu,Theni,Theni(Uzhavar Sandhai ),Mango(Raw-Ripe),Mango - Raw-Ripe,Local,2026-07-21,2800,3000,2900.0
Tamil Nadu,Theni,Theni(Uzhavar Sandhai ),Pomegranate,Pomogranate,Local,2026-07-21,14000,26000,20000.0
Tamil Nadu,Theni,Theni(Uzhavar Sandhai ),Mint(Pudina),Mint(Pudina),Local,2026-07-21,6500,6500,6500.0
Tamil Nadu,Theni,Theni(Uzhavar Sandhai ),Baby Corn,Baby Corn,Grade A,2026-07-21,5000,5000,5000.0
Tamil Nadu,Thiruchirappalli,Thuraiyur APMC,Ashgourd,Gouard,Local,2026-07-21,2000,2400,2200.0
Tamil Nadu,Thiruchirappalli,Thuraiyur APMC,Ginger(Green),Green Ginger,Local,2026-07-21,18000,20000,19000.0
Tamil Nadu,Thiruchirappalli,Thuraiyur APMC,Coconut,Coconut,Local,2026-07-21,5500,6500,6000.0
Tamil Nadu,Thiruchirappalli,Thuraiyur APMC,Green Avare(W),Green Avare (W),Local,2026-07-21,6000,7000,6500.0
Tamil Nadu,Thiruchirappalli,Thuraiyur APMC,Yam(Ratalu),Yam (Ratalu),Local,2026-07-21,7500,8500,8000.0
Tamil Nadu,Thirunelveli,Kandiyaperi(Uzhavar Sandhai ),Ashgourd,Gouard,Local,2026-07-21,1600,1800,1700.0
Tamil Nadu,Thirunelveli,Melapalayam(Uzhavar Sandhai ),Potato,Other,Local,2026-07-21,2400,2600,2500.0
Tamil Nadu,Thirunelveli,Melapalayam(Uzhavar Sandhai ),Papaya,Papaya,Local,2026-07-21,3500,4000,3750.0
Tamil Nadu,Thirunelveli,Melapalayam(Uzhavar Sandhai ),Bottle gourd,Bottle Gourd,Local,2026-07-21,1000,1200,1100.0
Tamil Nadu,Thirunelveli,Melapalayam(Uzhavar Sandhai ),Pumpkin,Pumpkin,Local,2026-07-21,1000,1200,1100.0
Tamil Nadu,Thirunelveli,Melapalayam(Uzhavar Sandhai ),Mango(Raw-Ripe),Mango - Raw-Ripe,Local,2026-07-21,2500,3000,2750.0
Tamil Nadu,Thirunelveli,NGO Colony(Uzhavar Sandhai ),Cauliflower,Ranchi,Local,2026-07-21,4200,5000,4600.0
Tamil Nadu,Thirunelveli,NGO Colony(Uzhavar Sandhai ),Coriander(Leaves),I Sort,Local,2026-07-21,8000,8500,8250.0
Tamil Nadu,Thirunelveli,NGO Colony(Uzhavar Sandhai ),Cluster beans,Cluster Beans,Local,2026-07-21,2200,3000,2600.0
Tamil Nadu,Thirunelveli,NGO Colony(Uzhavar Sandhai ),Bottle gourd,Bottle Gourd,Local,2026-07-21,2200,3000,2600.0
Tamil Nadu,Thirunelveli,NGO Colony(Uzhavar Sandhai ),Beans,Beans (Whole),Local,2026-07-21,6000,7000,6500.0
Tamil Nadu,Thirunelveli,NGO Colony(Uzhavar Sandhai ),Drumstick,Drumstick,Local,2026-07-21,3000,3600,3300.0
Tamil Nadu,Thirunelveli,Palayamkottai(Uzhavar Sandhai ),Mango,Safeda,Local,2026-07-21,6000,8000,7000.0
Tamil Nadu,Thirunelveli,Palayamkottai(Uzhavar Sandhai ),Apple,American,Local,2026-07-21,22000,24000,23000.0
Tamil Nadu,Thirunelveli,Palayamkottai(Uzhavar Sandhai ),Cluster beans,Cluster Beans,Local,2026-07-21,2800,3000,2900.0
Tamil Nadu,Thirunelveli,Palayamkottai(Uzhavar Sandhai ),Banana - Green,Banana - Green,Local,2026-07-21,2500,3000,2750.0
Tamil Nadu,Thirunelveli,Palayamkottai(Uzhavar Sandhai ),Carrot,Pusakesar,Local,2026-07-21,4000,7600,5800.0
Tamil Nadu,Thirunelveli,Palayamkottai(Uzhavar Sandhai ),Raddish,Raddish,Local,2026-07-21,3500,4000,3750.0
Tamil Nadu,Thirunelveli,Palayamkottai(Uzhavar Sandhai ),Green Avare(W),Other,Local,2026-07-21,8000,8500,8250.0
Tamil Nadu,Thirunelveli,Palayamkottai(Uzhavar Sandhai ),Guava,Guava Allahabad,Local,2026-07-21,6000,8000,7000.0
Tamil Nadu,Thirunelveli,Palayamkottai(Uzhavar Sandhai ),Onion Green,Onion Green,Local,2026-07-21,5500,6500,6000.0
Tamil Nadu,Thirunelveli,Palayamkottai(Uzhavar Sandhai ),Mint(Pudina),Mint(Pudina),Local,2026-07-21,7500,8000,7750.0
Tamil Nadu,Thirupur,Kangayam(Uzhavar Sandhai ),Onion,Bellary,Local,2026-07-21,2800,3400,3100.0
Tamil Nadu,Thirupur,Kangayam(Uzhavar Sandhai ),Papaya,Papaya,Local,2026-07-21,2500,3000,2750.0
Tamil Nadu,Thirupur,Kangayam(Uzhavar Sandhai ),Bottle gourd,Bottle Gourd,Local,2026-07-21,1500,2000,1750.0
Tamil Nadu,Thirupur,Kangayam(Uzhavar Sandhai ),Bhindi(Ladies Finger),Bhindi,Local,2026-07-21,4000,4500,4250.0
Tamil Nadu,Thirupur,Kangayam(Uzhavar Sandhai ),Banana - Green,Banana - Green,Local,2026-07-21,2500,3000,2750.0
Tamil Nadu,Thirupur,Kangayam(Uzhavar Sandhai ),Beetroot,Beetroot,Local,2026-07-21,2500,3000,2750.0
Tamil Nadu,Thirupur,Kangayam(Uzhavar Sandhai ),Ridgeguard(Tori),Ridgeguard(Tori),Local,2026-07-21,5000,6000,5500.0
Tamil Nadu,Thirupur,Kangayam(Uzhavar Sandhai ),Raddish,Raddish,Local,2026-07-21,2500,3200,2850.0
Tamil Nadu,Thirupur,Kangayam(Uzhavar Sandhai ),Green Avare(W),Green Avare (W),Local,2026-07-21,5500,6500,6000.0
Tamil Nadu,Thirupur,Kangayam(Uzhavar Sandhai ),Mint(Pudina),Mint(Pudina),Local,2026-07-21,1600,2200,1900.0
Tamil Nadu,Thirupur,Tiruppur (South) (Uzhavar Sandhai ),Mango,Safeda,Local,2026-07-21,5000,6000,5500.0
Tamil Nadu,Thirupur,Tiruppur (South) (Uzhavar Sandhai ),Bitter gourd,Other,Local,2026-07-21,5000,6000,5500.0
Tamil Nadu,Thirupur,Tiruppur (South) (Uzhavar Sandhai ),Bhindi(Ladies Finger),Bhindi,Local,2026-07-21,4000,5000,4500.0
Tamil Nadu,Thirupur,Tiruppur (South) (Uzhavar Sandhai ),Cowpea(Veg),Cowpea (Veg),Local,2026-07-21,2500,3000,2750.0
Tamil Nadu,Thirupur,Tiruppur (South) (Uzhavar Sandhai ),Coconut,Coconut,Local,2026-07-21,3000,4000,3500.0
Tamil Nadu,Thirupur,Tiruppur (South) (Uzhavar Sandhai ),Green Avare(W),Other,Local,2026-07-21,6000,7000,6500.0
Tamil Nadu,Thirupur,Tiruppur (South) (Uzhavar Sandhai ),Guava,Guava Allahabad,Local,2026-07-21,4000,5000,4500.0
Tamil Nadu,Thirupur,Tiruppur (South) (Uzhavar Sandhai ),Mint(Pudina),Mint(Pudina),Local,2026-07-21,2500,3000,2750.0
Tamil Nadu,Thiruvannamalai,Keelpennathur(Uzhavar Sandhai ),Tender Coconut,Tender Coconut,Local,2026-07-21,5000,6000,5500.0
Tamil Nadu,Thiruvannamalai,Tamarainagar(Uzhavar Sandhai ),Bitter gourd,Bitter Gourd,Local,2026-07-21,5000,6000,5500.0
Tamil Nadu,Thiruvannamalai,Tamarainagar(Uzhavar Sandhai ),Tapioca,Tapioca,Local,2026-07-21,2000,2500,2250.0
Tamil Nadu,Thiruvannamalai,Tamarainagar(Uzhavar Sandhai ),Guava,Guava Allahabad,Local,2026-07-21,6000,7000,6500.0
Tamil Nadu,Thiruvannamalai,Tamarainagar(Uzhavar Sandhai ),Marigold(Calcutta),Marigold(Calcutta),Local,2026-07-21,40000,45000,42500.0
Tamil Nadu,Thiruvannamalai,Tamarainagar(Uzhavar Sandhai ),Colacasia,Colacasia,Local,2026-07-21,2500,3000,2750.0
Tamil Nadu,Thiruvannamalai,Vandavasi(Uzhavar Sandhai ),Pumpkin,Pumpkin,Local,2026-07-21,2500,3000,2750.0
Tamil Nadu,Thiruvannamalai,Vandavasi(Uzhavar Sandhai ),Beetroot,Beetroot,Local,2026-07-21,4000,4800,4400.0
Tamil Nadu,Thiruvannamalai,Vandavasi(Uzhavar Sandhai ),Chow Chow,Chow Chow,Local,2026-07-21,4000,4800,4400.0
Tamil Nadu,Thiruvarur,Muthupettai(Uzhavar Sandhai ),Bitter gourd,Bitter Gourd,Local,2026-07-21,6000,6000,6000.0
Tamil Nadu,Thiruvarur,Muthupettai(Uzhavar Sandhai ),Amaranthus,Amaranthus,Local,2026-07-21,1000,1000,1000.0
Tamil Nadu,Thiruvarur,Muthupettai(Uzhavar Sandhai ),Green Chilli,Green Chilly,Local,2026-07-21,4000,4000,4000.0
Tamil Nadu,Thiruvarur,Muthupettai(Uzhavar Sandhai ),Coconut,Coconut,Local,2026-07-21,4000,4000,4000.0
Tamil Nadu,Thiruvarur,Tiruvarur(Uzhavar Sandhai ),Brinjal,Round,Local,2026-07-21,5000,5000,5000.0
Tamil Nadu,Thiruvarur,Tiruvarur(Uzhavar Sandhai ),Cluster beans,Cluster Beans,Local,2026-07-21,4000,4000,4000.0
Tamil Nadu,Thiruvarur,Tiruvarur(Uzhavar Sandhai ),Bitter gourd,Bitter Gourd,Local,2026-07-21,7000,7000,7000.0
Tamil Nadu,Thiruvarur,Tiruvarur(Uzhavar Sandhai ),Green Chilli,Green Chilly,Local,2026-07-21,4000,4000,4000.0
Tamil Nadu,Thiruvarur,Tiruvarur(Uzhavar Sandhai ),Ridgeguard(Tori),Ridgeguard(Tori),Local,2026-07-21,4000,4000,4000.0
Tamil Nadu,Thiruvarur,Valangaiman APMC,Ashgourd,Gouard,Local,2026-07-21,2400,2400,2400.0
Tamil Nadu,Thiruvarur,Valangaiman APMC,Pumpkin,Pumpkin,Local,2026-07-21,2400,2400,2400.0
Tamil Nadu,Thiruvarur,Valangaiman APMC,Banana - Green,Banana - Green,Local,2026-07-21,4000,4000,4000.0
Tamil Nadu,Thiruvarur,Valangaiman APMC,Onion Green,Onion Green,Local,2026-07-21,7000,7000,7000.0
Tamil Nadu,Thiruvellore,Tiruthani(Uzhavar Sandhai ),Onion,Bellary,Local,2026-07-21,3000,3000,3000.0
Tamil Nadu,Thiruvellore,Tiruthani(Uzhavar Sandhai ),Ginger(Green),Green Ginger,Local,2026-07-21,10000,10000,10000.0
Tamil Nadu,Thiruvellore,Tiruthani(Uzhavar Sandhai ),Beetroot,Beetroot,Local,2026-07-21,5000,5000,5000.0
Tamil Nadu,Thiruvellore,Tiruthani(Uzhavar Sandhai ),Thondekai,Thondekai,Local,2026-07-21,5000,5000,5000.0
Tamil Nadu,Thiruvellore,Tiruthani(Uzhavar Sandhai ),Onion Green,Onion Green,Local,2026-07-21,8000,8000,8000.0
Tamil Nadu,Villupuram,Tindivanam APMC,Tapioca,Tapioca,Local,2026-07-21,4500,4500,4500.0
Tamil Nadu,Villupuram,Tindivanam APMC,Coconut,Coconut,Local,2026-07-21,5500,5500,5500.0
Tamil Nadu,Villupuram,Tindivanam APMC,Sweet Potato,Hosur Red,Local,2026-07-21,4500,4500,4500.0
Tamil Nadu,Villupuram,Tindivanam APMC,Cucumbar(Kheera),Cucumbar,Local,2026-07-21,4000,4000,4000.0
Tamil Nadu,Villupuram,Tindivanam APMC,Raddish,Raddish,Local,2026-07-21,3600,3600,3600.0
Tamil Nadu,Villupuram,Ulundurpettai APMC,Brinjal,Round,Local,2026-07-21,8000,8000,8000.0
Tamil Nadu,Villupuram,Ulundurpettai APMC,Cluster beans,Cluster Beans,Local,2026-07-21,6000,6000,6000.0
Tamil Nadu,Villupuram,Ulundurpettai APMC,Bottle gourd,Bottle Gourd,Local,2026-07-21,2000,2000,2000.0
Tamil Nadu,Villupuram,Ulundurpettai APMC,Snakeguard,Snakeguard,Local,2026-07-21,6000,6000,6000.0
Tamil Nadu,Villupuram,Ulundurpettai APMC,Drumstick,Drumstick,Local,2026-07-21,6000,6000,6000.0
Tamil Nadu,Villupuram,Ulundurpettai APMC,Guava,Guava Allahabad,Local,2026-07-21,5000,5000,5000.0
Tamil Nadu,Villupuram,Ulundurpettai APMC,Amla(Nelli Kai),Amla,Local,2026-07-21,8000,8000,8000.0
Tamil Nadu,Villupuram,Vikkiravandi APMC,Maize,Other,Local,2026-07-21,2219,2569,2394.0
Maharashtra,Ratnagiri,Ratnagiri (Nachane) APMC,Ginger(Green),Other,Local,2026-07-21,12000,15000,13000.0
Maharashtra,Ratnagiri,Ratnagiri (Nachane) APMC,Bhindi(Ladies Finger),Other,Local,2026-07-21,4000,4500,4300.0
Maharashtra,Ratnagiri,Ratnagiri (Nachane) APMC,French Beans(Frasbean),Other,Local,2026-07-21,8000,9000,8500.0
Maharashtra,Ratnagiri,Ratnagiri (Nachane) APMC,Carrot,Other,Local,2026-07-21,4000,4500,4200.0
Maharashtra,Ratnagiri,Ratnagiri (Nachane) APMC,Brinjal,Other,Local,2026-07-21,3000,4000,3500.0
Tamil Nadu,Madurai,Thirumangalam(Uzhavar Sandhai ),Elephant Yam(Suran)/Amorphophallus,Elephant Yam (Suran),Local,2026-07-21,4000,4500,4250.0
Tamil Nadu,Madurai,Thirumangalam(Uzhavar Sandhai ),Lemon,Lemon,Local,2026-07-21,6000,8000,7000.0
Tamil Nadu,Madurai,Melur(Uzhavar Sandhai ),Cluster beans,Cluster Beans,Local,2026-07-21,3800,4200,4000.0
Tamil Nadu,Madurai,Melur(Uzhavar Sandhai ),Bhindi(Ladies Finger),Bhindi,Local,2026-07-21,2500,3600,3050.0
Tamil Nadu,Madurai,Melur(Uzhavar Sandhai ),Sweet Potato,Hosur Red,Local,2026-07-21,3600,4000,3800.0
Tamil Nadu,Madurai,Melur(Uzhavar Sandhai ),Lemon,Lemon,Local,2026-07-21,6000,8000,7000.0
Tamil Nadu,Madurai,Melur(Uzhavar Sandhai ),Colacasia,Colacasia,Local,2026-07-21,4000,5000,4500.0
Tamil Nadu,Madurai,Melur(Uzhavar Sandhai ),Onion Green,Onion Green,Local,2026-07-21,5500,6500,6000.0
Gujarat,Surat,Songadh(Badarpada) APMC,Guar,Other,FAQ,2026-07-21,6000,6000,6000.0
Tamil Nadu,Vellore,Perampet(Uzhavar Sandhai),Mango,Neelam,Local,2026-07-21,3000,3500,3250.0
Tamil Nadu,Vellore,Perampet(Uzhavar Sandhai),Papaya,Papaya,Local,2026-07-21,2500,3000,2750.0
Tamil Nadu,Vellore,Perampet(Uzhavar Sandhai),Green Chilli,Green Chilly,Local,2026-07-21,5000,5600,5300.0
Tamil Nadu,Vellore,Perampet(Uzhavar Sandhai),Ginger(Green),Green Ginger,Local,2026-07-21,19000,20000,19500.0
Tamil Nadu,Vellore,Perampet(Uzhavar Sandhai),Green Avare(W),Green Avare (W),Local,2026-07-21,6500,7000,6750.0
Tamil Nadu,Vellore,Perampet(Uzhavar Sandhai),Drumstick,Drumstick,Local,2026-07-21,6000,6000,6000.0
Gujarat,Amreli,Damnagar APMC,Guar,Gwar,Local,2026-07-21,3500,3500,3500.0
Gujarat,Amreli,Damnagar APMC,Tomato,Local,Local,2026-07-21,3200,3200,3200.0
Tamil Nadu,Karur,Gandhigramam(Uzhavar Sandhai),Green Chilli,Green Chilly,Local,2026-07-21,5000,5500,5250.0
Tamil Nadu,Karur,Gandhigramam(Uzhavar Sandhai),Banana - Green,Banana - Green,Local,2026-07-21,2000,3000,2500.0
Tamil Nadu,Karur,Gandhigramam(Uzhavar Sandhai),Carrot,Pusakesar,Local,2026-07-21,8500,9000,8750.0
Tamil Nadu,Karur,Gandhigramam(Uzhavar Sandhai),Snakeguard,Snakeguard,Local,2026-07-21,4500,5000,4750.0
Tamil Nadu,Karur,Gandhigramam(Uzhavar Sandhai),Cucumbar(Kheera),Cucumbar,Local,2026-07-21,4000,8000,6000.0
Tamil Nadu,Karur,Gandhigramam(Uzhavar Sandhai),Drumstick,Drumstick,Local,2026-07-21,4500,5000,4750.0
Tamil Nadu,Karur,Gandhigramam(Uzhavar Sandhai),Guava,Guava Allahabad,Local,2026-07-21,5000,7000,6000.0
Tamil Nadu,Salem,Vazhapadi(Uzhavar Sandhai),Onion,Bellary,Local,2026-07-21,3000,4000,3500.0
Tamil Nadu,Salem,Vazhapadi(Uzhavar Sandhai),Cauliflower,Ranchi,Local,2026-07-21,2500,3000,2750.0
Tamil Nadu,Salem,Vazhapadi(Uzhavar Sandhai),Brinjal,Other,Local,2026-07-21,5000,5000,5000.0
Tamil Nadu,Salem,Vazhapadi(Uzhavar Sandhai),Ashgourd,Gouard,Local,2026-07-21,2500,2500,2500.0
Tamil Nadu,Salem,Vazhapadi(Uzhavar Sandhai),Beetroot,Beetroot,Local,2026-07-21,4600,4600,4600.0
Tamil Nadu,Salem,Vazhapadi(Uzhavar Sandhai),Ridgeguard(Tori),Ridgeguard(Tori),Local,2026-07-21,4000,5000,4500.0
Tamil Nadu,Pudukkottai,Aranthangi(Uzhavar Sandhai ),Mango,Safeda,Local,2026-07-21,4500,5000,4750.0
Tamil Nadu,Pudukkottai,Aranthangi(Uzhavar Sandhai ),Amaranthus,Amaranthus,Local,2026-07-21,1500,2000,1750.0
Tamil Nadu,Pudukkottai,Aranthangi(Uzhavar Sandhai ),Tamarind Fruit,Tamarind Fruit,Local,2026-07-21,6500,7000,6750.0
Tamil Nadu,Coimbatore,Sulur(Uzhavar Sandhai ),Cauliflower,Ranchi,Local,2026-07-21,4000,4600,4300.0
Tamil Nadu,Coimbatore,Sulur(Uzhavar Sandhai ),Coriander(Leaves),I Sort,Local,2026-07-21,7600,8200,7900.0
Tamil Nadu,Coimbatore,Sulur(Uzhavar Sandhai ),Papaya,Papaya,Local,2026-07-21,3400,3800,3600.0
Tamil Nadu,Coimbatore,Sulur(Uzhavar Sandhai ),Cluster beans,Cluster Beans,Local,2026-07-21,4000,4400,4200.0
Tamil Nadu,Coimbatore,Sulur(Uzhavar Sandhai ),Bottle gourd,Bottle Gourd,Local,2026-07-21,2800,3200,3000.0
Tamil Nadu,Coimbatore,Sulur(Uzhavar Sandhai ),Pumpkin,Pumpkin,Local,2026-07-21,1600,2000,1800.0
Tamil Nadu,Coimbatore,Sulur(Uzhavar Sandhai ),Green Chilli,Green Chilly,Local,2026-07-21,4400,5000,4700.0
Tamil Nadu,Coimbatore,Sulur(Uzhavar Sandhai ),Beans,Beans (Whole),Local,2026-07-21,7500,8500,8000.0
Tamil Nadu,Coimbatore,Sulur(Uzhavar Sandhai ),Ginger(Green),Green Ginger,Local,2026-07-21,13000,17000,15000.0
Tamil Nadu,Coimbatore,Sulur(Uzhavar Sandhai ),Green Avare(W),Green Avare (W),Local,2026-07-21,6400,7000,6700.0
Tamil Nadu,Coimbatore,Sulur(Uzhavar Sandhai ),Guava,Guava Allahabad,Local,2026-07-21,5000,6000,5500.0
Tamil Nadu,Coimbatore,Sulur(Uzhavar Sandhai ),Elephant Yam(Suran)/Amorphophallus,Elephant Yam (Suran),Local,2026-07-21,3600,4000,3800.0
Tamil Nadu,Coimbatore,Sulur(Uzhavar Sandhai ),Lemon,Lemon,Local,2026-07-21,7000,8000,7500.0
Tamil Nadu,Coimbatore,Sulur(Uzhavar Sandhai ),Onion Green,Onion Green,Local,2026-07-21,5400,5800,5600.0
Tamil Nadu,Pudukkottai,Gandarvakottai(Uzhavar Sandhai ),Brinjal,Round,Local,2026-07-21,6500,7000,6750.0
Tamil Nadu,Pudukkottai,Gandarvakottai(Uzhavar Sandhai ),Papaya,Papaya,Local,2026-07-21,2500,3000,2750.0
Tamil Nadu,Pudukkottai,Gandarvakottai(Uzhavar Sandhai ),Ashgourd,Gouard,Local,2026-07-21,1000,1500,1250.0
Tamil Nadu,Pudukkottai,Gandarvakottai(Uzhavar Sandhai ),Coconut,Coconut,Local,2026-07-21,3500,4000,3750.0
Tamil Nadu,Pudukkottai,Gandarvakottai(Uzhavar Sandhai ),Drumstick,Drumstick,Local,2026-07-21,5500,6000,5750.0
Tamil Nadu,Pudukkottai,Gandarvakottai(Uzhavar Sandhai ),Mango(Raw-Ripe),Mango - Raw-Ripe,Local,2026-07-21,2000,2500,2250.0
Tamil Nadu,Cuddalore,Panruti(Uzhavar Sandhai ),Banana,Besrai,Local,2026-07-21,4000,7000,5500.0
Tamil Nadu,Cuddalore,Panruti(Uzhavar Sandhai ),Tomato,Deshi,Local,2026-07-21,2000,2000,2000.0
Tamil Nadu,Cuddalore,Panruti(Uzhavar Sandhai ),Ashgourd,Gouard,Local,2026-07-21,3500,3500,3500.0
Tamil Nadu,Cuddalore,Panruti(Uzhavar Sandhai ),Amaranthus,Amaranthus,Local,2026-07-21,2000,2000,2000.0
Tamil Nadu,Cuddalore,Panruti(Uzhavar Sandhai ),Snakeguard,Snakeguard,Local,2026-07-21,3000,3000,3000.0
Tamil Nadu,Cuddalore,Panruti(Uzhavar Sandhai ),Mango(Raw-Ripe),Mango - Raw-Ripe,Local,2026-07-21,2500,2500,2500.0
Tamil Nadu,Cuddalore,Panruti(Uzhavar Sandhai ),Jack Fruit(Ripe),Jack Fruit,Local,2026-07-21,6000,6000,6000.0
Tamil Nadu,Cuddalore,Panruti(Uzhavar Sandhai ),Onion Green,Onion Green,Local,2026-07-21,6000,6000,6000.0
Tamil Nadu,Cuddalore,Panruti(Uzhavar Sandhai ),Mint(Pudina),Mint(Pudina),Local,2026-07-21,6000,6000,6000.0
Tamil Nadu,Cuddalore,Vadalur(Uzhavar Sandhai ),Onion,Bellary,Local,2026-07-21,3000,4000,3500.0
Tamil Nadu,Cuddalore,Vadalur(Uzhavar Sandhai ),Potato,Other,Local,2026-07-21,4000,5000,4500.0
Tamil Nadu,Cuddalore,Vadalur(Uzhavar Sandhai ),Garlic,Garlic,Local,2026-07-21,20000,24000,22000.0
Tamil Nadu,Cuddalore,Vadalur(Uzhavar Sandhai ),Papaya,Papaya,Local,2026-07-21,4000,4000,4000.0
Tamil Nadu,Cuddalore,Vadalur(Uzhavar Sandhai ),Bottle gourd,Bottle Gourd,Local,2026-07-21,3000,3000,3000.0
Tamil Nadu,Cuddalore,Vadalur(Uzhavar Sandhai ),Bhindi(Ladies Finger),Bhindi,Local,2026-07-21,4000,4000,4000.0
Tamil Nadu,Cuddalore,Vadalur(Uzhavar Sandhai ),Green Chilli,Green Chilly,Local,2026-07-21,5000,6000,5500.0
Tamil Nadu,Dharmapuri,AJattihalli(Uzhavar Sandhai ),Potato,Other,Local,2026-07-21,2500,3000,2750.0
Tamil Nadu,Dharmapuri,AJattihalli(Uzhavar Sandhai ),Brinjal,Other,Local,2026-07-21,3500,3500,3500.0
Tamil Nadu,Dharmapuri,AJattihalli(Uzhavar Sandhai ),Amaranthus,Amaranthus,Local,2026-07-21,2500,2500,2500.0
Tamil Nadu,Dharmapuri,AJattihalli(Uzhavar Sandhai ),Coconut,Coconut,Local,2026-07-21,6000,7000,6500.0
Tamil Nadu,Dharmapuri,AJattihalli(Uzhavar Sandhai ),Raddish,Raddish,Local,2026-07-21,3000,3400,3200.0
Tamil Nadu,Dharmapuri,AJattihalli(Uzhavar Sandhai ),Colacasia,Colacasia,Local,2026-07-21,6600,6600,6600.0
Tamil Nadu,Karur,Kulithalai(Uzhavar Sandhai ),Mango,Neelam,Local,2026-07-21,5000,6000,5500.0
Tamil Nadu,Karur,Kulithalai(Uzhavar Sandhai ),Banana,Other,Local,2026-07-21,5500,6000,5750.0
Tamil Nadu,Karur,Kulithalai(Uzhavar Sandhai ),Papaya,Papaya,Local,2026-07-21,2500,3000,2750.0
Tamil Nadu,Karur,Kulithalai(Uzhavar Sandhai ),Beans,Beans (Whole),Local,2026-07-21,7000,8000,7500.0
Tamil Nadu,Karur,Kulithalai(Uzhavar Sandhai ),Coconut,Coconut,Local,2026-07-21,4000,4500,4250.0
Tamil Nadu,Karur,Kulithalai(Uzhavar Sandhai ),Chow Chow,Chow Chow,Local,2026-07-21,3600,4000,3800.0
Tamil Nadu,Karur,Kulithalai(Uzhavar Sandhai ),Yam(Ratalu),Yam (Ratalu),Local,2026-07-21,7000,8000,7500.0
Tamil Nadu,Karur,Kulithalai(Uzhavar Sandhai ),Lemon,Lemon,Local,2026-07-21,5500,6000,5750.0
Tamil Nadu,Karur,Pallapatti (Uzhavar Sandhai ),Pumpkin,Pumpkin,Local,2026-07-21,2000,2500,2250.0
Tamil Nadu,Karur,Pallapatti (Uzhavar Sandhai ),Amaranthus,Amaranthus,Local,2026-07-21,2500,3000,2750.0
Tamil Nadu,Karur,Pallapatti (Uzhavar Sandhai ),Green Chilli,Green Chilly,Local,2026-07-21,5500,6000,5750.0
Tamil Nadu,Karur,Pallapatti (Uzhavar Sandhai ),Sweet Potato,Hosur Red,Local,2026-07-21,3600,4000,3800.0
Tamil Nadu,Karur,Pallapatti (Uzhavar Sandhai ),Mango(Raw-Ripe),Mango - Raw-Ripe,Local,2026-07-21,2500,3000,2750.0
Tamil Nadu,Karur,Pallapatti (Uzhavar Sandhai ),Lemon,Lemon,Local,2026-07-21,5500,6000,5750.0
Tamil Nadu,Karur,Pallapatti (Uzhavar Sandhai ),Baby Corn,Baby Corn,Grade A,2026-07-21,3600,4000,3800.0
Tamil Nadu,Karur,Velayuthampalayam(Uzhavar Sandhai ),Brinjal,Other,Local,2026-07-21,5000,6000,5500.0
Tamil Nadu,Karur,Velayuthampalayam(Uzhavar Sandhai ),Cluster beans,Cluster Beans,Local,2026-07-21,3800,4500,4150.0
Tamil Nadu,Karur,Velayuthampalayam(Uzhavar Sandhai ),Bitter gourd,Bitter Gourd,Local,2026-07-21,6000,7000,6500.0
Tamil Nadu,Karur,Vengamedu(Uzhavar Sandhai ),Tomato,Deshi,Local,2026-07-21,1900,2400,2150.0
Tamil Nadu,Karur,Vengamedu(Uzhavar Sandhai ),Cluster beans,Cluster Beans,Local,2026-07-21,4000,4500,4250.0
Tamil Nadu,Karur,Vengamedu(Uzhavar Sandhai ),Bhindi(Ladies Finger),Bhindi,Local,2026-07-21,3500,4000,3750.0
Tamil Nadu,Karur,Vengamedu(Uzhavar Sandhai ),Green Chilli,Green Chilly,Local,2026-07-21,4500,5500,5000.0
Tamil Nadu,Karur,Vengamedu(Uzhavar Sandhai ),Snakeguard,Snakeguard,Local,2026-07-21,4500,5000,4750.0
Tamil Nadu,Karur,Vengamedu(Uzhavar Sandhai ),Ridgeguard(Tori),Ridgeguard(Tori),Local,2026-07-21,5500,6000,5750.0
Tamil Nadu,Karur,Vengamedu(Uzhavar Sandhai ),Green Avare(W),Other,Local,2026-07-21,9000,10000,9500.0
Tamil Nadu,Theni,Devaram(Uzhavar Sandhai ),Brinjal,Round,Local,2026-07-21,4500,5200,4850.0
Tamil Nadu,Theni,Devaram(Uzhavar Sandhai ),Tomato,Deshi,Local,2026-07-21,2200,2300,2250.0
Tamil Nadu,Theni,Devaram(Uzhavar Sandhai ),Ashgourd,Gouard,Local,2026-07-21,1400,1500,1450.0
Tamil Nadu,Theni,Devaram(Uzhavar Sandhai ),Pumpkin,Pumpkin,Local,2026-07-21,1600,1600,1600.0
Tamil Nadu,Theni,Devaram(Uzhavar Sandhai ),Sweet Potato,Hosur Red,Local,2026-07-21,3000,3000,3000.0
Tamil Nadu,Salem,Attayampatti(Uzhavar Sandhai ),Chikoos(Sapota),Sapota,Local,2026-07-21,4000,4000,4000.0
Tamil Nadu,Salem,Attayampatti(Uzhavar Sandhai ),Amaranthus,Amaranthus,Local,2026-07-21,2400,2400,2400.0
Tamil Nadu,Salem,Attayampatti(Uzhavar Sandhai ),Coconut,Coconut,Local,2026-07-21,5500,5800,5650.0
Tamil Nadu,Salem,Attayampatti(Uzhavar Sandhai ),Sweet Potato,Hosur Red,Local,2026-07-21,3500,4000,3750.0
Tamil Nadu,Salem,Attayampatti(Uzhavar Sandhai ),Guava,Guava Allahabad,Local,2026-07-21,5000,6000,5500.0
Tamil Nadu,Sivaganga,Sivagangai (Uzhavar Sandhai ),Mango,Safeda,Local,2026-07-21,3500,6500,5000.0
Tamil Nadu,Sivaganga,Sivagangai (Uzhavar Sandhai ),Papaya,Papaya,Local,2026-07-21,3800,4200,4000.0
Tamil Nadu,Sivaganga,Sivagangai (Uzhavar Sandhai ),Ashgourd,Gouard,Local,2026-07-21,2600,2800,2700.0
Tamil Nadu,Sivaganga,Sivagangai (Uzhavar Sandhai ),Banana - Green,Banana - Green,Local,2026-07-21,3000,3000,3000.0
Tamil Nadu,Sivaganga,Sivagangai (Uzhavar Sandhai ),Raddish,Raddish,Local,2026-07-21,3200,3600,3400.0
Tamil Nadu,Sivaganga,Sivagangai (Uzhavar Sandhai ),Drumstick,Drumstick,Local,2026-07-21,6200,8200,7200.0
Tamil Nadu,Sivaganga,Sivagangai (Uzhavar Sandhai ),Knool Khol,Knool Khol,Local,2026-07-21,5600,6200,5900.0
Tamil Nadu,Sivaganga,Sivagangai (Uzhavar Sandhai ),Lime,Lime,Local,2026-07-21,15000,16000,15500.0
Tamil Nadu,Sivaganga,Sivagangai (Uzhavar Sandhai ),Mint(Pudina),Mint(Pudina),Local,2026-07-21,6200,6600,6400.0
Tamil Nadu,Sivaganga,Devakottai (Uzhavar Sandhai ),Banana,Besrai,Local,2026-07-21,3800,4000,3900.0
Tamil Nadu,Sivaganga,Devakottai (Uzhavar Sandhai ),Coriander(Leaves),I Sort,Local,2026-07-21,8800,9200,9000.0
Tamil Nadu,Sivaganga,Devakottai (Uzhavar Sandhai ),Bottle gourd,Bottle Gourd,Local,2026-07-21,3600,3800,3700.0
Tamil Nadu,Sivaganga,Devakottai (Uzhavar Sandhai ),Ashgourd,Gouard,Local,2026-07-21,2600,2800,2700.0
Tamil Nadu,Sivaganga,Devakottai (Uzhavar Sandhai ),Coconut,Coconut,Local,2026-07-21,5200,6000,5600.0
Tamil Nadu,Sivaganga,Devakottai (Uzhavar Sandhai ),Cabbage,Cabbage,Local,2026-07-21,3400,3800,3600.0
Tamil Nadu,Sivaganga,Devakottai (Uzhavar Sandhai ),Green Avare(W),Green Avare (W),Local,2026-07-21,6800,8200,7500.0
Tamil Nadu,Sivaganga,Devakottai (Uzhavar Sandhai ),Drumstick,Drumstick,Local,2026-07-21,6600,8200,7400.0
Tamil Nadu,Salem,Edapadi (Uzhavar Sandhai ),Tomato,Other,Local,2026-07-21,1600,2000,1800.0
Tamil Nadu,Salem,Edapadi (Uzhavar Sandhai ),Bitter gourd,Other,Local,2026-07-21,5000,5500,5250.0
Tamil Nadu,Salem,Edapadi (Uzhavar Sandhai ),Beans,Beans (Whole),Local,2026-07-21,7500,8000,7750.0
Tamil Nadu,Salem,Edapadi (Uzhavar Sandhai ),Green Avare(W),Other,Local,2026-07-21,8000,8500,8250.0
Tamil Nadu,Salem,Edapadi (Uzhavar Sandhai ),Elephant Yam(Suran)/Amorphophallus,Elephant Yam (Suran),Local,2026-07-21,3500,4000,3750.0
Tamil Nadu,Salem,Edapadi (Uzhavar Sandhai ),Lemon,Lemon,Local,2026-07-21,6500,7000,6750.0
Tamil Nadu,Salem,Edapadi (Uzhavar Sandhai ),Mint(Pudina),Mint(Pudina),Local,2026-07-21,4000,4600,4300.0
Tamil Nadu,Salem,Elampillai(Uzhavar Sandhai ),Garlic,Garlic,Local,2026-07-21,20000,20000,20000.0
Tamil Nadu,Salem,Elampillai(Uzhavar Sandhai ),Coriander(Leaves),I Sort,Local,2026-07-21,3500,4000,3750.0
Tamil Nadu,Salem,Elampillai(Uzhavar Sandhai ),Cluster beans,Cluster Beans,Local,2026-07-21,3600,3600,3600.0
Tamil Nadu,Salem,Elampillai(Uzhavar Sandhai ),Amaranthus,Amaranthus,Local,2026-07-21,2400,2800,2600.0
Tamil Nadu,Salem,Elampillai(Uzhavar Sandhai ),Coconut,Coconut,Local,2026-07-21,5000,5500,5250.0
Tamil Nadu,Salem,Elampillai(Uzhavar Sandhai ),Green Avare(W),Green Avare (W),Local,2026-07-21,7000,7000,7000.0
Tamil Nadu,Salem,Hasthampatti(Uzhavar Sandhai ),Garlic,Garlic,Local,2026-07-21,16000,18000,17000.0
Tamil Nadu,Salem,Hasthampatti(Uzhavar Sandhai ),Brinjal,Round,Local,2026-07-21,4500,5000,4750.0
Tamil Nadu,Salem,Hasthampatti(Uzhavar Sandhai ),Tomato,Local,Local,2026-07-21,1500,1800,1650.0
Tamil Nadu,Salem,Hasthampatti(Uzhavar Sandhai ),Cucumbar(Kheera),Cucumbar,Local,2026-07-21,4500,5000,4750.0
Tamil Nadu,Salem,Hasthampatti(Uzhavar Sandhai ),Thondekai,Thondekai,Local,2026-07-21,4500,5000,4750.0
Tamil Nadu,Salem,Hasthampatti(Uzhavar Sandhai ),Capsicum,Capsicum,Local,2026-07-21,9500,10000,9750.0
Tamil Nadu,Salem,Hasthampatti(Uzhavar Sandhai ),Tamarind Fruit,Tamarind Fruit,Local,2026-07-21,14000,15000,14500.0
Tamil Nadu,Salem,Hasthampatti(Uzhavar Sandhai ),Custard Apple(Sharifa),Custard Apple(Sharifa),Local,2026-07-21,3500,4000,3750.0
Tamil Nadu,Salem,Hasthampatti(Uzhavar Sandhai ),Amla(Nelli Kai),Amla,Local,2026-07-21,7000,7500,7250.0
Tamil Nadu,Salem,Jalagandapuram(Uzhavar Sandhai ),Groundnut,Big (With Shell),Local,2026-07-21,6000,6500,6250.0
Tamil Nadu,Salem,Jalagandapuram(Uzhavar Sandhai ),Potato,Other,Local,2026-07-21,2600,2800,2700.0
Tamil Nadu,Salem,Jalagandapuram(Uzhavar Sandhai ),Tapioca,Tapioca,Local,2026-07-21,2500,3000,2750.0
Tamil Nadu,Salem,Jalagandapuram(Uzhavar Sandhai ),Snakeguard,Snakeguard,Local,2026-07-21,3400,3800,3600.0
Tamil Nadu,Salem,Jalagandapuram(Uzhavar Sandhai ),Beetroot,Beetroot,Local,2026-07-21,5000,6000,5500.0
Tamil Nadu,Salem,Jalagandapuram(Uzhavar Sandhai ),Drumstick,Drumstick,Local,2026-07-21,6000,7000,6500.0
Tamil Nadu,Salem,Jalagandapuram(Uzhavar Sandhai ),Lemon,Lemon,Local,2026-07-21,5000,6000,5500.0
Tamil Nadu,Sivaganga,Singampunari(Uzhavar Sandhai ),Onion,Bellary,Local,2026-07-21,3200,4200,3700.0
Tamil Nadu,Sivaganga,Singampunari(Uzhavar Sandhai ),Ginger(Green),Green Ginger,Local,2026-07-21,15000,22000,18500.0
Tamil Nadu,Sivaganga,Singampunari(Uzhavar Sandhai ),Cabbage,Cabbage,Local,2026-07-21,3800,4200,4000.0
Tamil Nadu,Sivaganga,Singampunari(Uzhavar Sandhai ),Snakeguard,Snakeguard,Local,2026-07-21,3200,3800,3500.0
Tamil Nadu,Sivaganga,Singampunari(Uzhavar Sandhai ),Drumstick,Drumstick,Local,2026-07-21,6400,8200,7300.0
Tamil Nadu,Sivaganga,Karaikudi(Uzhavar Sandhai ),Tomato,Deshi,Local,2026-07-21,2000,2500,2250.0
Tamil Nadu,Sivaganga,Karaikudi(Uzhavar Sandhai ),Bottle gourd,Bottle Gourd,Local,2026-07-21,3000,4000,3500.0
Tamil Nadu,Sivaganga,Karaikudi(Uzhavar Sandhai ),Ashgourd,Gouard,Local,2026-07-21,2800,3000,2900.0
Tamil Nadu,Sivaganga,Karaikudi(Uzhavar Sandhai ),Beans,Beans (Whole),Local,2026-07-21,7500,8500,8000.0
Tamil Nadu,Sivaganga,Karaikudi(Uzhavar Sandhai ),Raddish,Raddish,Local,2026-07-21,3400,3800,3600.0
Tamil Nadu,Sivaganga,Tirupatthur(Uzhavar Sandhai ),Banana,Karpura,Local,2026-07-21,3800,4000,3900.0
Tamil Nadu,Sivaganga,Tirupatthur(Uzhavar Sandhai ),Onion,Bellary,Local,2026-07-21,4200,4400,4300.0
Tamil Nadu,Sivaganga,Tirupatthur(Uzhavar Sandhai ),Cauliflower,Ranchi,Local,2026-07-21,3600,4000,3800.0
Tamil Nadu,Sivaganga,Tirupatthur(Uzhavar Sandhai ),Coriander(Leaves),I Sort,Local,2026-07-21,8800,9200,9000.0
Tamil Nadu,Sivaganga,Tirupatthur(Uzhavar Sandhai ),Beans,Beans (Whole),Local,2026-07-21,7600,8400,8000.0
Tamil Nadu,Sivaganga,Tirupatthur(Uzhavar Sandhai ),Carrot,Pusakesar,Local,2026-07-21,6000,8200,7100.0
Tamil Nadu,Sivaganga,Tirupatthur(Uzhavar Sandhai ),Snakeguard,Snakeguard,Local,2026-07-21,3400,4000,3700.0
Tamil Nadu,Sivaganga,Tirupatthur(Uzhavar Sandhai ),Mint(Pudina),Mint(Pudina),Local,2026-07-21,6400,6600,6500.0
Tamil Nadu,Thanjavur,Pattukottai(Uzhavar Sandhai ),Coriander(Leaves),I Sort,Local,2026-07-21,5400,5400,5400.0
Tamil Nadu,Thanjavur,Pattukottai(Uzhavar Sandhai ),Bitter gourd,Bitter Gourd,Local,2026-07-21,6000,6000,6000.0
Tamil Nadu,Thanjavur,Pattukottai(Uzhavar Sandhai ),Bhindi(Ladies Finger),Bhindi,Local,2026-07-21,4000,4000,4000.0
Tamil Nadu,Thanjavur,Pattukottai(Uzhavar Sandhai ),Green Chilli,Green Chilly,Local,2026-07-21,4800,4800,4800.0
Tamil Nadu,Thanjavur,Pattukottai(Uzhavar Sandhai ),Onion Green,Onion Green,Local,2026-07-21,6000,6000,6000.0
Tamil Nadu,Thanjavur,Thanjavur(Uzhavar Sandhai ),Grapes,Annabesahai,Local,2026-07-21,12000,12000,12000.0
Tamil Nadu,Thanjavur,Thanjavur(Uzhavar Sandhai ),Mango,Safeda,Local,2026-07-21,5000,7000,6000.0
Tamil Nadu,Thanjavur,Thanjavur(Uzhavar Sandhai ),Banana,Red Banana,Local,2026-07-21,8000,8000,8000.0
Tamil Nadu,Thanjavur,Thanjavur(Uzhavar Sandhai ),Garlic,Garlic,Local,2026-07-21,21000,21000,21000.0
Tamil Nadu,Thanjavur,Thanjavur(Uzhavar Sandhai ),Brinjal,Round,Local,2026-07-21,4400,6800,5600.0
Tamil Nadu,Thanjavur,Thanjavur(Uzhavar Sandhai ),Cluster beans,Cluster Beans,Local,2026-07-21,4000,4000,4000.0
Tamil Nadu,Thanjavur,Thanjavur(Uzhavar Sandhai ),Bitter gourd,Bitter Gourd,Local,2026-07-21,7000,7000,7000.0
Tamil Nadu,Thanjavur,Thanjavur(Uzhavar Sandhai ),Bottle gourd,Bottle Gourd,Local,2026-07-21,3000,3000,3000.0
Tamil Nadu,Thanjavur,Thanjavur(Uzhavar Sandhai ),Green Chilli,Green Chilly,Local,2026-07-21,4400,4400,4400.0
Tamil Nadu,Thanjavur,Thanjavur(Uzhavar Sandhai ),Cabbage,Cabbage,Local,2026-07-21,4000,4000,4000.0
Tamil Nadu,Thanjavur,Thanjavur(Uzhavar Sandhai ),Beetroot,Beetroot,Local,2026-07-21,5400,6400,5900.0
Tamil Nadu,Thanjavur,Thanjavur(Uzhavar Sandhai ),Raddish,Raddish,Local,2026-07-21,4000,4000,4000.0
Tamil Nadu,Thanjavur,Thanjavur(Uzhavar Sandhai ),Thondekai,Thondekai,Local,2026-07-21,5400,5400,5400.0
Tamil Nadu,Thanjavur,Thanjavur(Uzhavar Sandhai ),Drumstick,Drumstick,Local,2026-07-21,6000,6000,6000.0
Tamil Nadu,Thanjavur,Thanjavur(Uzhavar Sandhai ),Pomegranate,Pomogranate,Local,2026-07-21,26000,26000,26000.0
Tamil Nadu,Thanjavur,Thanjavur(Uzhavar Sandhai ),Colacasia,Colacasia,Local,2026-07-21,5400,5400,5400.0
Tamil Nadu,Thiruchirappalli,Lalgudi(Uzhavar Sandhai ),Cluster beans,Cluster Beans,Local,2026-07-21,5000,5000,5000.0
Tamil Nadu,Thiruchirappalli,Lalgudi(Uzhavar Sandhai ),Bitter gourd,Other,Local,2026-07-21,7000,7000,7000.0
Tamil Nadu,Thiruchirappalli,Lalgudi(Uzhavar Sandhai ),Pumpkin,Pumpkin,Local,2026-07-21,2000,2000,2000.0
Tamil Nadu,Thiruchirappalli,Lalgudi(Uzhavar Sandhai ),Bhindi(Ladies Finger),Bhindi,Local,2026-07-21,4000,4000,4000.0
Tamil Nadu,Thiruchirappalli,Lalgudi(Uzhavar Sandhai ),Green Chilli,Green Chilly,Local,2026-07-21,4600,4600,4600.0
Tamil Nadu,Thiruchirappalli,Lalgudi(Uzhavar Sandhai ),Beans,Beans (Whole),Local,2026-07-21,6600,6600,6600.0
Tamil Nadu,Thiruchirappalli,Lalgudi(Uzhavar Sandhai ),Ginger(Green),Green Ginger,Local,2026-07-21,20000,20000,20000.0
Tamil Nadu,Thiruchirappalli,Lalgudi(Uzhavar Sandhai ),Carrot,Pusakesar,Local,2026-07-21,9000,9000,9000.0
Tamil Nadu,Thiruchirappalli,Lalgudi(Uzhavar Sandhai ),Beetroot,Beetroot,Local,2026-07-21,5000,5000,5000.0
Tamil Nadu,Thiruchirappalli,Lalgudi(Uzhavar Sandhai ),Thondekai,Thondekai,Local,2026-07-21,5600,5600,5600.0
Tamil Nadu,Thiruchirappalli,Lalgudi(Uzhavar Sandhai ),Mango(Raw-Ripe),Mango - Raw-Ripe,Local,2026-07-21,3000,3000,3000.0
Tamil Nadu,Thiruchirappalli,Lalgudi(Uzhavar Sandhai ),Yam(Ratalu),Yam (Ratalu),Local,2026-07-21,8000,8000,8000.0
Tamil Nadu,Thiruchirappalli,Lalgudi(Uzhavar Sandhai ),Colacasia,Colacasia,Local,2026-07-21,4600,4600,4600.0
Tamil Nadu,Thiruchirappalli,Manapparai(Uzhavar Sandhai ),Cauliflower,Ranchi,Local,2026-07-21,5000,5000,5000.0
Tamil Nadu,Thiruchirappalli,Manapparai(Uzhavar Sandhai ),Cluster beans,Cluster Beans,Local,2026-07-21,5000,5000,5000.0
Tamil Nadu,Thiruchirappalli,Manapparai(Uzhavar Sandhai ),Cabbage,Cabbage,Local,2026-07-21,4600,4600,4600.0
Tamil Nadu,Thiruchirappalli,Manapparai(Uzhavar Sandhai ),Snakeguard,Snakeguard,Local,2026-07-21,5000,5000,5000.0
Tamil Nadu,Thiruchirappalli,Musiri(Uzhavar Sandhai ),Mango,Safeda,Local,2026-07-21,3000,3000,3000.0
Tamil Nadu,Thiruchirappalli,Musiri(Uzhavar Sandhai ),Papaya,Papaya,Local,2026-07-21,3500,4000,3750.0
Tamil Nadu,Thiruchirappalli,Musiri(Uzhavar Sandhai ),Coconut,Coconut,Local,2026-07-21,5000,5500,5250.0
Tamil Nadu,Thiruchirappalli,Musiri(Uzhavar Sandhai ),Turnip,Turnip,Local,2026-07-21,3000,3600,3300.0
Tamil Nadu,Thiruchirappalli,Musiri(Uzhavar Sandhai ),Amla(Nelli Kai),Amla,Local,2026-07-21,6000,7000,6500.0
Tamil Nadu,Thiruchirappalli,Thiruverumbur(Uzhavar Sandhai ),Potato,Other,Local,2026-07-21,3000,3000,3000.0
Tamil Nadu,Thiruchirappalli,Thiruverumbur(Uzhavar Sandhai ),Brinjal,Other,Local,2026-07-21,7000,7000,7000.0
Tamil Nadu,Thiruchirappalli,Thiruverumbur(Uzhavar Sandhai ),Tomato,Other,Local,2026-07-21,2000,2000,2000.0
Tamil Nadu,Thiruchirappalli,Thiruverumbur(Uzhavar Sandhai ),Cluster beans,Cluster Beans,Local,2026-07-21,5000,5000,5000.0
Tamil Nadu,Thiruchirappalli,Thiruverumbur(Uzhavar Sandhai ),Bottle gourd,Bottle Gourd,Local,2026-07-21,3000,3000,3000.0
Tamil Nadu,Thiruchirappalli,Thiruverumbur(Uzhavar Sandhai ),Carrot,Pusakesar,Local,2026-07-21,9000,9000,9000.0
Tamil Nadu,Thiruchirappalli,Thiruverumbur(Uzhavar Sandhai ),Snakeguard,Snakeguard,Local,2026-07-21,5000,5000,5000.0
Tamil Nadu,Thiruchirappalli,Thiruverumbur(Uzhavar Sandhai ),Thondekai,Thondekai,Local,2026-07-21,5000,5000,5000.0
Tamil Nadu,Thiruchirappalli,Thiruverumbur(Uzhavar Sandhai ),Onion Green,Onion Green,Local,2026-07-21,7000,7000,7000.0
Tamil Nadu,Villupuram,Gingee(Uzhavar Sandhai ),Groundnut,Big (With Shell),Local,2026-07-21,7000,7000,7000.0
Tamil Nadu,Villupuram,Gingee(Uzhavar Sandhai ),Papaya,Papaya,Local,2026-07-21,5000,5000,5000.0
Tamil Nadu,Villupuram,Gingee(Uzhavar Sandhai ),Cluster beans,Cluster Beans,Local,2026-07-21,3500,3500,3500.0
Tamil Nadu,Villupuram,Gingee(Uzhavar Sandhai ),Bitter gourd,Bitter Gourd,Local,2026-07-21,7000,7000,7000.0
Tamil Nadu,Villupuram,Gingee(Uzhavar Sandhai ),Amaranthus,Amaranthus,Local,2026-07-21,4000,5000,4500.0
Tamil Nadu,Villupuram,Gingee(Uzhavar Sandhai ),Coconut,Coconut,Local,2026-07-21,6000,6000,6000.0
Tamil Nadu,Villupuram,Gingee(Uzhavar Sandhai ),Raddish,Raddish,Local,2026-07-21,4000,4000,4000.0
Tamil Nadu,Villupuram,Gingee(Uzhavar Sandhai ),Mango(Raw-Ripe),Mango - Raw-Ripe,Local,2026-07-21,2000,2000,2000.0
Tamil Nadu,Virudhunagar,Rajapalayam(Uzhavar Sandhai ),Chikoos(Sapota),Sapota,Local,2026-07-21,3000,3500,3250.0
Tamil Nadu,Virudhunagar,Rajapalayam(Uzhavar Sandhai ),Papaya,Papaya,Local,2026-07-21,3000,3500,3250.0
Tamil Nadu,Virudhunagar,Rajapalayam(Uzhavar Sandhai ),Cluster beans,Cluster Beans,Local,2026-07-21,2500,3000,2750.0
Tamil Nadu,Virudhunagar,Rajapalayam(Uzhavar Sandhai ),Banana - Green,Banana - Green,Local,2026-07-21,3000,3600,3300.0
Tamil Nadu,Virudhunagar,Rajapalayam(Uzhavar Sandhai ),Snakeguard,Snakeguard,Local,2026-07-21,4500,5000,4750.0
Tamil Nadu,Virudhunagar,Rajapalayam(Uzhavar Sandhai ),Guava,Guava Allahabad,Local,2026-07-21,3500,4000,3750.0
Tamil Nadu,Virudhunagar,Rajapalayam(Uzhavar Sandhai ),Yam(Ratalu),Yam (Ratalu),Local,2026-07-21,9000,10000,9500.0
Tamil Nadu,Virudhunagar,Rajapalayam(Uzhavar Sandhai ),Lemon,Lemon,Local,2026-07-21,5000,6000,5500.0
Tamil Nadu,Virudhunagar,Rajapalayam(Uzhavar Sandhai ),Mint(Pudina),Mint(Pudina),Local,2026-07-21,6000,7000,6500.0
Tamil Nadu,Virudhunagar,Kariyapatti(Uzhavar Sandhai ),Coriander(Leaves),I Sort,Local,2026-07-21,7500,8000,7750.0
Tamil Nadu,Virudhunagar,Kariyapatti(Uzhavar Sandhai ),Bitter gourd,Other,Local,2026-07-21,7500,8000,7750.0
Tamil Nadu,Virudhunagar,Kariyapatti(Uzhavar Sandhai ),Snakeguard,Snakeguard,Local,2026-07-21,4500,5000,4750.0
Tamil Nadu,Virudhunagar,Kariyapatti(Uzhavar Sandhai ),Raddish,Raddish,Local,2026-07-21,3000,3500,3250.0
Tamil Nadu,Virudhunagar,Sathur(Uzhavar Sandhai ),Onion,Bellary,Local,2026-07-21,3500,4000,3750.0
Tamil Nadu,Virudhunagar,Sathur(Uzhavar Sandhai ),Cauliflower,Ranchi,Local,2026-07-21,3500,4000,3750.0
Tamil Nadu,Virudhunagar,Sathur(Uzhavar Sandhai ),Papaya,Papaya,Local,2026-07-21,2500,3000,2750.0
Tamil Nadu,Virudhunagar,Sathur(Uzhavar Sandhai ),Ashgourd,Gouard,Local,2026-07-21,2000,2500,2250.0
Tamil Nadu,Virudhunagar,Sathur(Uzhavar Sandhai ),Pumpkin,Pumpkin,Local,2026-07-21,1800,2000,1900.0
Tamil Nadu,Virudhunagar,Sathur(Uzhavar Sandhai ),Amaranthus,Amaranthus,Local,2026-07-21,2500,3000,2750.0
Tamil Nadu,Virudhunagar,Sathur(Uzhavar Sandhai ),Beans,Beans (Whole),Local,2026-07-21,7500,8000,7750.0
Tamil Nadu,Virudhunagar,Sathur(Uzhavar Sandhai ),Cabbage,Cabbage,Local,2026-07-21,3500,4000,3750.0
Tamil Nadu,Virudhunagar,Thalavaipuram(Uzhavar Sandhai ),Banana,Besrai,Local,2026-07-21,3500,4000,3750.0
Tamil Nadu,Virudhunagar,Thalavaipuram(Uzhavar Sandhai ),Onion,Bellary,Local,2026-07-21,4000,4500,4250.0
Tamil Nadu,Virudhunagar,Thalavaipuram(Uzhavar Sandhai ),Drumstick,Drumstick,Local,2026-07-21,6000,7000,6500.0
Tamil Nadu,Virudhunagar,Thalavaipuram(Uzhavar Sandhai ),Elephant Yam(Suran)/Amorphophallus,Elephant Yam (Suran),Local,2026-07-21,4500,5000,4750.0
Tamil Nadu,Virudhunagar,Thalavaipuram(Uzhavar Sandhai ),Onion Green,Onion Green,Local,2026-07-21,6000,7000,6500.0
Tamil Nadu,Chengalpattu,Madhuranthagam(Uzhavar Sandhai ),Potato,Red Nanital,Local,2026-07-21,6000,6000,6000.0
Tamil Nadu,Chengalpattu,Madhuranthagam(Uzhavar Sandhai ),Coriander(Leaves),I Sort,Local,2026-07-21,4000,4000,4000.0
Tamil Nadu,Chengalpattu,Madhuranthagam(Uzhavar Sandhai ),Tomato,Deshi,Local,2026-07-21,1500,2000,1750.0
Tamil Nadu,Chengalpattu,Madhuranthagam(Uzhavar Sandhai ),Bitter gourd,Bitter Gourd,Local,2026-07-21,4000,4000,4000.0
Tamil Nadu,Chengalpattu,Madhuranthagam(Uzhavar Sandhai ),Amaranthus,Amaranthus,Local,2026-07-21,4000,4000,4000.0
Tamil Nadu,Chengalpattu,Madhuranthagam(Uzhavar Sandhai ),Mint(Pudina),Mint(Pudina),Local,2026-07-21,4000,4000,4000.0
Tamil Nadu,Chengalpattu,Nanganallur(Uzhavar Sandhai ),Pineapple,Pine Apple,Local,2026-07-21,5000,6000,5500.0
Tamil Nadu,Chengalpattu,Nanganallur(Uzhavar Sandhai ),Orange,Darjeeling,Local,2026-07-21,13000,15000,14000.0
Tamil Nadu,Chengalpattu,Nanganallur(Uzhavar Sandhai ),Banana,Red Banana,Local,2026-07-21,7000,8000,7500.0
Tamil Nadu,Chengalpattu,Nanganallur(Uzhavar Sandhai ),Brinjal,Round,Local,2026-07-21,6000,7000,6500.0
Tamil Nadu,Chengalpattu,Nanganallur(Uzhavar Sandhai ),Coriander(Leaves),I Sort,Local,2026-07-21,4000,5000,4500.0
Tamil Nadu,Chengalpattu,Nanganallur(Uzhavar Sandhai ),Tomato,Deshi,Local,2026-07-21,1800,2000,1900.0
Tamil Nadu,Chengalpattu,Nanganallur(Uzhavar Sandhai ),Carrot,Pusakesar,Local,2026-07-21,11000,12000,11500.0
Tamil Nadu,Chengalpattu,Nanganallur(Uzhavar Sandhai ),Thondekai,Thondekai,Local,2026-07-21,4000,5000,4500.0
Tamil Nadu,Chengalpattu,Nanganallur(Uzhavar Sandhai ),Amla(Nelli Kai),Amla,Local,2026-07-21,9000,10000,9500.0
Tamil Nadu,Chengalpattu,Pallavaram(Uzhavar Sandhai ),Potato,Other,Local,2026-07-21,2500,3000,2750.0
Tamil Nadu,Chengalpattu,Pallavaram(Uzhavar Sandhai ),Ashgourd,Gouard,Local,2026-07-21,2000,2500,2250.0
Tamil Nadu,Chengalpattu,Pallavaram(Uzhavar Sandhai ),Pumpkin,Pumpkin,Local,2026-07-21,2500,3000,2750.0
Tamil Nadu,Chengalpattu,Pallavaram(Uzhavar Sandhai ),Amaranthus,Amaranthus,Local,2026-07-21,2500,3000,2750.0
Tamil Nadu,Chengalpattu,Pallavaram(Uzhavar Sandhai ),Green Chilli,Green Chilly,Local,2026-07-21,5000,6000,5500.0
Tamil Nadu,Chengalpattu,Pallavaram(Uzhavar Sandhai ),Coconut,Coconut,Local,2026-07-21,5000,6000,5500.0
Tamil Nadu,Chengalpattu,Pallavaram(Uzhavar Sandhai ),Beetroot,Beetroot,Local,2026-07-21,4000,5000,4500.0
Tamil Nadu,Chengalpattu,Pallavaram(Uzhavar Sandhai ),Ridgeguard(Tori),Ridgeguard(Tori),Local,2026-07-21,7000,8000,7500.0
Tamil Nadu,Chengalpattu,Pallavaram(Uzhavar Sandhai ),Raddish,Raddish,Local,2026-07-21,4000,5000,4500.0
Tamil Nadu,Chengalpattu,Pallavaram(Uzhavar Sandhai ),Mango(Raw-Ripe),Mango - Raw-Ripe,Local,2026-07-21,3500,4000,3750.0
Tamil Nadu,Nagercoil (Kannyiakumari),Myladi(Uzhavar Sandhai ),Chikoos(Sapota),Sapota,Local,2026-07-21,4500,5000,4750.0
Tamil Nadu,Nagercoil (Kannyiakumari),Myladi(Uzhavar Sandhai ),Bottle gourd,Bottle Gourd,Local,2026-07-21,2000,2200,2100.0
Tamil Nadu,Nagercoil (Kannyiakumari),Myladi(Uzhavar Sandhai ),Pumpkin,Pumpkin,Local,2026-07-21,1200,1500,1350.0
Tamil Nadu,Nagercoil (Kannyiakumari),Myladi(Uzhavar Sandhai ),Bhindi(Ladies Finger),Bhindi,Local,2026-07-21,3000,3500,3250.0
Tamil Nadu,Nagercoil (Kannyiakumari),Myladi(Uzhavar Sandhai ),Amaranthus,Amaranthus,Local,2026-07-21,1800,2000,1900.0
Tamil Nadu,Nagercoil (Kannyiakumari),Myladi(Uzhavar Sandhai ),Green Chilli,Green Chilly,Local,2026-07-21,6000,6500,6250.0
Tamil Nadu,Nagercoil (Kannyiakumari),Myladi(Uzhavar Sandhai ),Tapioca,Tapioca,Local,2026-07-21,3500,4000,3750.0
Tamil Nadu,Nagercoil (Kannyiakumari),Myladi(Uzhavar Sandhai ),Snakeguard,Snakeguard,Local,2026-07-21,3500,4000,3750.0
Tamil Nadu,Nagercoil (Kannyiakumari),Myladi(Uzhavar Sandhai ),Drumstick,Drumstick,Local,2026-07-21,5500,6000,5750.0
Tamil Nadu,Nagercoil (Kannyiakumari),Myladi(Uzhavar Sandhai ),Elephant Yam(Suran)/Amorphophallus,Elephant Yam (Suran),Local,2026-07-21,4500,5000,4750.0
Tamil Nadu,Chengalpattu,Jameenrayapettai(Uzhavar Sandhai ),Onion,Bellary,Local,2026-07-21,3500,4000,3750.0
Tamil Nadu,Chengalpattu,Jameenrayapettai(Uzhavar Sandhai ),Garlic,Garlic,Local,2026-07-21,18000,22000,20000.0
Tamil Nadu,Chengalpattu,Jameenrayapettai(Uzhavar Sandhai ),Green Chilli,Green Chilly,Local,2026-07-21,5000,6000,5500.0
Tamil Nadu,Chengalpattu,Jameenrayapettai(Uzhavar Sandhai ),Ridgeguard(Tori),Ridgeguard(Tori),Local,2026-07-21,7000,8000,7500.0
Tamil Nadu,Chengalpattu,Jameenrayapettai(Uzhavar Sandhai ),Capsicum,Capsicum,Local,2026-07-21,8000,9000,8500.0
Tamil Nadu,Chengalpattu,Jameenrayapettai(Uzhavar Sandhai ),Chow Chow,Chow Chow,Local,2026-07-21,4000,5000,4500.0
Tamil Nadu,Chengalpattu,Jameenrayapettai(Uzhavar Sandhai ),Mango(Raw-Ripe),Mango - Raw-Ripe,Local,2026-07-21,3500,4000,3750.0
Tamil Nadu,Chengalpattu,Jameenrayapettai(Uzhavar Sandhai ),Pomegranate,Pomogranate,Local,2026-07-21,18000,20000,19000.0
Tamil Nadu,Chengalpattu,Jameenrayapettai(Uzhavar Sandhai ),Lemon,Lemon,Local,2026-07-21,11000,12000,11500.0
Tamil Nadu,Chengalpattu,Jameenrayapettai(Uzhavar Sandhai ),Amla(Nelli Kai),Amla,Local,2026-07-21,10000,12000,11000.0
Tamil Nadu,Chengalpattu,Jameenrayapettai(Uzhavar Sandhai ),Sweet Corn ,Sweet Corn ,Local,2026-07-21,4000,5000,4500.0
Tamil Nadu,Thirupathur,Natrampalli(Uzhavar Sandhai ),Garlic,Garlic,Local,2026-07-21,25000,30000,27500.0
Tamil Nadu,Thirupathur,Natrampalli(Uzhavar Sandhai ),Coriander(Leaves),I Sort,Local,2026-07-21,7000,8000,7500.0
Tamil Nadu,Thirupathur,Natrampalli(Uzhavar Sandhai ),Bhindi(Ladies Finger),Bhindi,Local,2026-07-21,2000,3000,2500.0
Tamil Nadu,Thirupathur,Natrampalli(Uzhavar Sandhai ),Amaranthus,Amaranthus,Local,2026-07-21,1500,2000,1750.0
Tamil Nadu,Thirupathur,Natrampalli(Uzhavar Sandhai ),Carrot,Pusakesar,Local,2026-07-21,5000,6000,5500.0
Tamil Nadu,Thirupathur,Natrampalli(Uzhavar Sandhai ),Ridgeguard(Tori),Ridgeguard(Tori),Local,2026-07-21,3000,4000,3500.0
Tamil Nadu,Thirupathur,Natrampalli(Uzhavar Sandhai ),Mint(Pudina),Mint(Pudina),Local,2026-07-21,4000,5000,4500.0
Tamil Nadu,Thirupur,Dharapuram(Uzhavar Sandhai ),Cauliflower,Ranchi,Local,2026-07-21,3000,3500,3250.0
Tamil Nadu,Thirupur,Dharapuram(Uzhavar Sandhai ),Brinjal,Round,Local,2026-07-21,5000,6000,5500.0
Tamil Nadu,Thirupur,Dharapuram(Uzhavar Sandhai ),Coriander(Leaves),I Sort,Local,2026-07-21,4000,4800,4400.0
Tamil Nadu,Thirupur,Dharapuram(Uzhavar Sandhai ),Banana - Green,Banana - Green,Local,2026-07-21,2500,3000,2750.0
Tamil Nadu,Thirupur,Dharapuram(Uzhavar Sandhai ),Snakeguard,Snakeguard,Local,2026-07-21,3500,4000,3750.0
Tamil Nadu,Thirupur,Dharapuram(Uzhavar Sandhai ),Beetroot,Beetroot,Local,2026-07-21,2500,8000,5250.0
Tamil Nadu,Thirupur,Dharapuram(Uzhavar Sandhai ),Cucumbar(Kheera),Cucumbar,Local,2026-07-21,4500,5000,4750.0
Tamil Nadu,Thirupur,Dharapuram(Uzhavar Sandhai ),Drumstick,Drumstick,Local,2026-07-21,5000,7000,6000.0
Tamil Nadu,Thirupur,Dharapuram(Uzhavar Sandhai ),Guava,Guava Allahabad,Local,2026-07-21,4000,5000,4500.0
Tamil Nadu,Thirupur,Dharapuram(Uzhavar Sandhai ),Mint(Pudina),Mint(Pudina),Local,2026-07-21,5000,6000,5500.0
Tamil Nadu,Thirupur,Palladam(Uzhavar Sandhai ),Banana,Karpura,Local,2026-07-21,3000,4000,3500.0
Tamil Nadu,Thirupur,Palladam(Uzhavar Sandhai ),Cluster beans,Cluster Beans,Local,2026-07-21,3500,4000,3750.0
Tamil Nadu,Thirupur,Palladam(Uzhavar Sandhai ),Pumpkin,Pumpkin,Local,2026-07-21,1500,2000,1750.0
Tamil Nadu,Thirupur,Palladam(Uzhavar Sandhai ),Amaranthus,Amaranthus,Local,2026-07-21,2500,3000,2750.0
Tamil Nadu,Thirupur,Palladam(Uzhavar Sandhai ),Cowpea(Veg),Cowpea (Veg),Local,2026-07-21,3500,4000,3750.0
Tamil Nadu,Thirupur,Palladam(Uzhavar Sandhai ),Banana - Green,Banana - Green,Local,2026-07-21,2500,3000,2750.0
Tamil Nadu,Thirupur,Palladam(Uzhavar Sandhai ),Beans,Beans (Whole),Local,2026-07-21,7000,7500,7250.0
Tamil Nadu,Thirupur,Palladam(Uzhavar Sandhai ),Ginger(Green),Green Ginger,Local,2026-07-21,17000,18000,17500.0
Tamil Nadu,Thirupur,Palladam(Uzhavar Sandhai ),Cabbage,Cabbage,Local,2026-07-21,3000,3400,3200.0
Andhra Pradesh,Vijayanagaram,Kothavalasa APMC,Paddy(Common),1001,Local,2026-07-21,2369,2369,2369.0
Andhra Pradesh,Eluru,Polavaram APMC,Maize,Local,Local,2026-07-21,2410,2410,2410.0
Nagaland,Wokha,Baghty APMC,Cabbage,Other,Local,2026-07-21,2060,2500,2310.0
Tamil Nadu,Coimbatore,Vadavalli(Uzhavar Sandhai ),Banana,Besrai,Local,2026-07-21,5500,7800,6650.0
Tamil Nadu,Coimbatore,Vadavalli(Uzhavar Sandhai ),Potato,Other,Local,2026-07-21,5000,7000,6000.0
Tamil Nadu,Coimbatore,Vadavalli(Uzhavar Sandhai ),Brinjal,Other,Local,2026-07-21,4800,6200,5500.0
Tamil Nadu,Coimbatore,Vadavalli(Uzhavar Sandhai ),Water Melon,Water Melon,Local,2026-07-21,2200,2600,2400.0
Tamil Nadu,Coimbatore,Vadavalli(Uzhavar Sandhai ),Mousambi(Sweet Lime),Mousambi,Local,2026-07-21,8500,10000,9250.0
Tamil Nadu,Coimbatore,Vadavalli(Uzhavar Sandhai ),Amaranthus,Amaranthus,Local,2026-07-21,3500,4000,3750.0
Tamil Nadu,Coimbatore,Vadavalli(Uzhavar Sandhai ),Beans,Beans (Whole),Local,2026-07-21,6000,7500,6750.0
Tamil Nadu,Coimbatore,Vadavalli(Uzhavar Sandhai ),Tapioca,Tapioca,Local,2026-07-21,3000,3500,3250.0
Tamil Nadu,Coimbatore,Vadavalli(Uzhavar Sandhai ),Ginger(Green),Green Ginger,Local,2026-07-21,16000,18000,17000.0
Tamil Nadu,Coimbatore,Vadavalli(Uzhavar Sandhai ),Beetroot,Beetroot,Local,2026-07-21,7000,8000,7500.0
Tamil Nadu,Coimbatore,Vadavalli(Uzhavar Sandhai ),Ridgeguard(Tori),Ridgeguard(Tori),Local,2026-07-21,5200,6000,5600.0
Tamil Nadu,Coimbatore,Vadavalli(Uzhavar Sandhai ),Lemon,Lemon,Local,2026-07-21,6500,7500,7000.0
Tamil Nadu,Dindigul,Vedasanthur(Uzhavar Sandhai ),Bhindi(Ladies Finger),Bhindi,Local,2026-07-21,2800,2800,2800.0
Tamil Nadu,Dindigul,Vedasanthur(Uzhavar Sandhai ),Green Chilli,Green Chilly,Local,2026-07-21,4500,4500,4500.0
Tamil Nadu,Dindigul,Vedasanthur(Uzhavar Sandhai ),Banana - Green,Banana - Green,Local,2026-07-21,3000,3600,3300.0
Tamil Nadu,Dindigul,Vedasanthur(Uzhavar Sandhai ),Raddish,Raddish,Local,2026-07-21,3600,3600,3600.0
Uttar Pradesh,Bulandshahar,Gulavati APMC,Cauliflower,Cauliflower,FAQ,2026-07-21,2000,2200,2100.0
Uttar Pradesh,Bulandshahar,Gulavati APMC,Bhindi(Ladies Finger),Bhindi,FAQ,2026-07-21,3000,3200,3100.0
Tripura,South Tripura,Barpathari APMC,Brinjal,Round/Long,Local,2026-07-21,4900,5100,5000.0
Tripura,South Tripura,Barpathari APMC,Cowpea(Veg),Cowpea (Veg),Local,2026-07-21,5900,6100,6000.0
Tripura,South Tripura,Barpathari APMC,"Spiny Gourd / Kartali(Kantola)
",Kartali (Kantola),Local,2026-07-21,4900,5100,5000.0
Tamil Nadu,Erode,Gobichettipalayam(Uzhavar Sandhai ),Brinjal,Round,Local,2026-07-21,4500,4800,4650.0
Tamil Nadu,Erode,Gobichettipalayam(Uzhavar Sandhai ),Bottle gourd,Bottle Gourd,Local,2026-07-21,1800,2000,1900.0
Tamil Nadu,Erode,Gobichettipalayam(Uzhavar Sandhai ),Ashgourd,Gouard,Local,2026-07-21,3000,3500,3250.0
Tamil Nadu,Erode,Gobichettipalayam(Uzhavar Sandhai ),Tapioca,Tapioca,Local,2026-07-21,2000,2500,2250.0
Tamil Nadu,Erode,Gobichettipalayam(Uzhavar Sandhai ),Snakeguard,Snakeguard,Local,2026-07-21,4000,4200,4100.0
Tamil Nadu,Erode,Gobichettipalayam(Uzhavar Sandhai ),Guava,Guava Allahabad,Local,2026-07-21,4500,5000,4750.0
Tamil Nadu,Erode,Gobichettipalayam(Uzhavar Sandhai ),Tender Coconut,Tender Coconut,Local,2026-07-21,2500,3000,2750.0
Tamil Nadu,Vellore,Pallikonda(Uzhavar Sandhai),Potato,Red Nanital,Local,2026-07-21,2200,3000,2600.0
Tamil Nadu,Vellore,Pallikonda(Uzhavar Sandhai),Garlic,Garlic,Local,2026-07-21,21000,21000,21000.0
Tamil Nadu,Vellore,Pallikonda(Uzhavar Sandhai),Brinjal,Round,Local,2026-07-21,9500,9500,9500.0
Tamil Nadu,Vellore,Pallikonda(Uzhavar Sandhai),Cluster beans,Cluster Beans,Local,2026-07-21,4000,4000,4000.0
Tamil Nadu,Vellore,Pallikonda(Uzhavar Sandhai),Banana - Green,Banana - Green,Local,2026-07-21,3000,3000,3000.0
Tamil Nadu,Vellore,Pallikonda(Uzhavar Sandhai),Beans,Beans (Whole),Local,2026-07-21,6000,6000,6000.0
Tamil Nadu,Vellore,Pallikonda(Uzhavar Sandhai),Coconut,Coconut,Local,2026-07-21,3000,3500,3250.0
Tamil Nadu,Vellore,Pallikonda(Uzhavar Sandhai),Carrot,Pusakesar,Local,2026-07-21,6500,6500,6500.0
Tamil Nadu,Pudukkottai,Ponnamaravathi(Uzhavar Sandhai),Onion,Bellary,Local,2026-07-21,4500,5000,4750.0
Tamil Nadu,Pudukkottai,Ponnamaravathi(Uzhavar Sandhai),Tomato,Deshi,Local,2026-07-21,1500,2000,1750.0
Tamil Nadu,Pudukkottai,Ponnamaravathi(Uzhavar Sandhai),Cluster beans,Cluster Beans,Local,2026-07-21,4500,5000,4750.0
Tamil Nadu,Pudukkottai,Ponnamaravathi(Uzhavar Sandhai),Bhindi(Ladies Finger),Bhindi,Local,2026-07-21,3500,4000,3750.0
Tamil Nadu,Pudukkottai,Ponnamaravathi(Uzhavar Sandhai),Green Avare(W),Green Avare (W),Local,2026-07-21,7500,8000,7750.0
Tamil Nadu,Pudukkottai,Ponnamaravathi(Uzhavar Sandhai),Jack Fruit(Ripe),Jack Fruit,Local,2026-07-21,1500,2000,1750.0
Tamil Nadu,Nagapattinam,Mayiladuthurai(Uzhavar Sandhai ),Onion,Bellary,Local,2026-07-21,2500,3000,2750.0
Tamil Nadu,Nagapattinam,Mayiladuthurai(Uzhavar Sandhai ),Ashgourd,Gouard,Local,2026-07-21,1500,2000,1750.0
Tamil Nadu,Nagapattinam,Mayiladuthurai(Uzhavar Sandhai ),Pumpkin,Pumpkin,Local,2026-07-21,1500,2000,1750.0
Tamil Nadu,Nagapattinam,Mayiladuthurai(Uzhavar Sandhai ),Coconut,Coconut,Local,2026-07-21,3000,4000,3500.0
Tamil Nadu,Nagapattinam,Mayiladuthurai(Uzhavar Sandhai ),Carrot,Pusakesar,Local,2026-07-21,7000,7000,7000.0
Tamil Nadu,Nagapattinam,Mayiladuthurai(Uzhavar Sandhai ),Beetroot,Beetroot,Local,2026-07-21,5000,5000,5000.0
Tamil Nadu,Nagapattinam,Mayiladuthurai(Uzhavar Sandhai ),Raddish,Raddish,Local,2026-07-21,3500,4000,3750.0
Tamil Nadu,Nagapattinam,Mayiladuthurai(Uzhavar Sandhai ),Yam(Ratalu),Yam (Ratalu),Local,2026-07-21,8000,9000,8500.0
Tamil Nadu,Pudukkottai,Viralimalai(Uzhavar Sandhai ),Bhindi(Ladies Finger),Bhindi,Local,2026-07-21,3500,4000,3750.0
Tamil Nadu,Pudukkottai,Viralimalai(Uzhavar Sandhai ),Guava,Guava Allahabad,Local,2026-07-21,7000,8000,7500.0
Tamil Nadu,Ramanathapuram,Kamuthi(Uzhavar Sandhai ),Amaranthus,Amaranthus,Local,2026-07-21,3500,4000,3750.0
Tamil Nadu,Ramanathapuram,Paramakudi(Uzhavar Sandhai ),Soyabean,Local,Local,2026-07-21,9000,10000,9500.0
Tamil Nadu,Ramanathapuram,Paramakudi(Uzhavar Sandhai ),Bhindi(Ladies Finger),Bhindi,Local,2026-07-21,4000,4500,4250.0
Tamil Nadu,Ramanathapuram,Paramakudi(Uzhavar Sandhai ),Green Chilli,Green Chilly,Local,2026-07-21,6500,7000,6750.0
Tamil Nadu,Ramanathapuram,Paramakudi(Uzhavar Sandhai ),Banana - Green,Banana - Green,Local,2026-07-21,3000,3500,3250.0
Tamil Nadu,Ramanathapuram,Paramakudi(Uzhavar Sandhai ),Carrot,Pusakesar,Local,2026-07-21,5500,6000,5750.0
Tamil Nadu,Ramanathapuram,Paramakudi(Uzhavar Sandhai ),Cabbage,Cabbage,Local,2026-07-21,4000,4200,4100.0
Tamil Nadu,Ramanathapuram,Paramakudi(Uzhavar Sandhai ),Raddish,Raddish,Local,2026-07-21,3800,4000,3900.0
Tamil Nadu,Ramanathapuram,Paramakudi(Uzhavar Sandhai ),Lime,Lime,Local,2026-07-21,11000,12000,11500.0
Tamil Nadu,Ramanathapuram,Paramakudi(Uzhavar Sandhai ),Onion Green,Onion Green,Local,2026-07-21,5500,6000,5750.0
Tamil Nadu,Ramanathapuram,Ramanathapuram(Uzhavar Sandhai ),Coriander(Leaves),I Sort,Local,2026-07-21,6500,7000,6750.0
Tamil Nadu,Ramanathapuram,Ramanathapuram(Uzhavar Sandhai ),Beans,Beans (Whole),Local,2026-07-21,9000,9500,9250.0
Tamil Nadu,Ramanathapuram,Ramanathapuram(Uzhavar Sandhai ),Ginger(Green),Green Ginger,Local,2026-07-21,20000,20500,20250.0
Tamil Nadu,Ramanathapuram,Ramanathapuram(Uzhavar Sandhai ),Raddish,Raddish,Local,2026-07-21,4200,4500,4350.0
Tamil Nadu,Ramanathapuram,Ramanathapuram(Uzhavar Sandhai ),Drumstick,Drumstick,Local,2026-07-21,6000,6500,6250.0
Tamil Nadu,Ramanathapuram,Ramanathapuram(Uzhavar Sandhai ),Lime,Lime,Local,2026-07-21,13000,13500,13250.0
Tamil Nadu,Ramanathapuram,Ramanathapuram(Uzhavar Sandhai ),Elephant Yam(Suran)/Amorphophallus,Elephant Yam (Suran),Local,2026-07-21,7000,7500,7250.0
Tamil Nadu,Ramanathapuram,Ramanathapuram(Uzhavar Sandhai ),Lemon,Lemon,Local,2026-07-21,8000,8500,8250.0
Tamil Nadu,Ramanathapuram,Ramanathapuram(Uzhavar Sandhai ),Mint(Pudina),Mint(Pudina),Local,2026-07-21,7000,7500,7250.0
Tamil Nadu,Pudukkottai,Alangudi(Uzhavar Sandhai ),Cluster beans,Cluster Beans,Local,2026-07-21,4500,5000,4750.0
Tamil Nadu,Pudukkottai,Alangudi(Uzhavar Sandhai ),Green Chilli,Green Chilly,Local,2026-07-21,4500,5000,4750.0
Tamil Nadu,Pudukkottai,Alangudi(Uzhavar Sandhai ),Raddish,Raddish,Local,2026-07-21,3500,4000,3750.0
Tamil Nadu,Pudukkottai,Alangudi(Uzhavar Sandhai ),Green Avare(W),Other,Local,2026-07-21,8000,9000,8500.0
Tamil Nadu,Pudukkottai,Alangudi(Uzhavar Sandhai ),Lemon,Lemon,Local,2026-07-21,4500,5000,4750.0
Tamil Nadu,Pudukkottai,Alangudi(Uzhavar Sandhai ),Onion Green,Onion Green,Local,2026-07-21,6500,7000,6750.0
Tamil Nadu,Thiruvannamalai,Arani(Uzhavar Sandhai ),Coriander(Leaves),I Sort,Local,2026-07-21,4000,5000,4500.0
Tamil Nadu,Thiruvannamalai,Arani(Uzhavar Sandhai ),Tomato,Deshi,Local,2026-07-21,1500,2000,1750.0
Tamil Nadu,Thiruvannamalai,Arani(Uzhavar Sandhai ),Cabbage,Cabbage,Local,2026-07-21,2500,3000,2750.0
Tamil Nadu,Thiruvannamalai,Arani(Uzhavar Sandhai ),Green Avare(W),Green Avare (W),Local,2026-07-21,4000,5000,4500.0
Tamil Nadu,Thiruvannamalai,Arani(Uzhavar Sandhai ),Drumstick,Drumstick,Local,2026-07-21,5000,6000,5500.0
Tamil Nadu,Thiruvannamalai,Polur(Uzhavar Sandhai ),Mango,Safeda,Local,2026-07-21,4000,5000,4500.0
Tamil Nadu,Thiruvannamalai,Polur(Uzhavar Sandhai ),Potato,Red Nanital,Local,2026-07-21,2500,3000,2750.0
Tamil Nadu,Thiruvannamalai,Polur(Uzhavar Sandhai ),Green Chilli,Green Chilly,Local,2026-07-21,5000,6000,5500.0
Tamil Nadu,Thiruvannamalai,Polur(Uzhavar Sandhai ),Carrot,Pusakesar,Local,2026-07-21,5000,6000,5500.0
Tamil Nadu,Thiruvannamalai,Polur(Uzhavar Sandhai ),Ridgeguard(Tori),Ridgeguard(Tori),Local,2026-07-21,4200,4800,4500.0
Tamil Nadu,Thiruvannamalai,Polur(Uzhavar Sandhai ),Guava,Guava Allahabad,Local,2026-07-21,3600,4000,3800.0
Tamil Nadu,Thiruvannamalai,Polur(Uzhavar Sandhai ),Yam(Ratalu),Yam (Ratalu),Local,2026-07-21,3600,4000,3800.0
Tamil Nadu,Thiruvannamalai,Tiruvannamalai(Uzhavar Sandhai ),Apple,American,Local,2026-07-21,22000,24000,23000.0
Tamil Nadu,Thiruvannamalai,Tiruvannamalai(Uzhavar Sandhai ),Orange,Darjeeling,Local,2026-07-21,14000,16000,15000.0
Tamil Nadu,Thiruvannamalai,Tiruvannamalai(Uzhavar Sandhai ),Potato,Red Nanital,Local,2026-07-21,2500,3000,2750.0
Tamil Nadu,Thiruvannamalai,Tiruvannamalai(Uzhavar Sandhai ),Papaya,Papaya,Local,2026-07-21,2500,3000,2750.0
Tamil Nadu,Thiruvannamalai,Tiruvannamalai(Uzhavar Sandhai ),Cluster beans,Cluster Beans,Local,2026-07-21,4000,4800,4400.0
Tamil Nadu,Thiruvannamalai,Tiruvannamalai(Uzhavar Sandhai ),Pumpkin,Pumpkin,Local,2026-07-21,2000,2500,2250.0
Tamil Nadu,Thiruvannamalai,Tiruvannamalai(Uzhavar Sandhai ),Tapioca,Tapioca,Local,2026-07-21,2500,3000,2750.0
Tamil Nadu,Thiruvannamalai,Tiruvannamalai(Uzhavar Sandhai ),Beetroot,Beetroot,Local,2026-07-21,4000,4800,4400.0
Tamil Nadu,Thiruvannamalai,Tiruvannamalai(Uzhavar Sandhai ),Drumstick,Drumstick,Local,2026-07-21,6400,7200,6800.0
Tamil Nadu,Thiruvannamalai,Tiruvannamalai(Uzhavar Sandhai ),Knool Khol,Knool Khol,Local,2026-07-21,4800,5600,5200.0
Tamil Nadu,Thiruvannamalai,Tiruvannamalai(Uzhavar Sandhai ),Fig(Anjura/Anjeer),Anjura,Local,2026-07-21,7000,8000,7500.0
Tamil Nadu,Thiruvannamalai,Tiruvannamalai(Uzhavar Sandhai ),Tamarind Fruit,Tamarind Fruit,Local,2026-07-21,12000,14000,13000.0
Tamil Nadu,Thiruvannamalai,Tiruvannamalai(Uzhavar Sandhai ),Colacasia,Colacasia,Local,2026-07-21,4000,5000,4500.0
Tamil Nadu,Thiruvannamalai,Tiruvannamalai(Uzhavar Sandhai ),Mint(Pudina),Mint(Pudina),Local,2026-07-21,5000,6000,5500.0
Tamil Nadu,Thiruvannamalai,Tiruvannamalai(Uzhavar Sandhai ),Rose(Local),Rose (Local),Local,2026-07-21,16000,18000,17000.0
Tamil Nadu,Thiruvarur,Tiruthuraipoondi(Uzhavar Sandhai ),Bhindi(Ladies Finger),Bhindi,Local,2026-07-21,3200,3200,3200.0
Tamil Nadu,Thiruvarur,Tiruthuraipoondi(Uzhavar Sandhai ),Amaranthus,Amaranthus,Local,2026-07-21,1000,1000,1000.0
Tamil Nadu,Thiruvarur,Tiruthuraipoondi(Uzhavar Sandhai ),Green Chilli,Green Chilly,Local,2026-07-21,4000,4000,4000.0
Tamil Nadu,Thiruvarur,Tiruthuraipoondi(Uzhavar Sandhai ),Tapioca,Tapioca,Local,2026-07-21,4000,4000,4000.0
Tamil Nadu,Thiruvarur,Tiruthuraipoondi(Uzhavar Sandhai ),Cucumbar(Kheera),Cucumbar,Local,2026-07-21,6000,6000,6000.0
Tamil Nadu,Thiruvarur,Tiruthuraipoondi(Uzhavar Sandhai ),Drumstick,Drumstick,Local,2026-07-21,5400,5400,5400.0
Tamil Nadu,Thiruvarur,Tiruthuraipoondi(Uzhavar Sandhai ),Lime,Lime,Local,2026-07-21,3000,3000,3000.0
Tamil Nadu,Thiruvarur,Tiruthuraipoondi(Uzhavar Sandhai ),Amla(Nelli Kai),Amla,Local,2026-07-21,8000,8000,8000.0
Tamil Nadu,Thiruvellore,Ambattur(Uzhavar Sandhai ),Green Chilli,Green Chilly,Local,2026-07-21,5000,5000,5000.0
Tamil Nadu,Thiruvellore,Ambattur(Uzhavar Sandhai ),Coconut,Coconut,Local,2026-07-21,6000,6000,6000.0
Tamil Nadu,Thiruvellore,Naravarikuppam(Uzhavar Sandhai ),Bottle gourd,Bottle Gourd,Local,2026-07-21,3500,3500,3500.0
Tamil Nadu,Thiruvellore,Naravarikuppam(Uzhavar Sandhai ),Banana - Green,Banana - Green,Local,2026-07-21,4000,4000,4000.0
Tamil Nadu,Tuticorin,Kovilpatti(Uzhavar Sandhai ),Coriander(Leaves),I Sort,Local,2026-07-21,7500,8000,7750.0
Tamil Nadu,Tuticorin,Kovilpatti(Uzhavar Sandhai ),Papaya,Papaya,Local,2026-07-21,2500,3000,2750.0
Tamil Nadu,Tuticorin,Kovilpatti(Uzhavar Sandhai ),Bitter gourd,Other,Local,2026-07-21,14000,15000,14500.0
Tamil Nadu,Tuticorin,Kovilpatti(Uzhavar Sandhai ),Bottle gourd,Bottle Gourd,Local,2026-07-21,2500,3000,2750.0
Tamil Nadu,Tuticorin,Kovilpatti(Uzhavar Sandhai ),Banana - Green,Banana - Green,Local,2026-07-21,2500,3000,2750.0
Tamil Nadu,Tuticorin,Kovilpatti(Uzhavar Sandhai ),Beans,Beans (Whole),Local,2026-07-21,7500,8000,7750.0
Tamil Nadu,Tuticorin,Kovilpatti(Uzhavar Sandhai ),Coconut,Coconut,Local,2026-07-21,5500,6000,5750.0
Tamil Nadu,Tuticorin,Kovilpatti(Uzhavar Sandhai ),Lemon,Lemon,Local,2026-07-21,8000,8500,8250.0
Tamil Nadu,Vellore,Gudiyatham(Uzhavar Sandhai ),Amaranthus,Amaranthus,Local,2026-07-21,4000,4000,4000.0
Tamil Nadu,Vellore,Gudiyatham(Uzhavar Sandhai ),Coconut,Coconut,Local,2026-07-21,4000,4000,4000.0
Tamil Nadu,Vellore,Gudiyatham(Uzhavar Sandhai ),Sweet Potato,Hosur Red,Local,2026-07-21,3000,3000,3000.0
Tamil Nadu,Vellore,Gudiyatham(Uzhavar Sandhai ),Beetroot,Beetroot,Local,2026-07-21,5000,5000,5000.0
Tamil Nadu,Vellore,Gudiyatham(Uzhavar Sandhai ),Lime,Lime,Local,2026-07-21,5000,5000,5000.0
Tamil Nadu,Vellore,Gudiyatham(Uzhavar Sandhai ),Tender Coconut,Tender Coconut,Local,2026-07-21,2500,3000,2750.0
Tamil Nadu,Vellore,Gudiyatham(Uzhavar Sandhai ),Sweet Corn ,Sweet Corn ,Local,2026-07-21,2500,2500,2500.0
Tamil Nadu,Vellore,Kahithapattarai(Uzhavar Sandhai ),Bhindi(Ladies Finger),Bhindi,Local,2026-07-21,3500,3500,3500.0
Tamil Nadu,Vellore,Kahithapattarai(Uzhavar Sandhai ),Green Chilli,Green Chilly,Local,2026-07-21,4000,5000,4500.0
Tamil Nadu,Vellore,Kahithapattarai(Uzhavar Sandhai ),Snakeguard,Snakeguard,Local,2026-07-21,2500,2500,2500.0
Tamil Nadu,Vellore,Kahithapattarai(Uzhavar Sandhai ),Cucumbar(Kheera),Cucumbar,Local,2026-07-21,4000,4000,4000.0
Tamil Nadu,Vellore,Kahithapattarai(Uzhavar Sandhai ),Yam(Ratalu),Yam (Ratalu),Local,2026-07-21,4500,4500,4500.0
Keralam,Kottayam,Pampady Market,Amaranthus,Amaranthus,FAQ,2026-07-21,3000,4500,3500.0
Keralam,Kottayam,Pampady Market,Bhindi(Ladies Finger),Bhindi,FAQ,2026-07-21,5000,6000,5500.0
Keralam,Kottayam,Pampady Market,Cabbage,Cabbage,FAQ,2026-07-21,5000,6000,5500.0
Keralam,Kottayam,Pampady Market,Mango(Raw-Ripe),Mango - Raw-Ripe,FAQ,2026-07-21,4600,5500,5000.0
Tamil Nadu,Thiruvannamalai,Cheyyar(Uzhavar Sandhai ),Banana,Karpura,Local,2026-07-21,4000,5000,4500.0
Tamil Nadu,Thiruvannamalai,Cheyyar(Uzhavar Sandhai ),Brinjal,Other,Local,2026-07-21,6000,7000,6500.0
Tamil Nadu,Thiruvannamalai,Cheyyar(Uzhavar Sandhai ),Tomato,Local,Local,2026-07-21,1600,2000,1800.0
Tamil Nadu,Thiruvannamalai,Cheyyar(Uzhavar Sandhai ),Bitter gourd,Other,Local,2026-07-21,3500,4000,3750.0
Tamil Nadu,Thiruvannamalai,Cheyyar(Uzhavar Sandhai ),Bhindi(Ladies Finger),Bhindi,Local,2026-07-21,3000,3600,3300.0
Tamil Nadu,Thiruvannamalai,Cheyyar(Uzhavar Sandhai ),Amaranthus,Amaranthus,Local,2026-07-21,2500,3000,2750.0
Tamil Nadu,Thiruvannamalai,Cheyyar(Uzhavar Sandhai ),Green Chilli,Green Chilly,Local,2026-07-21,4300,5400,4850.0
Tamil Nadu,Thiruvannamalai,Cheyyar(Uzhavar Sandhai ),Snakeguard,Snakeguard,Local,2026-07-21,3000,3600,3300.0
Tamil Nadu,Thiruvannamalai,Cheyyar(Uzhavar Sandhai ),Raddish,Raddish,Local,2026-07-21,2500,3000,2750.0
Tamil Nadu,Thiruvannamalai,Cheyyar(Uzhavar Sandhai ),Drumstick,Drumstick,Local,2026-07-21,5000,6000,5500.0
Tamil Nadu,Thiruvannamalai,Cheyyar(Uzhavar Sandhai ),Mango(Raw-Ripe),Mango - Raw-Ripe,Local,2026-07-21,1600,2000,1800.0
Tamil Nadu,Thiruvannamalai,Cheyyar(Uzhavar Sandhai ),Tender Coconut,Tender Coconut,Local,2026-07-21,2000,2500,2250.0
Tamil Nadu,Thiruvannamalai,Cheyyar(Uzhavar Sandhai ),Onion Green,Onion Green,Local,2026-07-21,4500,5500,5000.0
Tamil Nadu,Ariyalur,Ariyalur(Uzhavar Sandhai),Onion,Bellary,Local,2026-07-21,3500,4000,3750.0
Tamil Nadu,Ariyalur,Ariyalur(Uzhavar Sandhai),Green Avare(W),Green Avare (W),Local,2026-07-21,7000,8000,7500.0
Tamil Nadu,Ariyalur,Ariyalur(Uzhavar Sandhai),Drumstick,Drumstick,Local,2026-07-21,4500,5500,5000.0
Odisha,Sundergarh,Panposh APMC,Brinjal,Brinjal,FAQ,2026-07-21,3000,3500,3200.0
Odisha,Sundergarh,Panposh APMC,Pumpkin,Other,FAQ,2026-07-21,1000,1400,1200.0
Uttar Pradesh,Amroha,Hasanpur APMC,Bhindi(Ladies Finger),Bhindi,FAQ,2026-07-21,1450,1520,1500.0
Uttar Pradesh,Amroha,Hasanpur APMC,Spinach,Other,FAQ,2026-07-21,1450,1520,1500.0
Punjab,Ludhiana,Doraha APMC,Banana,Amruthapani,Local,2026-07-21,3500,4000,3800.0
Odisha,Sundergarh,Sargipali APMC,Brinjal,Brinjal,FAQ,2026-07-21,1800,2200,2000.0
Keralam,Thiruvananthapuram,Pappanchani VFPCK Market,Cowpea(Veg),Bean Barbati,Grade A,2026-07-21,8000,8000,8000.0
Uttar Pradesh,Khiri (Lakhimpur),Maigalganj APMC,Raddish,Raddish,FAQ,2026-07-21,1400,1430,1415.0
Himachal Pradesh,Kangra,SMY Baijnath,Apple,Kasmir/Shimla - II,Grade C,2026-07-21,5000,15000,6000.0
Himachal Pradesh,Kangra,SMY Baijnath,Onion,Onion,Grade A,2026-07-21,3200,3400,3300.0
Himachal Pradesh,Kangra,SMY Baijnath,Cucumbar(Kheera),Cucumbar,Grade A,2026-07-21,2500,3700,3200.0
Himachal Pradesh,Kangra,SMY Baijnath,French Beans(Frasbean),French Beans (Frasbean),Grade A,2026-07-21,6500,6700,6700.0
Tamil Nadu,Coimbatore,Mettupalayam(Uzhavar Sandhai ),Onion,Bellary,Local,2026-07-21,3000,3800,3400.0
Tamil Nadu,Coimbatore,Mettupalayam(Uzhavar Sandhai ),Cauliflower,Ranchi,Local,2026-07-21,4000,4500,4250.0
Tamil Nadu,Coimbatore,Mettupalayam(Uzhavar Sandhai ),Green Peas,Green Peas,Local,2026-07-21,16000,18000,17000.0
Tamil Nadu,Coimbatore,Mettupalayam(Uzhavar Sandhai ),Bhindi(Ladies Finger),Bhindi,Local,2026-07-21,3500,4000,3750.0
Tamil Nadu,Coimbatore,Mettupalayam(Uzhavar Sandhai ),Banana - Green,Banana - Green,Local,2026-07-21,4500,5000,4750.0
Tamil Nadu,Coimbatore,Mettupalayam(Uzhavar Sandhai ),Tapioca,Tapioca,Local,2026-07-21,3000,3500,3250.0
Tamil Nadu,Coimbatore,Mettupalayam(Uzhavar Sandhai ),Snakeguard,Snakeguard,Local,2026-07-21,2800,3200,3000.0
Tamil Nadu,Coimbatore,Mettupalayam(Uzhavar Sandhai ),Drumstick,Drumstick,Local,2026-07-21,5000,5400,5200.0
Tamil Nadu,Coimbatore,Mettupalayam(Uzhavar Sandhai ),Yam(Ratalu),Yam (Ratalu),Local,2026-07-21,6500,7000,6750.0
Tamil Nadu,Erode,Sathiyamagalam(Uzhavar Sandhai ),Onion,Bellary,Local,2026-07-21,3500,4000,3750.0
Tamil Nadu,Erode,Sathiyamagalam(Uzhavar Sandhai ),Papaya,Papaya,Local,2026-07-21,2000,2400,2200.0
Tamil Nadu,Erode,Sathiyamagalam(Uzhavar Sandhai ),Tomato,Local,Local,2026-07-21,1800,2200,2000.0
Tamil Nadu,Erode,Sathiyamagalam(Uzhavar Sandhai ),Pumpkin,Pumpkin,Local,2026-07-21,2000,2500,2250.0
Tamil Nadu,Erode,Sathiyamagalam(Uzhavar Sandhai ),Bhindi(Ladies Finger),Bhindi,Local,2026-07-21,3000,3400,3200.0
Tamil Nadu,Erode,Sathiyamagalam(Uzhavar Sandhai ),Tapioca,Tapioca,Local,2026-07-21,2500,3000,2750.0
Tamil Nadu,Erode,Sathiyamagalam(Uzhavar Sandhai ),Carrot,Pusakesar,Local,2026-07-21,6500,7000,6750.0
Tamil Nadu,Erode,Sathiyamagalam(Uzhavar Sandhai ),Beetroot,Beetroot,Local,2026-07-21,6000,6500,6250.0
Tamil Nadu,Erode,Sathiyamagalam(Uzhavar Sandhai ),Ridgeguard(Tori),Ridgeguard(Tori),Local,2026-07-21,5000,5300,5150.0
Tamil Nadu,Namakkal,Tiruchengode APMC,Potato,Other,Local,2026-07-21,2600,3000,2800.0
Tamil Nadu,Namakkal,Tiruchengode APMC,Mousambi(Sweet Lime),Mousambi,Local,2026-07-21,3000,3500,3250.0
Tamil Nadu,Namakkal,Tiruchengode APMC,Green Chilli,Green Chilly,Local,2026-07-21,5400,6000,5700.0
Tamil Nadu,Namakkal,Tiruchengode APMC,Beans,Beans (Whole),Local,2026-07-21,6200,7000,6600.0
Tamil Nadu,Namakkal,Tiruchengode APMC,Ginger(Green),Green Ginger,Local,2026-07-21,17000,19000,18000.0
Tamil Nadu,Namakkal,Tiruchengode APMC,Snakeguard,Snakeguard,Local,2026-07-21,5400,6000,5700.0
Tamil Nadu,Namakkal,Tiruchengode APMC,Capsicum,Capsicum,Local,2026-07-21,5400,6000,5700.0
Tamil Nadu,Namakkal,Tiruchengode APMC,Chow Chow,Chow Chow,Local,2026-07-21,2600,3000,2800.0
Tamil Nadu,Namakkal,Tiruchengode APMC,Drumstick,Drumstick,Local,2026-07-21,6200,7000,6600.0
Tamil Nadu,Namakkal,Tiruchengode APMC,Mango(Raw-Ripe),Mango - Raw-Ripe,Local,2026-07-21,2600,3000,2800.0
Tamil Nadu,Namakkal,Tiruchengode APMC,Mint(Pudina),Mint(Pudina),Local,2026-07-21,4500,5000,4750.0
Tamil Nadu,Coimbatore,RSPuram(Uzhavar Sandhai ),Orange,Darjeeling,Local,2026-07-21,8000,14000,11000.0
Tamil Nadu,Coimbatore,RSPuram(Uzhavar Sandhai ),Onion,Bellary,Local,2026-07-21,3000,3300,3150.0
Tamil Nadu,Coimbatore,RSPuram(Uzhavar Sandhai ),Amaranthus,Amaranthus,Local,2026-07-21,5600,6500,6050.0
Tamil Nadu,Coimbatore,RSPuram(Uzhavar Sandhai ),Raddish,Raddish,Local,2026-07-21,4000,4500,4250.0
Tamil Nadu,Coimbatore,RSPuram(Uzhavar Sandhai ),Drumstick,Drumstick,Local,2026-07-21,5500,6000,5750.0
Tamil Nadu,Coimbatore,RSPuram(Uzhavar Sandhai ),Mango(Raw-Ripe),Mango - Raw-Ripe,Local,2026-07-21,3400,3800,3600.0
Tamil Nadu,Coimbatore,RSPuram(Uzhavar Sandhai ),Colacasia,Colacasia,Local,2026-07-21,4000,4500,4250.0
Tamil Nadu,Coimbatore,RSPuram(Uzhavar Sandhai ),Baby Corn,Baby Corn,Grade A,2026-07-21,2200,2800,2500.0
Tamil Nadu,Coimbatore,Singanallur(Uzhavar Sandhai ),Mango,Safeda,Local,2026-07-21,9000,10000,9500.0
Tamil Nadu,Coimbatore,Singanallur(Uzhavar Sandhai ),Onion,Bellary,Local,2026-07-21,3000,3400,3200.0
Tamil Nadu,Coimbatore,Singanallur(Uzhavar Sandhai ),Cauliflower,Ranchi,Local,2026-07-21,4000,4600,4300.0
Tamil Nadu,Coimbatore,Singanallur(Uzhavar Sandhai ),Chikoos(Sapota),Sapota,Local,2026-07-21,4000,4500,4250.0
Tamil Nadu,Coimbatore,Singanallur(Uzhavar Sandhai ),Pumpkin,Pumpkin,Local,2026-07-21,1500,2000,1750.0
Tamil Nadu,Coimbatore,Singanallur(Uzhavar Sandhai ),Coconut,Coconut,Local,2026-07-21,5000,5400,5200.0
Tamil Nadu,Coimbatore,Singanallur(Uzhavar Sandhai ),Capsicum,Capsicum,Local,2026-07-21,9000,9500,9250.0
Tamil Nadu,Coimbatore,Singanallur(Uzhavar Sandhai ),Chow Chow,Chow Chow,Local,2026-07-21,2800,3200,3000.0
Tamil Nadu,Coimbatore,Singanallur(Uzhavar Sandhai ),Mango(Raw-Ripe),Mango - Raw-Ripe,Local,2026-07-21,3500,4000,3750.0
Tamil Nadu,Coimbatore,Singanallur(Uzhavar Sandhai ),Amla(Nelli Kai),Amla,Local,2026-07-21,7500,8500,8000.0
Tamil Nadu,Coimbatore,Pollachi(Uzhavar Sandhai ),Potato,Red Nanital,Local,2026-07-21,4000,6500,5250.0
Tamil Nadu,Coimbatore,Pollachi(Uzhavar Sandhai ),Garlic,Garlic,Local,2026-07-21,18000,22000,20000.0
Tamil Nadu,Coimbatore,Pollachi(Uzhavar Sandhai ),Cauliflower,Ranchi,Local,2026-07-21,4000,4500,4250.0
Tamil Nadu,Coimbatore,Pollachi(Uzhavar Sandhai ),Tomato,Deshi,Local,2026-07-21,1600,2000,1800.0
Tamil Nadu,Coimbatore,Pollachi(Uzhavar Sandhai ),Bitter gourd,Bitter Gourd,Local,2026-07-21,5000,5500,5250.0
Tamil Nadu,Coimbatore,Pollachi(Uzhavar Sandhai ),Ashgourd,Gouard,Local,2026-07-21,1800,2200,2000.0
Tamil Nadu,Coimbatore,Pollachi(Uzhavar Sandhai ),Cabbage,Cabbage,Local,2026-07-21,3500,4200,3850.0
Tamil Nadu,Coimbatore,Pollachi(Uzhavar Sandhai ),Beetroot,Beetroot,Local,2026-07-21,5000,8500,6750.0
Tamil Nadu,Coimbatore,Pollachi(Uzhavar Sandhai ),Raddish,Raddish,Local,2026-07-21,3500,4000,3750.0
Tamil Nadu,Coimbatore,Pollachi(Uzhavar Sandhai ),Elephant Yam(Suran)/Amorphophallus,Elephant Yam (Suran),Local,2026-07-21,3500,4000,3750.0
Tamil Nadu,Coimbatore,Pollachi(Uzhavar Sandhai ),Onion Green,Onion Green,Local,2026-07-21,5500,6000,5750.0
Tamil Nadu,Karur,Karur(Uzhavar Sandhai ),Onion,Bellary,Local,2026-07-21,3500,4000,3750.0
Tamil Nadu,Karur,Karur(Uzhavar Sandhai ),Potato,Other,Local,2026-07-21,6000,6500,6250.0
Tamil Nadu,Karur,Karur(Uzhavar Sandhai ),Cluster beans,Cluster Beans,Local,2026-07-21,4000,4500,4250.0
Tamil Nadu,Karur,Karur(Uzhavar Sandhai ),Coconut,Coconut,Local,2026-07-21,5000,5500,5250.0
Tamil Nadu,Karur,Karur(Uzhavar Sandhai ),Snakeguard,Snakeguard,Local,2026-07-21,4500,5000,4750.0
Tamil Nadu,Karur,Karur(Uzhavar Sandhai ),Knool Khol,Knool Khol,Local,2026-07-21,6500,7000,6750.0
Tamil Nadu,Coimbatore,Kurichi(Uzhavar Sandhai ),Tomato,Local,Local,2026-07-21,2000,2400,2200.0
Tamil Nadu,Coimbatore,Kurichi(Uzhavar Sandhai ),Cluster beans,Cluster Beans,Local,2026-07-21,4000,4400,4200.0
Tamil Nadu,Coimbatore,Kurichi(Uzhavar Sandhai ),Bottle gourd,Bottle Gourd,Local,2026-07-21,2500,3000,2750.0
Tamil Nadu,Coimbatore,Kurichi(Uzhavar Sandhai ),Pumpkin,Pumpkin,Local,2026-07-21,1600,2000,1800.0
Tamil Nadu,Coimbatore,Kurichi(Uzhavar Sandhai ),Green Chilli,Green Chilly,Local,2026-07-21,4500,5000,4750.0
Tamil Nadu,Coimbatore,Kurichi(Uzhavar Sandhai ),Thondekai,Thondekai,Local,2026-07-21,4500,5000,4750.0
Tamil Nadu,Cuddalore,Chidambaram(Uzhavar Sandhai ),Onion,Bellary,Local,2026-07-21,3500,4000,3750.0
Tamil Nadu,Cuddalore,Chidambaram(Uzhavar Sandhai ),Bottle gourd,Bottle Gourd,Local,2026-07-21,3000,3000,3000.0
Tamil Nadu,Cuddalore,Chidambaram(Uzhavar Sandhai ),Green Chilli,Green Chilly,Local,2026-07-21,4000,5000,4500.0
Tamil Nadu,Cuddalore,Chidambaram(Uzhavar Sandhai ),Mango(Raw-Ripe),Mango - Raw-Ripe,Local,2026-07-21,3000,3000,3000.0
Tamil Nadu,Cuddalore,Cuddalore(Uzhavar Sandhai ),Groundnut,Big (With Shell),Local,2026-07-21,8000,8000,8000.0
Tamil Nadu,Cuddalore,Cuddalore(Uzhavar Sandhai ),Banana,Besrai,Local,2026-07-21,4000,8000,6000.0
Tamil Nadu,Cuddalore,Cuddalore(Uzhavar Sandhai ),Cauliflower,Ranchi,Local,2026-07-21,4500,4500,4500.0
Tamil Nadu,Cuddalore,Cuddalore(Uzhavar Sandhai ),Tomato,Deshi,Local,2026-07-21,1800,2000,1900.0
Tamil Nadu,Cuddalore,Cuddalore(Uzhavar Sandhai ),Cluster beans,Cluster Beans,Local,2026-07-21,5000,5000,5000.0
Tamil Nadu,Cuddalore,Cuddalore(Uzhavar Sandhai ),Ashgourd,Gouard,Local,2026-07-21,3000,4000,3500.0
Tamil Nadu,Cuddalore,Cuddalore(Uzhavar Sandhai ),Green Chilli,Green Chilly,Local,2026-07-21,4500,4500,4500.0
Tamil Nadu,Cuddalore,Cuddalore(Uzhavar Sandhai ),Ginger(Green),Green Ginger,Local,2026-07-21,18000,18000,18000.0
Tamil Nadu,Cuddalore,Cuddalore(Uzhavar Sandhai ),Sweet Potato,Hosur Red,Local,2026-07-21,4000,4000,4000.0
Tamil Nadu,Cuddalore,Cuddalore(Uzhavar Sandhai ),Raddish,Raddish,Local,2026-07-21,4000,4000,4000.0
Tamil Nadu,Cuddalore,Cuddalore(Uzhavar Sandhai ),Green Avare(W),Green Avare (W),Local,2026-07-21,6000,6000,6000.0
Tamil Nadu,Cuddalore,Cuddalore(Uzhavar Sandhai ),Guava,Guava Allahabad,Local,2026-07-21,4000,5000,4500.0
Bihar,Muzaffarpur,Bhagwanpur Mandi APMC,Onion,1st Sort,Grade A,2026-07-21,2400,2400,2400.0
Tamil Nadu,Kallakuruchi,Kallakurichi(Uzhavar Sandhai ),Mango,Other,Local,2026-07-21,4000,4000,4000.0
Tamil Nadu,Kallakuruchi,Kallakurichi(Uzhavar Sandhai ),Potato,Red Nanital,Local,2026-07-21,3500,3500,3500.0
Tamil Nadu,Kallakuruchi,Kallakurichi(Uzhavar Sandhai ),Cauliflower,Ranchi,Local,2026-07-21,3000,3000,3000.0
Tamil Nadu,Kallakuruchi,Kallakurichi(Uzhavar Sandhai ),Chikoos(Sapota),Sapota,Local,2026-07-21,5000,5000,5000.0
Tamil Nadu,Kallakuruchi,Kallakurichi(Uzhavar Sandhai ),Pumpkin,Pumpkin,Local,2026-07-21,2500,2500,2500.0
Tamil Nadu,Kallakuruchi,Kallakurichi(Uzhavar Sandhai ),Beetroot,Beetroot,Local,2026-07-21,6000,6000,6000.0
Tamil Nadu,Kallakuruchi,Kallakurichi(Uzhavar Sandhai ),Green Avare(W),Green Avare (W),Local,2026-07-21,10000,10000,10000.0
Tamil Nadu,Kallakuruchi,Kallakurichi(Uzhavar Sandhai ),Chow Chow,Chow Chow,Local,2026-07-21,6000,6000,6000.0
Tamil Nadu,Kallakuruchi,Kallakurichi(Uzhavar Sandhai ),Mint(Pudina),Mint(Pudina),Local,2026-07-21,3000,3000,3000.0
Bihar,Madhubani,Madhubani APMC,Tomato,Tomato,FAQ,2026-07-21,3800,4000,3900.0
Tamil Nadu,Nagercoil (Kannyiakumari),Vadaseri APMC,Mango,Safeda,Local,2026-07-21,6500,7000,6750.0
Tamil Nadu,Nagercoil (Kannyiakumari),Vadaseri APMC,Pineapple,Pine Apple,Local,2026-07-21,4500,5000,4750.0
Tamil Nadu,Nagercoil (Kannyiakumari),Vadaseri APMC,Bitter gourd,Bitter Gourd,Local,2026-07-21,7500,8000,7750.0
Tamil Nadu,Nagercoil (Kannyiakumari),Vadaseri APMC,Amaranthus,Amaranthus,Local,2026-07-21,1500,2000,1750.0
Tamil Nadu,Nagercoil (Kannyiakumari),Vadaseri APMC,Banana - Green,Banana - Green,Local,2026-07-21,4500,5000,4750.0
Tamil Nadu,Nagercoil (Kannyiakumari),Vadaseri APMC,Coconut,Coconut,Local,2026-07-21,5300,5500,5400.0
Tamil Nadu,Nagercoil (Kannyiakumari),Vadaseri APMC,Raddish,Raddish,Local,2026-07-21,4500,5000,4750.0
Tamil Nadu,Nagercoil (Kannyiakumari),Vadaseri APMC,Amla(Nelli Kai),Amla,Local,2026-07-21,6500,7000,6750.0
Tamil Nadu,Pudukkottai,Karambakkudi(Uzhavar Sandhai ),Ashgourd,Gouard,Local,2026-07-21,1000,1500,1250.0
Tamil Nadu,Pudukkottai,Karambakkudi(Uzhavar Sandhai ),Pumpkin,Pumpkin,Local,2026-07-21,1000,1500,1250.0
Tamil Nadu,Pudukkottai,Karambakkudi(Uzhavar Sandhai ),Amaranthus,Amaranthus,Local,2026-07-21,2000,2000,2000.0
Tamil Nadu,Pudukkottai,Karambakkudi(Uzhavar Sandhai ),Coconut,Coconut,Local,2026-07-21,3000,4000,3500.0
Tamil Nadu,Pudukkottai,Karambakkudi(Uzhavar Sandhai ),Green Avare(W),Other,Local,2026-07-21,7000,8000,7500.0
Tamil Nadu,Pudukkottai,Karambakkudi(Uzhavar Sandhai ),Mango(Raw-Ripe),Mango - Raw-Ripe,Local,2026-07-21,2000,2500,2250.0
Tamil Nadu,Pudukkottai,Karambakkudi(Uzhavar Sandhai ),Lemon,Lemon,Local,2026-07-21,4000,5000,4500.0
Tamil Nadu,Pudukkottai,Karambakkudi(Uzhavar Sandhai ),Mint(Pudina),Mint(Pudina),Local,2026-07-21,4000,5000,4500.0
Tamil Nadu,Vellore,Thirupathur APMC,Groundnut,Big (With Shell),Local,2026-07-21,6000,6000,6000.0
Tamil Nadu,Vellore,Thirupathur APMC,Onion,Bellary,Local,2026-07-21,3700,3700,3700.0
Tamil Nadu,Vellore,Thirupathur APMC,Garlic,Garlic,Local,2026-07-21,24000,24000,24000.0
Tamil Nadu,Vellore,Thirupathur APMC,Cauliflower,Ranchi,Local,2026-07-21,2500,2500,2500.0
Tamil Nadu,Vellore,Thirupathur APMC,Brinjal,Round,Local,2026-07-21,7000,7000,7000.0
Tamil Nadu,Vellore,Thirupathur APMC,Pumpkin,Pumpkin,Local,2026-07-21,2000,2000,2000.0
Tamil Nadu,Vellore,Thirupathur APMC,Cabbage,Cabbage,Local,2026-07-21,3600,3600,3600.0
Tamil Nadu,Vellore,Thirupathur APMC,Raddish,Raddish,Local,2026-07-21,4000,4000,4000.0
Tamil Nadu,Vellore,Thirupathur APMC,Capsicum,Capsicum,Local,2026-07-21,5000,5000,5000.0
Tamil Nadu,Vellore,Thirupathur APMC,Amla(Nelli Kai),Amla,Local,2026-07-21,8000,8000,8000.0
Tamil Nadu,Salem,Athur(Uzhavar Sandhai ),Brinjal,Other,Local,2026-07-21,4000,4500,4250.0
Tamil Nadu,Salem,Athur(Uzhavar Sandhai ),Coriander(Leaves),I Sort,Local,2026-07-21,3500,4000,3750.0
Tamil Nadu,Salem,Athur(Uzhavar Sandhai ),Chikoos(Sapota),Sapota,Local,2026-07-21,3500,4000,3750.0
Tamil Nadu,Salem,Athur(Uzhavar Sandhai ),Tomato,Local,Local,2026-07-21,1500,1800,1650.0
Tamil Nadu,Salem,Athur(Uzhavar Sandhai ),Beans,Beans (Whole),Local,2026-07-21,6000,7000,6500.0
Tamil Nadu,Salem,Athur(Uzhavar Sandhai ),Ginger(Green),Green Ginger,Local,2026-07-21,13000,18000,15500.0
Tamil Nadu,Salem,Athur(Uzhavar Sandhai ),Cucumbar(Kheera),Cucumbar,Local,2026-07-21,5000,7000,6000.0
Tamil Nadu,Salem,Athur(Uzhavar Sandhai ),Guava,Guava Allahabad,Local,2026-07-21,5000,6000,5500.0
Tamil Nadu,Salem,Athur(Uzhavar Sandhai ),Kakada,Kakada,Local,2026-07-21,14000,16000,15000.0
Tamil Nadu,Salem,Athur(Uzhavar Sandhai ),Onion Green,Onion Green,Local,2026-07-21,4500,5000,4750.0
Tamil Nadu,Virudhunagar,Srivilliputhur(Uzhavar Sandhai ),Onion,Bellary,Local,2026-07-21,3500,4000,3750.0
Tamil Nadu,Virudhunagar,Srivilliputhur(Uzhavar Sandhai ),Green Avare(W),Green Avare (W),Local,2026-07-21,6000,7000,6500.0
Tamil Nadu,Virudhunagar,Srivilliputhur(Uzhavar Sandhai ),Onion Green,Onion Green,Local,2026-07-21,5000,6000,5500.0
Tamil Nadu,Dharmapuri,Harur(Uzhavar Sandhai ),Banana,Karpura,Local,2026-07-21,4000,5000,4500.0
Tamil Nadu,Dharmapuri,Harur(Uzhavar Sandhai ),Garlic,Garlic,Local,2026-07-21,20000,22000,21000.0
Tamil Nadu,Dharmapuri,Harur(Uzhavar Sandhai ),Brinjal,Other,Local,2026-07-21,3500,4000,3750.0
Tamil Nadu,Dharmapuri,Harur(Uzhavar Sandhai ),Cluster beans,Cluster Beans,Local,2026-07-21,3500,4000,3750.0
Tamil Nadu,Dharmapuri,Harur(Uzhavar Sandhai ),Bottle gourd,Bottle Gourd,Local,2026-07-21,1500,1800,1650.0
Tamil Nadu,Dharmapuri,Harur(Uzhavar Sandhai ),Cucumbar(Kheera),Cucumbar,Local,2026-07-21,4500,5000,4750.0
Tamil Nadu,Dharmapuri,Harur(Uzhavar Sandhai ),Ridgeguard(Tori),Ridgeguard(Tori),Local,2026-07-21,4500,5000,4750.0
Tamil Nadu,Dharmapuri,Harur(Uzhavar Sandhai ),Raddish,Raddish,Local,2026-07-21,2500,3000,2750.0
Tamil Nadu,Dharmapuri,Harur(Uzhavar Sandhai ),Capsicum,Capsicum,Local,2026-07-21,9000,10000,9500.0
Tamil Nadu,Dharmapuri,Harur(Uzhavar Sandhai ),Drumstick,Drumstick,Local,2026-07-21,7000,8000,7500.0
Tamil Nadu,Dharmapuri,Harur(Uzhavar Sandhai ),Mint(Pudina),Mint(Pudina),Local,2026-07-21,4500,5000,4750.0
Tamil Nadu,Krishnagiri,Kaveripattinam(Uzhavar Sandhai ),Bhindi(Ladies Finger),Bhindi,Local,2026-07-21,3000,3000,3000.0
Tamil Nadu,Krishnagiri,Kaveripattinam(Uzhavar Sandhai ),Ginger(Green),Green Ginger,Local,2026-07-21,17000,17000,17000.0
Tamil Nadu,Krishnagiri,Kaveripattinam(Uzhavar Sandhai ),Coconut,Coconut,Local,2026-07-21,5000,6000,5500.0
Tamil Nadu,Krishnagiri,Kaveripattinam(Uzhavar Sandhai ),Raddish,Raddish,Local,2026-07-21,3000,4000,3500.0
Tamil Nadu,The Nilgiris,Coonoor(Uzhavar Sandhai ),Onion,Bellary,Local,2026-07-21,4000,4200,4100.0
Tamil Nadu,The Nilgiris,Coonoor(Uzhavar Sandhai ),Bottle gourd,Bottle Gourd,Local,2026-07-21,2500,3000,2750.0
Tamil Nadu,The Nilgiris,Coonoor(Uzhavar Sandhai ),Ridgeguard(Tori),Ridgeguard(Tori),Local,2026-07-21,5500,5800,5650.0
Tamil Nadu,The Nilgiris,Coonoor(Uzhavar Sandhai ),Green Avare(W),Other,Local,2026-07-21,9000,9300,9150.0
Tamil Nadu,The Nilgiris,Coonoor(Uzhavar Sandhai ),Knool Khol,Knool Khol,Local,2026-07-21,3500,4000,3750.0
Tamil Nadu,The Nilgiris,Gudalur(Uzhavar Sandhai ),Potato,Red Nanital,Local,2026-07-21,4500,5000,4750.0
Tamil Nadu,The Nilgiris,Gudalur(Uzhavar Sandhai ),Ginger(Green),Green Ginger,Local,2026-07-21,19000,20000,19500.0
Tamil Nadu,The Nilgiris,Gudalur(Uzhavar Sandhai ),Coconut,Coconut,Local,2026-07-21,5000,5500,5250.0
Tamil Nadu,The Nilgiris,Gudalur(Uzhavar Sandhai ),Snakeguard,Snakeguard,Local,2026-07-21,3500,3800,3650.0
Tamil Nadu,The Nilgiris,Gudalur(Uzhavar Sandhai ),Cucumbar(Kheera),Cucumbar,Local,2026-07-21,3000,3500,3250.0
Tamil Nadu,The Nilgiris,Gudalur(Uzhavar Sandhai ),Capsicum,Capsicum,Local,2026-07-21,7000,8000,7500.0
Tamil Nadu,The Nilgiris,Gudalur(Uzhavar Sandhai ),Green Avare(W),Green Avare (W),Local,2026-07-21,6000,6500,6250.0
Tamil Nadu,The Nilgiris,Gudalur(Uzhavar Sandhai ),Drumstick,Drumstick,Local,2026-07-21,6000,6500,6250.0
Tamil Nadu,The Nilgiris,Gudalur(Uzhavar Sandhai ),Elephant Yam(Suran)/Amorphophallus,Elephant Yam (Suran),Local,2026-07-21,3500,4000,3750.0
Uttarakhand,Dehradoon,Vikasnagar APMC,Jack Fruit(Ripe),Other,Medium,2026-07-21,300,800,800.0
Uttarakhand,Dehradoon,Vikasnagar APMC,Cucumbar(Kheera),Other,Medium,2026-07-21,500,500,500.0
Uttar Pradesh,Mau(Maunathbhanjan),Kopaganj APMC,Cucumbar(Kheera),Cucumbar,FAQ,2026-07-21,1490,1510,1500.0
Haryana,Hissar,Hansi APMC,Bottle gourd,Other,FAQ,2026-07-21,800,1200,1000.0
Haryana,Hissar,Hansi APMC,Apple,Other,Grade B,2026-07-21,10000,20000,15000.0
Haryana,Hissar,Hansi APMC,Capsicum,Other,FAQ,2026-07-21,5000,6000,5500.0
Haryana,Hissar,Hansi APMC,Potato,Other,FAQ,2026-07-21,900,4000,1200.0
Haryana,Hissar,Hansi APMC,Spinach,Other,FAQ,2026-07-21,1200,1500,1350.0
Haryana,Hissar,Hansi APMC,Ridgeguard(Tori),Other,FAQ,2026-07-21,1500,2000,1750.0
Himachal Pradesh,Shimla,SMY Parala,Apple,Royal Delicious,Grade A,2026-07-21,2000,16000,9000.0
Keralam,Idukki,Kattappana Market,Apple,Other,Grade B,2026-07-21,26000,27000,27000.0
Keralam,Idukki,Kattappana Market,Mango,Other,Medium,2026-07-21,7000,8500,8000.0
Keralam,Idukki,Kattappana Market,Banana,Palayamthodan,Medium,2026-07-21,2400,2500,2400.0
Keralam,Idukki,Kattappana Market,Banana,Robusta,Medium,2026-07-21,1900,2300,2100.0
Keralam,Idukki,Kattappana Market,Ashgourd,Other,Medium,2026-07-21,2800,3200,3000.0
Keralam,Kollam,Anchal Market,Cauliflower,Cauliflower,Local,2026-07-21,6000,6000,6000.0
Keralam,Kollam,Anchal Market,Ashgourd,Ashgourd,Local,2026-07-21,6300,6300,6300.0
Keralam,Kollam,Anchal Market,Tapioca,Other,Local,2026-07-21,3300,3300,3300.0
Keralam,Kollam,Anchal Market,Banana,Robusta,Medium,2026-07-21,4300,4300,4300.0
Keralam,Kollam,Anchal Market,Potato,Potato,Local,2026-07-21,3800,3800,3800.0
Keralam,Kollam,Anchal Market,Pumpkin,Pumpkin,Local,2026-07-21,3200,3200,3200.0
Keralam,Kollam,Anchal Market,Banana,Nendra Bale,Medium,2026-07-21,7300,7300,7300.0
Keralam,Kollam,Anchal Market,Banana,Palayamthodan,Medium,2026-07-21,3400,3400,3400.0
Tamil Nadu,Madurai,Chokkikulam(Uzhavar Sandhai ),Apple,American,Local,2026-07-21,14000,16000,15000.0
Tamil Nadu,Madurai,Chokkikulam(Uzhavar Sandhai ),Orange,Darjeeling,Local,2026-07-21,14000,16000,15000.0
Tamil Nadu,Madurai,Chokkikulam(Uzhavar Sandhai ),Grapes,Annabesahai,Local,2026-07-21,10000,11000,10500.0
Tamil Nadu,Madurai,Chokkikulam(Uzhavar Sandhai ),Potato,Red Nanital,Local,2026-07-21,2400,6000,4200.0
Tamil Nadu,Madurai,Chokkikulam(Uzhavar Sandhai ),Bhindi(Ladies Finger),Bhindi,Local,2026-07-21,2500,3600,3050.0
Tamil Nadu,Madurai,Chokkikulam(Uzhavar Sandhai ),Ginger(Green),Green Ginger,Local,2026-07-21,15000,22000,18500.0
Tamil Nadu,Madurai,Chokkikulam(Uzhavar Sandhai ),Coconut,Coconut,Local,2026-07-21,4800,5800,5300.0
Keralam,Alappuzha,Harippad Market,Capsicum,Capsicum,FAQ,2026-07-21,10000,10500,10000.0
Tamil Nadu,Cuddalore,Viruthachalam(Uzhavar Sandhai ),Bitter gourd,Bitter Gourd,Local,2026-07-21,6000,6000,6000.0
Tamil Nadu,Cuddalore,Viruthachalam(Uzhavar Sandhai ),Pumpkin,Pumpkin,Local,2026-07-21,2500,2500,2500.0
Tamil Nadu,Cuddalore,Viruthachalam(Uzhavar Sandhai ),Banana - Green,Banana - Green,Local,2026-07-21,2500,2500,2500.0
Tamil Nadu,Cuddalore,Viruthachalam(Uzhavar Sandhai ),Cabbage,Cabbage,Local,2026-07-21,4000,4000,4000.0
Tamil Nadu,Cuddalore,Viruthachalam(Uzhavar Sandhai ),Mint(Pudina),Mint(Pudina),Local,2026-07-21,6000,6000,6000.0
Tamil Nadu,Dharmapuri,Dharmapuri(Uzhavar Sandhai ),Onion,Bellary,Local,2026-07-21,3500,3800,3650.0
Tamil Nadu,Dharmapuri,Dharmapuri(Uzhavar Sandhai ),Bottle gourd,Bottle Gourd,Local,2026-07-21,1500,1600,1550.0
Tamil Nadu,Dharmapuri,Dharmapuri(Uzhavar Sandhai ),Ashgourd,Gouard,Local,2026-07-21,1800,2000,1900.0
Tamil Nadu,Dharmapuri,Dharmapuri(Uzhavar Sandhai ),Bhindi(Ladies Finger),Bhindi,Local,2026-07-21,1400,1500,1450.0
Tamil Nadu,Dharmapuri,Dharmapuri(Uzhavar Sandhai ),Amaranthus,Amaranthus,Local,2026-07-21,2800,3000,2900.0
Tamil Nadu,Dharmapuri,Dharmapuri(Uzhavar Sandhai ),Tapioca,Tapioca,Local,2026-07-21,2300,2500,2400.0
Tamil Nadu,Dharmapuri,Dharmapuri(Uzhavar Sandhai ),Ginger(Green),Green Ginger,Local,2026-07-21,22700,23600,23150.0
Tamil Nadu,Dharmapuri,Dharmapuri(Uzhavar Sandhai ),Coconut,Coconut,Local,2026-07-21,6500,7000,6750.0
Tamil Nadu,Dharmapuri,Dharmapuri(Uzhavar Sandhai ),Cabbage,Cabbage,Local,2026-07-21,4200,4400,4300.0
Tamil Nadu,Dharmapuri,Dharmapuri(Uzhavar Sandhai ),Beetroot,Beetroot,Local,2026-07-21,5000,5200,5100.0
Tamil Nadu,Dharmapuri,Dharmapuri(Uzhavar Sandhai ),Cucumbar(Kheera),Cucumbar,Local,2026-07-21,4200,4600,4400.0
Tamil Nadu,Dharmapuri,Dharmapuri(Uzhavar Sandhai ),Guava,Guava Allahabad,Local,2026-07-21,6200,6500,6350.0
Tamil Nadu,Dharmapuri,Dharmapuri(Uzhavar Sandhai ),Sweet Corn ,Sweet Corn ,Local,2026-07-21,2800,3000,2900.0
Tamil Nadu,Dharmapuri,Karimangalam(Uzhavar Sandhai),Potato,Other,Local,2026-07-21,2800,3000,2900.0
Tamil Nadu,Dharmapuri,Karimangalam(Uzhavar Sandhai),Cauliflower,Ranchi,Local,2026-07-21,3800,4000,3900.0
Tamil Nadu,Dharmapuri,Karimangalam(Uzhavar Sandhai),Bitter gourd,Other,Local,2026-07-21,4500,5000,4750.0
Tamil Nadu,Dharmapuri,Karimangalam(Uzhavar Sandhai),Bottle gourd,Bottle Gourd,Local,2026-07-21,2300,2500,2400.0
Tamil Nadu,Dharmapuri,Karimangalam(Uzhavar Sandhai),Pumpkin,Pumpkin,Local,2026-07-21,2300,2500,2400.0
Tamil Nadu,Dharmapuri,Karimangalam(Uzhavar Sandhai),Tapioca,Tapioca,Local,2026-07-21,2300,2500,2400.0
Tamil Nadu,Dharmapuri,Karimangalam(Uzhavar Sandhai),Ginger(Green),Green Ginger,Local,2026-07-21,22000,24000,23000.0
Tamil Nadu,Dharmapuri,Karimangalam(Uzhavar Sandhai),Thondekai,Thondekai,Local,2026-07-21,6000,6500,6250.0
Tamil Nadu,Dharmapuri,Karimangalam(Uzhavar Sandhai),Chow Chow,Chow Chow,Local,2026-07-21,3800,4000,3900.0
Tamil Nadu,Dharmapuri,Karimangalam(Uzhavar Sandhai),Drumstick,Drumstick,Local,2026-07-21,6000,7000,6500.0
Tamil Nadu,Dharmapuri,Karimangalam(Uzhavar Sandhai),Knool Khol,Knool Khol,Local,2026-07-21,5500,6000,5750.0
Tamil Nadu,Dharmapuri,Karimangalam(Uzhavar Sandhai),Lemon,Lemon,Local,2026-07-21,8000,9000,8500.0
Tamil Nadu,Dharmapuri,Palacode(Uzhavar Sandhai ),Cluster beans,Cluster Beans,Local,2026-07-21,4000,4400,4200.0
Tamil Nadu,Dharmapuri,Palacode(Uzhavar Sandhai ),Ridgeguard(Tori),Ridgeguard(Tori),Local,2026-07-21,3800,4000,3900.0
Tamil Nadu,Dharmapuri,Palacode(Uzhavar Sandhai ),Capsicum,Capsicum,Local,2026-07-21,8600,9000,8800.0
Tamil Nadu,Dharmapuri,Pennagaram(Uzhavar Sandhai ),Groundnut,Big (With Shell),Local,2026-07-21,6600,7000,6800.0
Tamil Nadu,Dharmapuri,Pennagaram(Uzhavar Sandhai ),Banana,Besrai,Local,2026-07-21,4600,5000,4800.0
Tamil Nadu,Dharmapuri,Pennagaram(Uzhavar Sandhai ),Potato,Red Nanital,Local,2026-07-21,3300,3500,3400.0
Tamil Nadu,Dharmapuri,Pennagaram(Uzhavar Sandhai ),Coriander(Leaves),I Sort,Local,2026-07-21,7500,8000,7750.0
Tamil Nadu,Dharmapuri,Pennagaram(Uzhavar Sandhai ),Papaya,Papaya,Local,2026-07-21,2800,3000,2900.0
Tamil Nadu,Dharmapuri,Pennagaram(Uzhavar Sandhai ),Ginger(Green),Green Ginger,Local,2026-07-21,23200,24000,23600.0
Tamil Nadu,Dharmapuri,Pennagaram(Uzhavar Sandhai ),Coconut,Coconut,Local,2026-07-21,4600,5000,4800.0
Tamil Nadu,Dharmapuri,Pennagaram(Uzhavar Sandhai ),Beetroot,Beetroot,Local,2026-07-21,4700,5000,4850.0
Tamil Nadu,Dharmapuri,Pennagaram(Uzhavar Sandhai ),Cucumbar(Kheera),Cucumbar,Local,2026-07-21,3300,3500,3400.0
Tamil Nadu,Dharmapuri,Pennagaram(Uzhavar Sandhai ),Raddish,Raddish,Local,2026-07-21,3200,3400,3300.0
Tamil Nadu,Dharmapuri,Pennagaram(Uzhavar Sandhai ),Guava,Guava Allahabad,Local,2026-07-21,4600,5000,4800.0
Tamil Nadu,Dharmapuri,Pennagaram(Uzhavar Sandhai ),Onion Green,Onion Green,Local,2026-07-21,5200,5500,5350.0
Tamil Nadu,Dharmapuri,Pennagaram(Uzhavar Sandhai ),Sweet Corn ,Sweet Corn ,Local,2026-07-21,1800,2000,1900.0
Tamil Nadu,Erode,Periyar Nagar(Uzhavar Sandhai ),Mango,Safeda,Local,2026-07-21,3000,5000,4000.0
Tamil Nadu,Erode,Periyar Nagar(Uzhavar Sandhai ),Groundnut,Big (With Shell),Local,2026-07-21,5500,6000,5750.0
Tamil Nadu,Erode,Periyar Nagar(Uzhavar Sandhai ),Coriander(Leaves),I Sort,Local,2026-07-21,5000,6000,5500.0
Tamil Nadu,Erode,Periyar Nagar(Uzhavar Sandhai ),Papaya,Papaya,Local,2026-07-21,2200,2600,2400.0
Tamil Nadu,Erode,Periyar Nagar(Uzhavar Sandhai ),Amaranthus,Amaranthus,Local,2026-07-21,4000,4500,4250.0
Tamil Nadu,Erode,Periyar Nagar(Uzhavar Sandhai ),Cowpea(Veg),Cowpea (Veg),Local,2026-07-21,3000,3500,3250.0
Tamil Nadu,Erode,Periyar Nagar(Uzhavar Sandhai ),Kakada,Kakada,Local,2026-07-21,16000,18000,17000.0
Tamil Nadu,Erode,Perundurai(Uzhavar Sandhai ),Cauliflower,Ranchi,Local,2026-07-21,2600,3000,2800.0
Tamil Nadu,Erode,Perundurai(Uzhavar Sandhai ),Coriander(Leaves),I Sort,Local,2026-07-21,5500,5800,5650.0
Tamil Nadu,Erode,Perundurai(Uzhavar Sandhai ),Tomato,Deshi,Local,2026-07-21,1800,2200,2000.0
Tamil Nadu,Erode,Perundurai(Uzhavar Sandhai ),Bitter gourd,Bitter Gourd,Local,2026-07-21,6000,6500,6250.0
Tamil Nadu,Erode,Perundurai(Uzhavar Sandhai ),Banana - Green,Banana - Green,Local,2026-07-21,2500,2800,2650.0
Tamil Nadu,Erode,Perundurai(Uzhavar Sandhai ),Carrot,Pusakesar,Local,2026-07-21,6000,6500,6250.0
Tamil Nadu,Erode,Perundurai(Uzhavar Sandhai ),Cabbage,Cabbage,Local,2026-07-21,3000,3500,3250.0
Tamil Nadu,Erode,Perundurai(Uzhavar Sandhai ),Mint(Pudina),Mint(Pudina),Local,2026-07-21,3000,3500,3250.0
Tamil Nadu,Erode,Thalavadi(Uzhavar Sandhai ),Ashgourd,Gouard,Local,2026-07-21,1400,1800,1600.0
Tamil Nadu,Erode,Thalavadi(Uzhavar Sandhai ),Green Chilli,Green Chilly,Local,2026-07-21,3000,3600,3300.0
Tamil Nadu,Erode,Thalavadi(Uzhavar Sandhai ),Banana - Green,Banana - Green,Local,2026-07-21,3000,3500,3250.0
Tamil Nadu,Erode,Thalavadi(Uzhavar Sandhai ),Beetroot,Beetroot,Local,2026-07-21,4000,4400,4200.0
Tamil Nadu,Erode,Thalavadi(Uzhavar Sandhai ),Ridgeguard(Tori),Ridgeguard(Tori),Local,2026-07-21,3500,4000,3750.0
Tamil Nadu,Erode,Thalavadi(Uzhavar Sandhai ),Green Avare(W),Other,Local,2026-07-21,4500,5000,4750.0
Tamil Nadu,Erode,Thalavadi(Uzhavar Sandhai ),Lemon,Lemon,Local,2026-07-21,4500,5000,4750.0
Tamil Nadu,Erode,Thalavadi(Uzhavar Sandhai ),Onion Green,Onion Green,Local,2026-07-21,5500,6000,5750.0
Tamil Nadu,Kallakuruchi,Sankarapuram(Uzhavar Sandhai ),Banana,Besrai,Local,2026-07-21,4000,4000,4000.0
Tamil Nadu,Kallakuruchi,Sankarapuram(Uzhavar Sandhai ),Water Melon,Water Melon,Local,2026-07-21,2500,2500,2500.0
Tamil Nadu,Kallakuruchi,Sankarapuram(Uzhavar Sandhai ),Snakeguard,Snakeguard,Local,2026-07-21,5000,5000,5000.0
Tamil Nadu,Kallakuruchi,Sankarapuram(Uzhavar Sandhai ),Yam(Ratalu),Yam (Ratalu),Local,2026-07-21,4000,4000,4000.0
Tamil Nadu,Kallakuruchi,Sankarapuram(Uzhavar Sandhai ),Amla(Nelli Kai),Amla,Local,2026-07-21,7000,7000,7000.0
Tamil Nadu,Kancheepuram,Kancheepuram(Uzhavar Sandhai ),Amaranthus,Amaranthus,Local,2026-07-21,3500,4000,3750.0
Tamil Nadu,Kancheepuram,Kancheepuram(Uzhavar Sandhai ),Yam(Ratalu),Yam (Ratalu),Local,2026-07-21,4000,5000,4500.0
Tamil Nadu,Kancheepuram,Kundrathur(Uzhavar Sandhai ),Cauliflower,Ranchi,Local,2026-07-21,3000,3500,3250.0
Tamil Nadu,Kancheepuram,Kundrathur(Uzhavar Sandhai ),Brinjal,Other,Local,2026-07-21,3500,4000,3750.0
Tamil Nadu,Kancheepuram,Kundrathur(Uzhavar Sandhai ),Bitter gourd,Bitter Gourd,Local,2026-07-21,4000,4000,4000.0
Tamil Nadu,Kancheepuram,Kundrathur(Uzhavar Sandhai ),Pumpkin,Pumpkin,Local,2026-07-21,2000,2000,2000.0
Tamil Nadu,Kancheepuram,Kundrathur(Uzhavar Sandhai ),Beetroot,Beetroot,Local,2026-07-21,3500,4000,3750.0
Tamil Nadu,Kancheepuram,Kundrathur(Uzhavar Sandhai ),Onion Green,Onion Green,Local,2026-07-21,5000,5000,5000.0
Tamil Nadu,Kancheepuram,Padappai(Uzhavar Sandhai ),Bottle gourd,Bottle Gourd,Local,2026-07-21,2500,3000,2750.0
Tamil Nadu,Kancheepuram,Padappai(Uzhavar Sandhai ),Ashgourd,Gouard,Local,2026-07-21,2000,2500,2250.0
Tamil Nadu,Kancheepuram,Padappai(Uzhavar Sandhai ),Bhindi(Ladies Finger),Bhindi,Local,2026-07-21,3500,4000,3750.0
Tamil Nadu,Kancheepuram,Padappai(Uzhavar Sandhai ),Ginger(Green),Green Ginger,Local,2026-07-21,22000,26000,24000.0
Tamil Nadu,Kancheepuram,Padappai(Uzhavar Sandhai ),Coconut,Coconut,Local,2026-07-21,4800,5500,5150.0
Tamil Nadu,Kancheepuram,Padappai(Uzhavar Sandhai ),Carrot,Pusakesar,Local,2026-07-21,6000,7000,6500.0
Tamil Nadu,Kancheepuram,Padappai(Uzhavar Sandhai ),Knool Khol,Knool Khol,Local,2026-07-21,4000,4500,4250.0
Tamil Nadu,Kancheepuram,Padappai(Uzhavar Sandhai ),Amla(Nelli Kai),Amla,Local,2026-07-21,8000,10000,9000.0
Tamil Nadu,Kancheepuram,Sunguvarchatram(Uzhavar Sandhai ),Potato,Other,Local,2026-07-21,2500,2500,2500.0
Tamil Nadu,Kancheepuram,Sunguvarchatram(Uzhavar Sandhai ),Tomato,Other,Local,2026-07-21,2400,2400,2400.0
Tamil Nadu,Kancheepuram,Sunguvarchatram(Uzhavar Sandhai ),Bottle gourd,Bottle Gourd,Local,2026-07-21,2500,2500,2500.0
Tamil Nadu,Kancheepuram,Sunguvarchatram(Uzhavar Sandhai ),Amaranthus,Amaranthus,Local,2026-07-21,3000,3000,3000.0
Tamil Nadu,Kancheepuram,Sunguvarchatram(Uzhavar Sandhai ),Beans,Beans (Whole),Local,2026-07-21,7000,8000,7500.0
Tamil Nadu,Kancheepuram,Sunguvarchatram(Uzhavar Sandhai ),Beetroot,Beetroot,Local,2026-07-21,3500,4000,3750.0
Tamil Nadu,Kancheepuram,Sunguvarchatram(Uzhavar Sandhai ),Capsicum,Capsicum,Local,2026-07-21,5000,5000,5000.0
Tamil Nadu,Kancheepuram,Sunguvarchatram(Uzhavar Sandhai ),Green Avare(W),Green Avare (W),Local,2026-07-21,4000,5000,4500.0
Tamil Nadu,Kancheepuram,Sunguvarchatram(Uzhavar Sandhai ),Chow Chow,Chow Chow,Local,2026-07-21,3000,3000,3000.0
Tamil Nadu,Krishnagiri,Avallapalli(Uzhavar Sandhai ),Tomato,Deshi,Local,2026-07-21,1500,2000,1750.0
Tamil Nadu,Krishnagiri,Avallapalli(Uzhavar Sandhai ),Bhindi(Ladies Finger),Bhindi,Local,2026-07-21,3500,4000,3750.0
Tamil Nadu,Krishnagiri,Avallapalli(Uzhavar Sandhai ),Banana - Green,Banana - Green,Local,2026-07-21,3500,4000,3750.0
Tamil Nadu,Krishnagiri,Avallapalli(Uzhavar Sandhai ),Tapioca,Tapioca,Local,2026-07-21,3500,4000,3750.0
Tamil Nadu,Krishnagiri,Avallapalli(Uzhavar Sandhai ),Green Avare(W),Green Avare (W),Local,2026-07-21,5500,6000,5750.0
Tamil Nadu,Krishnagiri,Avallapalli(Uzhavar Sandhai ),Elephant Yam(Suran)/Amorphophallus,Elephant Yam (Suran),Local,2026-07-21,4500,5000,4750.0
Tamil Nadu,Krishnagiri,Avallapalli(Uzhavar Sandhai ),Yam(Ratalu),Yam (Ratalu),Local,2026-07-21,4500,5000,4750.0
Tamil Nadu,Krishnagiri,Avallapalli(Uzhavar Sandhai ),Onion Green,Onion Green,Local,2026-07-21,7000,8000,7500.0
Tamil Nadu,Krishnagiri,Hosur(Uzhavar Sandhai ),Grapes,Annabesahai,Local,2026-07-21,10000,12000,11000.0
Tamil Nadu,Krishnagiri,Hosur(Uzhavar Sandhai ),Groundnut,Big (With Shell),Local,2026-07-21,7000,8000,7500.0
Tamil Nadu,Krishnagiri,Hosur(Uzhavar Sandhai ),Potato,Red Nanital,Local,2026-07-21,2000,2500,2250.0
Tamil Nadu,Krishnagiri,Hosur(Uzhavar Sandhai ),Cauliflower,Ranchi,Local,2026-07-21,3500,4000,3750.0
Tamil Nadu,Krishnagiri,Hosur(Uzhavar Sandhai ),Brinjal,Round,Local,2026-07-21,4000,4500,4250.0
Tamil Nadu,Krishnagiri,Hosur(Uzhavar Sandhai ),Green Peas,Green Peas,Local,2026-07-21,12000,14000,13000.0
Tamil Nadu,Krishnagiri,Hosur(Uzhavar Sandhai ),Amaranthus,Amaranthus,Local,2026-07-21,5000,6000,5500.0
Tamil Nadu,Krishnagiri,Hosur(Uzhavar Sandhai ),Green Chilli,Green Chilly,Local,2026-07-21,5000,6000,5500.0
Tamil Nadu,Krishnagiri,Hosur(Uzhavar Sandhai ),Cowpea(Veg),Cowpea (Veg),Local,2026-07-21,5000,6000,5500.0
Tamil Nadu,Krishnagiri,Hosur(Uzhavar Sandhai ),Sweet Potato,Hosur Red,Local,2026-07-21,4000,5000,4500.0
Tamil Nadu,Krishnagiri,Hosur(Uzhavar Sandhai ),Cabbage,Cabbage,Local,2026-07-21,3000,3500,3250.0
Tamil Nadu,Krishnagiri,Hosur(Uzhavar Sandhai ),Snakeguard,Snakeguard,Local,2026-07-21,3500,4000,3750.0
Tamil Nadu,Krishnagiri,Hosur(Uzhavar Sandhai ),Raddish,Raddish,Local,2026-07-21,3500,4000,3750.0
Tamil Nadu,Krishnagiri,Hosur(Uzhavar Sandhai ),Guava,Guava Allahabad,Local,2026-07-21,5000,6000,5500.0
Tamil Nadu,Krishnagiri,Hosur(Uzhavar Sandhai ),Amla(Nelli Kai),Amla,Local,2026-07-21,8000,10000,9000.0
Tamil Nadu,Krishnagiri,Hosur(Uzhavar Sandhai ),Onion Green,Onion Green,Local,2026-07-21,7000,8000,7500.0
Tamil Nadu,Krishnagiri,Krishnagiri(Uzhavar Sandhai ),Brinjal,Round,Local,2026-07-21,3000,3400,3200.0
Tamil Nadu,Krishnagiri,Krishnagiri(Uzhavar Sandhai ),Water Melon,Water Melon,Local,2026-07-21,1500,2000,1750.0
Tamil Nadu,Krishnagiri,Krishnagiri(Uzhavar Sandhai ),Bottle gourd,Bottle Gourd,Local,2026-07-21,1500,2000,1750.0
Tamil Nadu,Krishnagiri,Krishnagiri(Uzhavar Sandhai ),Ginger(Green),Green Ginger,Local,2026-07-21,18000,20000,19000.0
Tamil Nadu,Krishnagiri,Krishnagiri(Uzhavar Sandhai ),Carrot,Pusakesar,Local,2026-07-21,8000,9000,8500.0
Tamil Nadu,Krishnagiri,Krishnagiri(Uzhavar Sandhai ),Snakeguard,Snakeguard,Local,2026-07-21,3000,3400,3200.0
Tamil Nadu,Krishnagiri,Krishnagiri(Uzhavar Sandhai ),Beetroot,Beetroot,Local,2026-07-21,4000,5000,4500.0
Tamil Nadu,Krishnagiri,Krishnagiri(Uzhavar Sandhai ),Cucumbar(Kheera),Cucumbar,Local,2026-07-21,2500,3000,2750.0
Tamil Nadu,Krishnagiri,Krishnagiri(Uzhavar Sandhai ),Chow Chow,Chow Chow,Local,2026-07-21,4000,5000,4500.0
Tamil Nadu,Krishnagiri,Krishnagiri(Uzhavar Sandhai ),Mango(Raw-Ripe),Mango - Raw-Ripe,Local,2026-07-21,1500,2000,1750.0
Tamil Nadu,Krishnagiri,Krishnagiri(Uzhavar Sandhai ),Tamarind Fruit,Tamarind Fruit,Local,2026-07-21,11000,12000,11500.0
Tamil Nadu,Krishnagiri,Krishnagiri(Uzhavar Sandhai ),Onion Green,Onion Green,Local,2026-07-21,5000,6000,5500.0
Tamil Nadu,Madurai,Anaiyur(Uzhavar Sandhai ),Brinjal,Round,Local,2026-07-21,4000,4800,4400.0
Tamil Nadu,Madurai,Anaiyur(Uzhavar Sandhai ),Beans,Beans (Whole),Local,2026-07-21,7000,8000,7500.0
Tamil Nadu,Madurai,Anaiyur(Uzhavar Sandhai ),Coconut,Coconut,Local,2026-07-21,4800,5800,5300.0
Tamil Nadu,Madurai,Anaiyur(Uzhavar Sandhai ),Betal Leaves,Mysore,Local,2026-07-21,18000,24000,21000.0
Tamil Nadu,Madurai,Anaiyur(Uzhavar Sandhai ),Cabbage,Cabbage,Local,2026-07-21,3600,4000,3800.0
Tamil Nadu,Madurai,Usilampatti(Uzhavar Sandhai ),Tomato,Deshi,Local,2026-07-21,1500,2100,1800.0
Tamil Nadu,Madurai,Usilampatti(Uzhavar Sandhai ),Bitter gourd,Other,Local,2026-07-21,6000,6500,6250.0
Tamil Nadu,Madurai,Usilampatti(Uzhavar Sandhai ),Ashgourd,Gouard,Local,2026-07-21,2400,2600,2500.0
Tamil Nadu,Madurai,Usilampatti(Uzhavar Sandhai ),Bhindi(Ladies Finger),Bhindi,Local,2026-07-21,2500,3600,3050.0
Tamil Nadu,Madurai,Usilampatti(Uzhavar Sandhai ),Amaranthus,Amaranthus,Local,2026-07-21,3000,3600,3300.0
Tamil Nadu,Madurai,Usilampatti(Uzhavar Sandhai ),Coconut,Coconut,Local,2026-07-21,4800,5800,5300.0
Tamil Nadu,Madurai,Usilampatti(Uzhavar Sandhai ),Green Avare(W),Green Avare (W),Local,2026-07-21,6500,8000,7250.0
Tamil Nadu,Madurai,Usilampatti(Uzhavar Sandhai ),Mint(Pudina),Mint(Pudina),Local,2026-07-21,6000,6500,6250.0
Tamil Nadu,Nagapattinam,Nagapattinam(Uzhavar Sandhai ),Brinjal,Round,Local,2026-07-21,5800,6500,6150.0
Tamil Nadu,Nagapattinam,Nagapattinam(Uzhavar Sandhai ),Amaranthus,Amaranthus,Local,2026-07-21,1200,1500,1350.0
Tamil Nadu,Nagapattinam,Nagapattinam(Uzhavar Sandhai ),Cabbage,Cabbage,Local,2026-07-21,3500,4000,3750.0
Tamil Nadu,Nagapattinam,Nagapattinam(Uzhavar Sandhai ),Mango(Raw-Ripe),Mango - Raw-Ripe,Local,2026-07-21,2300,3500,2900.0
Tamil Nadu,Nagapattinam,Nagapattinam(Uzhavar Sandhai ),Yam(Ratalu),Yam (Ratalu),Local,2026-07-21,7000,8000,7500.0
Tamil Nadu,Nagapattinam,Sirkali(Uzhavar Sandhai ),Banana,Besrai,Local,2026-07-21,4000,5000,4500.0
Tamil Nadu,Nagapattinam,Sirkali(Uzhavar Sandhai ),Onion,Bellary,Local,2026-07-21,2500,3000,2750.0
Tamil Nadu,Nagapattinam,Sirkali(Uzhavar Sandhai ),Cauliflower,Ranchi,Local,2026-07-21,5000,5000,5000.0
Tamil Nadu,Nagapattinam,Sirkali(Uzhavar Sandhai ),Bitter gourd,Bitter Gourd,Local,2026-07-21,5500,6000,5750.0
Tamil Nadu,Nagapattinam,Sirkali(Uzhavar Sandhai ),Banana - Green,Banana - Green,Local,2026-07-21,2500,3000,2750.0
Tamil Nadu,Nagapattinam,Sirkali(Uzhavar Sandhai ),Beans,Beans (Whole),Local,2026-07-21,9000,10000,9500.0
Tamil Nadu,Nagapattinam,Sirkali(Uzhavar Sandhai ),Sweet Potato,Hosur Red,Local,2026-07-21,5500,6000,5750.0
Tamil Nadu,Nagapattinam,Sirkali(Uzhavar Sandhai ),Carrot,Pusakesar,Local,2026-07-21,7000,7000,7000.0
Tamil Nadu,Nagapattinam,Sirkali(Uzhavar Sandhai ),Mint(Pudina),Mint(Pudina),Local,2026-07-21,4000,4500,4250.0
Tamil Nadu,Nagapattinam,Vedaranyam(Uzhavar Sandhai),Onion,Bellary,Local,2026-07-21,3200,3500,3350.0
Tamil Nadu,Nagapattinam,Vedaranyam(Uzhavar Sandhai),Bitter gourd,Bitter Gourd,Local,2026-07-21,4000,4200,4100.0
Tamil Nadu,Nagapattinam,Vedaranyam(Uzhavar Sandhai),Bhindi(Ladies Finger),Bhindi,Local,2026-07-21,4200,4400,4300.0
Tamil Nadu,Nagapattinam,Vedaranyam(Uzhavar Sandhai),Amaranthus,Amaranthus,Local,2026-07-21,2200,2500,2350.0
Tamil Nadu,Nagapattinam,Vedaranyam(Uzhavar Sandhai),Green Chilli,Green Chilly,Local,2026-07-21,3800,4000,3900.0
Tamil Nadu,Nagapattinam,Vedaranyam(Uzhavar Sandhai),Chow Chow,Chow Chow,Local,2026-07-21,2200,2500,2350.0
Tamil Nadu,Namakkal,Kumarapalayam(Uzhavar Sandhai ),Onion,Bellary,Local,2026-07-21,3800,4200,4000.0
Tamil Nadu,Namakkal,Kumarapalayam(Uzhavar Sandhai ),Chikoos(Sapota),Sapota,Local,2026-07-21,3500,4000,3750.0
Tamil Nadu,Namakkal,Kumarapalayam(Uzhavar Sandhai ),Papaya,Papaya,Local,2026-07-21,3000,3500,3250.0
Tamil Nadu,Namakkal,Kumarapalayam(Uzhavar Sandhai ),Cluster beans,Cluster Beans,Local,2026-07-21,4000,4400,4200.0
Tamil Nadu,Namakkal,Kumarapalayam(Uzhavar Sandhai ),Bottle gourd,Bottle Gourd,Local,2026-07-21,1500,2000,1750.0
Tamil Nadu,Namakkal,Kumarapalayam(Uzhavar Sandhai ),Green Chilli,Green Chilly,Local,2026-07-21,5600,6200,5900.0
Tamil Nadu,Namakkal,Kumarapalayam(Uzhavar Sandhai ),Cabbage,Cabbage,Local,2026-07-21,3700,4200,3950.0
Tamil Nadu,Namakkal,Kumarapalayam(Uzhavar Sandhai ),Snakeguard,Snakeguard,Local,2026-07-21,4500,5000,4750.0
Tamil Nadu,Namakkal,Kumarapalayam(Uzhavar Sandhai ),Elephant Yam(Suran)/Amorphophallus,Elephant Yam (Suran),Local,2026-07-21,3500,4000,3750.0
Tamil Nadu,Namakkal,Kumarapalayam(Uzhavar Sandhai ),Amla(Nelli Kai),Amla,Local,2026-07-21,8000,8500,8250.0
Tamil Nadu,Namakkal,Mohanur(Uzhavar Sandhai ),Potato,Other,Local,2026-07-21,3000,3500,3250.0
Tamil Nadu,Namakkal,Mohanur(Uzhavar Sandhai ),Brinjal,Other,Local,2026-07-21,6500,7200,6850.0
Tamil Nadu,Namakkal,Mohanur(Uzhavar Sandhai ),Bottle gourd,Bottle Gourd,Local,2026-07-21,1500,2000,1750.0
Tamil Nadu,Namakkal,Mohanur(Uzhavar Sandhai ),Ashgourd,Gouard,Local,2026-07-21,3000,3500,3250.0
Tamil Nadu,Namakkal,Mohanur(Uzhavar Sandhai ),Pumpkin,Pumpkin,Local,2026-07-21,3000,3500,3250.0
Tamil Nadu,Namakkal,Mohanur(Uzhavar Sandhai ),Green Chilli,Green Chilly,Local,2026-07-21,6000,7000,6500.0
Tamil Nadu,Namakkal,Mohanur(Uzhavar Sandhai ),Raddish,Raddish,Local,2026-07-21,3500,4000,3750.0
Tamil Nadu,Namakkal,Mohanur(Uzhavar Sandhai ),Drumstick,Drumstick,Local,2026-07-21,6000,7000,6500.0
Tamil Nadu,Namakkal,Mohanur(Uzhavar Sandhai ),Tender Coconut,Tender Coconut,Local,2026-07-21,2500,3000,2750.0
Tamil Nadu,Namakkal,Namakkal(Uzhavar Sandhai ),Banana,Red Banana,Local,2026-07-21,6000,6500,6250.0
Tamil Nadu,Namakkal,Namakkal(Uzhavar Sandhai ),Brinjal,Other,Local,2026-07-21,7000,7600,7300.0
Tamil Nadu,Namakkal,Namakkal(Uzhavar Sandhai ),Bottle gourd,Bottle Gourd,Local,2026-07-21,1000,2000,1500.0
Tamil Nadu,Namakkal,Namakkal(Uzhavar Sandhai ),Coconut,Coconut,Local,2026-07-21,5000,5600,5300.0
Tamil Nadu,Namakkal,Namakkal(Uzhavar Sandhai ),Carrot,Pusakesar,Local,2026-07-21,8000,8800,8400.0
Tamil Nadu,Namakkal,Namakkal(Uzhavar Sandhai ),Jasmine,Jasmine,Local,2026-07-21,25000,28000,26500.0
Tamil Nadu,Namakkal,Namakkal(Uzhavar Sandhai ),Lemon,Lemon,Local,2026-07-21,4500,5000,4750.0
Tamil Nadu,Namakkal,Namakkal(Uzhavar Sandhai ),Mashrooms,Mashrooms,Local,2026-07-21,20000,25000,22500.0
Tamil Nadu,Namakkal,Namakkal(Uzhavar Sandhai ),Onion Green,Onion Green,Local,2026-07-21,3000,3500,3250.0
Tamil Nadu,Namakkal,Paramathivelur(Uzhavar Sandhai ),Tomato,Deshi,Local,2026-07-21,2200,2700,2450.0
Tamil Nadu,Namakkal,Paramathivelur(Uzhavar Sandhai ),Cluster beans,Cluster Beans,Local,2026-07-21,4000,4500,4250.0
Tamil Nadu,Namakkal,Paramathivelur(Uzhavar Sandhai ),Bitter gourd,Bitter Gourd,Local,2026-07-21,5000,7000,6000.0
Tamil Nadu,Namakkal,Paramathivelur(Uzhavar Sandhai ),Ashgourd,Gouard,Local,2026-07-21,2000,2500,2250.0
Tamil Nadu,Namakkal,Paramathivelur(Uzhavar Sandhai ),Pumpkin,Pumpkin,Local,2026-07-21,2000,2500,2250.0
Tamil Nadu,Namakkal,Paramathivelur(Uzhavar Sandhai ),Green Chilli,Green Chilly,Local,2026-07-21,5500,6500,6000.0
Tamil Nadu,Namakkal,Paramathivelur(Uzhavar Sandhai ),Coconut,Coconut,Local,2026-07-21,5000,5500,5250.0
Tamil Nadu,Namakkal,Rasipuram(Uzhavar Sandhai ),Mango,Other,Local,2026-07-21,3000,5000,4000.0
Tamil Nadu,Namakkal,Rasipuram(Uzhavar Sandhai ),Onion,Bellary,Local,2026-07-21,2800,3000,2900.0
Tamil Nadu,Namakkal,Rasipuram(Uzhavar Sandhai ),Brinjal,Other,Local,2026-07-21,7400,8000,7700.0
Tamil Nadu,Namakkal,Rasipuram(Uzhavar Sandhai ),Papaya,Papaya,Local,2026-07-21,3000,3500,3250.0
Tamil Nadu,Namakkal,Rasipuram(Uzhavar Sandhai ),Water Melon,Water Melon,Local,2026-07-21,1500,2000,1750.0
Tamil Nadu,Namakkal,Rasipuram(Uzhavar Sandhai ),Tomato,Other,Local,2026-07-21,1800,2200,2000.0
Tamil Nadu,Namakkal,Rasipuram(Uzhavar Sandhai ),Cluster beans,Cluster Beans,Local,2026-07-21,3800,4400,4100.0
Tamil Nadu,Namakkal,Rasipuram(Uzhavar Sandhai ),Green Avare(W),Other,Local,2026-07-21,7000,9000,8000.0
Tamil Nadu,Namakkal,Rasipuram(Uzhavar Sandhai ),Mango(Raw-Ripe),Mango - Raw-Ripe,Local,2026-07-21,2000,3000,2500.0
Tamil Nadu,Namakkal,Rasipuram(Uzhavar Sandhai ),Yam(Ratalu),Yam (Ratalu),Local,2026-07-21,6500,7000,6750.0
Tamil Nadu,Madurai,Palanganatham(Uzhavar Sandhai ),Banana,Besrai,Local,2026-07-21,3000,4000,3500.0
Tamil Nadu,Madurai,Palanganatham(Uzhavar Sandhai ),Coriander(Leaves),I Sort,Local,2026-07-21,8000,9000,8500.0
Tamil Nadu,Madurai,Palanganatham(Uzhavar Sandhai ),Papaya,Papaya,Local,2026-07-21,3600,4000,3800.0
Tamil Nadu,Madurai,Palanganatham(Uzhavar Sandhai ),Mousambi(Sweet Lime),Mousambi,Local,2026-07-21,9000,10000,9500.0
Tamil Nadu,Madurai,Palanganatham(Uzhavar Sandhai ),Green Chilli,Green Chilly,Local,2026-07-21,3000,4000,3500.0
Tamil Nadu,Madurai,Palanganatham(Uzhavar Sandhai ),Betal Leaves,Mysore,Local,2026-07-21,18000,24000,21000.0
Tamil Nadu,Madurai,Palanganatham(Uzhavar Sandhai ),Thondekai,Thondekai,Local,2026-07-21,5000,6000,5500.0
Tamil Nadu,Madurai,Palanganatham(Uzhavar Sandhai ),Drumstick,Drumstick,Local,2026-07-21,7000,8000,7500.0
Tamil Nadu,Madurai,Palanganatham(Uzhavar Sandhai ),Knool Khol,Knool Khol,Local,2026-07-21,5000,6000,5500.0
Tamil Nadu,Madurai,Palanganatham(Uzhavar Sandhai ),Lemon,Lemon,Local,2026-07-21,7000,8000,7500.0
Tamil Nadu,Madurai,Palanganatham(Uzhavar Sandhai ),Mashrooms,Mashrooms,Local,2026-07-21,20000,25000,22500.0
Tamil Nadu,Madurai,Palanganatham(Uzhavar Sandhai ),Amla(Nelli Kai),Amla,Local,2026-07-21,5000,6500,5750.0
Tamil Nadu,Madurai,Palanganatham(Uzhavar Sandhai ),Onion Green,Onion Green,Local,2026-07-21,6000,6500,6250.0
Tamil Nadu,Madurai,Anna nagar(Uzhavar Sandhai ),Groundnut,Big (With Shell),Local,2026-07-21,6000,7000,6500.0
Tamil Nadu,Madurai,Anna nagar(Uzhavar Sandhai ),Green Peas,Green Peas,Local,2026-07-21,18000,18000,18000.0
Tamil Nadu,Madurai,Anna nagar(Uzhavar Sandhai ),Chikoos(Sapota),Sapota,Local,2026-07-21,5000,6000,5500.0
Tamil Nadu,Madurai,Anna nagar(Uzhavar Sandhai ),Bitter gourd,Other,Local,2026-07-21,6600,6600,6600.0
Tamil Nadu,Madurai,Anna nagar(Uzhavar Sandhai ),Coconut,Coconut,Local,2026-07-21,6200,6200,6200.0
Tamil Nadu,Madurai,Anna nagar(Uzhavar Sandhai ),Sweet Potato,Hosur Red,Local,2026-07-21,4000,4600,4300.0
Tamil Nadu,Madurai,Anna nagar(Uzhavar Sandhai ),Beetroot,Beetroot,Local,2026-07-21,5200,5200,5200.0
Tamil Nadu,Madurai,Anna nagar(Uzhavar Sandhai ),Drumstick,Drumstick,Local,2026-07-21,6600,7000,6800.0
Tamil Nadu,Madurai,Anna nagar(Uzhavar Sandhai ),Guava,Guava Allahabad,Local,2026-07-21,8000,8000,8000.0
Tamil Nadu,Madurai,Anna nagar(Uzhavar Sandhai ),Jasmine,Jasmine,Local,2026-07-21,35000,40000,37500.0
Tamil Nadu,Madurai,Anna nagar(Uzhavar Sandhai ),Lemon,Lemon,Local,2026-07-21,6000,7000,6500.0
Tamil Nadu,Madurai,Anna nagar(Uzhavar Sandhai ),Custard Apple(Sharifa),Custard Apple(Sharifa),Local,2026-07-21,4000,5000,4500.0
Tamil Nadu,Perambalur,Perambalur(Uzhavar Sandhai ),Grapes,Annabesahai,Local,2026-07-21,9000,11000,10000.0
Tamil Nadu,Perambalur,Perambalur(Uzhavar Sandhai ),Banana,Red Banana,Local,2026-07-21,7000,8000,7500.0
Tamil Nadu,Perambalur,Perambalur(Uzhavar Sandhai ),Onion,Bellary,Local,2026-07-21,4000,4200,4100.0
Tamil Nadu,Perambalur,Perambalur(Uzhavar Sandhai ),Cauliflower,Ranchi,Local,2026-07-21,4000,5000,4500.0
Tamil Nadu,Perambalur,Perambalur(Uzhavar Sandhai ),Papaya,Papaya,Local,2026-07-21,4000,4500,4250.0
Tamil Nadu,Perambalur,Perambalur(Uzhavar Sandhai ),Amaranthus,Amaranthus,Local,2026-07-21,2000,3000,2500.0
Tamil Nadu,Perambalur,Perambalur(Uzhavar Sandhai ),Coconut,Coconut,Local,2026-07-21,5000,6000,5500.0
Tamil Nadu,Perambalur,Perambalur(Uzhavar Sandhai ),Cucumbar(Kheera),Cucumbar,Local,2026-07-21,6800,7600,7200.0
Tamil Nadu,Perambalur,Perambalur(Uzhavar Sandhai ),Raddish,Raddish,Local,2026-07-21,3600,4000,3800.0
Tamil Nadu,Perambalur,Perambalur(Uzhavar Sandhai ),Capsicum,Capsicum,Local,2026-07-21,9000,9600,9300.0
Tamil Nadu,Perambalur,Perambalur(Uzhavar Sandhai ),Drumstick,Drumstick,Local,2026-07-21,5600,6000,5800.0
Tamil Nadu,Perambalur,Perambalur(Uzhavar Sandhai ),Mango(Raw-Ripe),Mango - Raw-Ripe,Local,2026-07-21,3600,4000,3800.0
Tamil Nadu,Perambalur,Perambalur(Uzhavar Sandhai ),Tender Coconut,Tender Coconut,Local,2026-07-21,3000,4000,3500.0
Tamil Nadu,Perambalur,Perambalur(Uzhavar Sandhai ),Sweet Corn ,Sweet Corn ,Local,2026-07-21,4000,5000,4500.0
Tamil Nadu,Ranipet,Arcot(Uzhavar Sandhai ),Garlic,Garlic,Local,2026-07-21,16000,20000,18000.0
Tamil Nadu,Ranipet,Arcot(Uzhavar Sandhai ),Ashgourd,Gouard,Local,2026-07-21,3000,3000,3000.0
Tamil Nadu,Ranipet,Arcot(Uzhavar Sandhai ),Coconut,Coconut,Local,2026-07-21,4000,5000,4500.0
Tamil Nadu,Ranipet,Arcot(Uzhavar Sandhai ),Capsicum,Capsicum,Local,2026-07-21,8000,8000,8000.0
Tamil Nadu,Ranipet,Arcot(Uzhavar Sandhai ),Drumstick,Drumstick,Local,2026-07-21,6000,8000,7000.0
Tamil Nadu,Ranipet,Arcot(Uzhavar Sandhai ),Mint(Pudina),Mint(Pudina),Local,2026-07-21,5000,5000,5000.0
Tamil Nadu,Ranipet,Ranipettai(Uzhavar Sandhai ),Groundnut,Big (With Shell),Local,2026-07-21,7000,7000,7000.0
Tamil Nadu,Ranipet,Ranipettai(Uzhavar Sandhai ),Chikoos(Sapota),Sapota,Local,2026-07-21,6000,6000,6000.0
Tamil Nadu,Ranipet,Ranipettai(Uzhavar Sandhai ),Tomato,Other,Local,2026-07-21,1800,1800,1800.0
Tamil Nadu,Ranipet,Ranipettai(Uzhavar Sandhai ),Bitter gourd,Other,Local,2026-07-21,5000,5000,5000.0
Tamil Nadu,Ranipet,Ranipettai(Uzhavar Sandhai ),Pumpkin,Pumpkin,Local,2026-07-21,3000,3000,3000.0
Tamil Nadu,Ranipet,Ranipettai(Uzhavar Sandhai ),Capsicum,Capsicum,Local,2026-07-21,8000,8000,8000.0
Tamil Nadu,Ranipet,Ranipettai(Uzhavar Sandhai ),Drumstick,Drumstick,Local,2026-07-21,6000,7000,6500.0
Tamil Nadu,Ranipet,Ranipettai(Uzhavar Sandhai ),Tender Coconut,Tender Coconut,Local,2026-07-21,2500,2500,2500.0
Tamil Nadu,Ranipet,Ranipettai(Uzhavar Sandhai ),Lemon,Lemon,Local,2026-07-21,5000,6000,5500.0
Tamil Nadu,Ranipet,Ranipettai(Uzhavar Sandhai ),Colacasia,Colacasia,Local,2026-07-21,4000,4000,4000.0
Tamil Nadu,Ranipet,Ranipettai(Uzhavar Sandhai ),Mint(Pudina),Mint(Pudina),Local,2026-07-21,5000,5000,5000.0
Tamil Nadu,Ranipet,Ranipettai(Uzhavar Sandhai ),Tube Rose(Loose),Tube Rose (Loose),Local,2026-07-21,14000,14000,14000.0
Tamil Nadu,Salem,Ammapet(Uzhavar Sandhai ),Mousambi(Sweet Lime),Mousambi,Local,2026-07-21,3500,4000,3750.0
Tamil Nadu,Salem,Ammapet(Uzhavar Sandhai ),Cowpea(Veg),Cowpea (Veg),Local,2026-07-21,3500,4000,3750.0
Tamil Nadu,Salem,Ammapet(Uzhavar Sandhai ),Snakeguard,Snakeguard,Local,2026-07-21,3800,4000,3900.0
Tamil Nadu,Salem,Ammapet(Uzhavar Sandhai ),Capsicum,Capsicum,Local,2026-07-21,8500,9000,8750.0
Tamil Nadu,Salem,Ammapet(Uzhavar Sandhai ),Drumstick,Drumstick,Local,2026-07-21,6500,7000,6750.0
Tamil Nadu,Salem,Ammapet(Uzhavar Sandhai ),Knool Khol,Knool Khol,Local,2026-07-21,5500,6000,5750.0
Tamil Nadu,Salem,Ammapet(Uzhavar Sandhai ),Pomegranate,Pomogranate,Local,2026-07-21,18000,20000,19000.0
Tamil Nadu,Salem,Ammapet(Uzhavar Sandhai ),Tender Coconut,Tender Coconut,Local,2026-07-21,3500,4000,3750.0
Tamil Nadu,Salem,Ammapet(Uzhavar Sandhai ),Marigold(Calcutta),Marigold(Calcutta),Local,2026-07-21,33000,35000,34000.0
Tamil Nadu,Salem,Ammapet(Uzhavar Sandhai ),Amla(Nelli Kai),Amla,Local,2026-07-21,7500,8000,7750.0
Tamil Nadu,Salem,Mecheri(Uzhavar Sandhai),Banana,Karpura,Local,2026-07-21,4000,4500,4250.0
Tamil Nadu,Salem,Mecheri(Uzhavar Sandhai),Brinjal,Other,Local,2026-07-21,4500,5000,4750.0
Tamil Nadu,Salem,Mecheri(Uzhavar Sandhai),Coriander(Leaves),I Sort,Local,2026-07-21,2500,3000,2750.0
Tamil Nadu,Salem,Mecheri(Uzhavar Sandhai),Bottle gourd,Bottle Gourd,Local,2026-07-21,2000,2500,2250.0
Tamil Nadu,Salem,Mecheri(Uzhavar Sandhai),Ridgeguard(Tori),Ridgeguard(Tori),Local,2026-07-21,4500,5000,4750.0
Tamil Nadu,Salem,Mecheri(Uzhavar Sandhai),Green Avare(W),Other,Local,2026-07-21,7500,8000,7750.0
Tamil Nadu,Salem,Mecheri(Uzhavar Sandhai),Lemon,Lemon,Local,2026-07-21,5000,6000,5500.0
Tamil Nadu,Salem,Mecheri(Uzhavar Sandhai),Onion Green,Onion Green,Local,2026-07-21,4500,5000,4750.0
Tamil Nadu,Salem,Mettur(Uzhavar Sandhai ),Cauliflower,Ranchi,Local,2026-07-21,2000,3000,2500.0
Tamil Nadu,Salem,Mettur(Uzhavar Sandhai ),Coriander(Leaves),I Sort,Local,2026-07-21,3000,4000,3500.0
Tamil Nadu,Salem,Mettur(Uzhavar Sandhai ),Papaya,Papaya,Local,2026-07-21,2500,3000,2750.0
Tamil Nadu,Salem,Mettur(Uzhavar Sandhai ),Amaranthus,Amaranthus,Local,2026-07-21,2000,2500,2250.0
Tamil Nadu,Salem,Mettur(Uzhavar Sandhai ),Tapioca,Tapioca,Local,2026-07-21,2500,3000,2750.0
Tamil Nadu,Salem,Mettur(Uzhavar Sandhai ),Cabbage,Cabbage,Local,2026-07-21,3500,4000,3750.0
Tamil Nadu,Salem,Mettur(Uzhavar Sandhai ),Ridgeguard(Tori),Ridgeguard(Tori),Local,2026-07-21,4000,5000,4500.0
Tamil Nadu,Salem,Mettur(Uzhavar Sandhai ),Capsicum,Capsicum,Local,2026-07-21,8000,9000,8500.0
Tamil Nadu,Salem,Mettur(Uzhavar Sandhai ),Knool Khol,Knool Khol,Local,2026-07-21,5000,6000,5500.0
Tamil Nadu,Salem,Mettur(Uzhavar Sandhai ),Guava,Guava Allahabad,Local,2026-07-21,5000,6000,5500.0
Tamil Nadu,Salem,Mettur(Uzhavar Sandhai ),Tender Coconut,Tender Coconut,Local,2026-07-21,3000,4000,3500.0
Tamil Nadu,Salem,Sooramangalam(Uzhavar Sandhai ),Mango,Neelam,Local,2026-07-21,4000,5000,4500.0
Tamil Nadu,Salem,Sooramangalam(Uzhavar Sandhai ),Groundnut,Big (With Shell),Local,2026-07-21,6000,7000,6500.0
Tamil Nadu,Salem,Sooramangalam(Uzhavar Sandhai ),Potato,Other,Local,2026-07-21,6000,6400,6200.0
Tamil Nadu,Salem,Sooramangalam(Uzhavar Sandhai ),Banana - Green,Banana - Green,Local,2026-07-21,2000,2400,2200.0
Tamil Nadu,Salem,Sooramangalam(Uzhavar Sandhai ),Ridgeguard(Tori),Ridgeguard(Tori),Local,2026-07-21,4500,5000,4750.0
Tamil Nadu,Salem,Sooramangalam(Uzhavar Sandhai ),Indian Beans(Seam),Indian Beans (Seam),Local,2026-07-21,5500,6000,5750.0
Tamil Nadu,Salem,Sooramangalam(Uzhavar Sandhai ),Sweet Corn ,Sweet Corn ,Local,2026-07-21,3000,3500,3250.0
Tamil Nadu,Salem,Thammampatti (Uzhavar Sandhai ),Banana,Red Banana,Local,2026-07-21,6000,6500,6250.0
Tamil Nadu,Salem,Thammampatti (Uzhavar Sandhai ),Garlic,Garlic,Local,2026-07-21,20000,24000,22000.0
Tamil Nadu,Salem,Thammampatti (Uzhavar Sandhai ),Chikoos(Sapota),Sapota,Local,2026-07-21,4000,4000,4000.0
Tamil Nadu,Salem,Thammampatti (Uzhavar Sandhai ),Papaya,Papaya,Local,2026-07-21,2500,3000,2750.0
Tamil Nadu,Salem,Thammampatti (Uzhavar Sandhai ),Cluster beans,Cluster Beans,Local,2026-07-21,4500,5000,4750.0
Tamil Nadu,Salem,Thammampatti (Uzhavar Sandhai ),Pumpkin,Pumpkin,Local,2026-07-21,2000,2000,2000.0
Tamil Nadu,Salem,Thammampatti (Uzhavar Sandhai ),Bhindi(Ladies Finger),Bhindi,Local,2026-07-21,2500,3000,2750.0
Tamil Nadu,Salem,Thammampatti (Uzhavar Sandhai ),Amaranthus,Amaranthus,Local,2026-07-21,2000,2500,2250.0
Tamil Nadu,Salem,Thammampatti (Uzhavar Sandhai ),Coconut,Coconut,Local,2026-07-21,5000,5500,5250.0
Tamil Nadu,Salem,Thammampatti (Uzhavar Sandhai ),Carrot,Pusakesar,Local,2026-07-21,8000,8400,8200.0
Tamil Nadu,Salem,Thammampatti (Uzhavar Sandhai ),Cabbage,Cabbage,Local,2026-07-21,3500,4000,3750.0
Tamil Nadu,Salem,Thammampatti (Uzhavar Sandhai ),Capsicum,Capsicum,Local,2026-07-21,9500,10000,9750.0
Tamil Nadu,Salem,Thammampatti (Uzhavar Sandhai ),Drumstick,Drumstick,Local,2026-07-21,6000,7000,6500.0
Tamil Nadu,Salem,Thammampatti (Uzhavar Sandhai ),Mango(Raw-Ripe),Mango - Raw-Ripe,Local,2026-07-21,1500,2000,1750.0
Tamil Nadu,Salem,Thammampatti (Uzhavar Sandhai ),Knool Khol,Knool Khol,Local,2026-07-21,5500,6000,5750.0
Tamil Nadu,Salem,Thammampatti (Uzhavar Sandhai ),Mint(Pudina),Mint(Pudina),Local,2026-07-21,3000,3500,3250.0
Tamil Nadu,Salem,Thathakapatti(Uzhavar Sandhai ),Coriander(Leaves),I Sort,Local,2026-07-21,5000,6000,5500.0
Tamil Nadu,Salem,Thathakapatti(Uzhavar Sandhai ),Green Peas,Green Peas,Local,2026-07-21,13000,13800,13400.0
Tamil Nadu,Salem,Thathakapatti(Uzhavar Sandhai ),Chikoos(Sapota),Sapota,Local,2026-07-21,3500,4000,3750.0
Tamil Nadu,Salem,Thathakapatti(Uzhavar Sandhai ),Bitter gourd,Bitter Gourd,Local,2026-07-21,5500,6000,5750.0
Tamil Nadu,Salem,Thathakapatti(Uzhavar Sandhai ),Bhindi(Ladies Finger),Bhindi,Local,2026-07-21,2800,3000,2900.0
Tamil Nadu,Salem,Thathakapatti(Uzhavar Sandhai ),Green Chilli,Green Chilly,Local,2026-07-21,3800,4000,3900.0
Tamil Nadu,Salem,Thathakapatti(Uzhavar Sandhai ),Coconut,Coconut,Local,2026-07-21,5500,5800,5650.0
Tamil Nadu,Salem,Thathakapatti(Uzhavar Sandhai ),Beetroot,Beetroot,Local,2026-07-21,6000,7000,6500.0
Tamil Nadu,Salem,Thathakapatti(Uzhavar Sandhai ),Thondekai,Thondekai,Local,2026-07-21,4000,5000,4500.0
Tamil Nadu,Salem,Thathakapatti(Uzhavar Sandhai ),Knool Khol,Knool Khol,Local,2026-07-21,5000,6000,5500.0
Tamil Nadu,Salem,Thathakapatti(Uzhavar Sandhai ),Tender Coconut,Tender Coconut,Local,2026-07-21,3000,5000,4000.0
Tamil Nadu,Salem,Thathakapatti(Uzhavar Sandhai ),Yam(Ratalu),Yam (Ratalu),Local,2026-07-21,5000,6000,5500.0
Tamil Nadu,Salem,Thathakapatti(Uzhavar Sandhai ),Rose(Local),Rose (Local),Local,2026-07-21,14000,15000,14500.0
Tamil Nadu,Pudukkottai,Pudukottai(Uzhavar Sandhai ),Cauliflower,Ranchi,Local,2026-07-21,4000,5000,4500.0
Tamil Nadu,Pudukkottai,Pudukottai(Uzhavar Sandhai ),Cluster beans,Cluster Beans,Local,2026-07-21,5000,5500,5250.0
Tamil Nadu,Pudukkottai,Pudukottai(Uzhavar Sandhai ),Bhindi(Ladies Finger),Bhindi,Local,2026-07-21,3600,4000,3800.0
Tamil Nadu,Pudukkottai,Pudukottai(Uzhavar Sandhai ),Beetroot,Beetroot,Local,2026-07-21,5000,5500,5250.0
Tamil Nadu,Pudukkottai,Pudukottai(Uzhavar Sandhai ),Ridgeguard(Tori),Ridgeguard(Tori),Local,2026-07-21,7000,8000,7500.0
Tamil Nadu,Pudukkottai,Pudukottai(Uzhavar Sandhai ),Yam(Ratalu),Yam (Ratalu),Local,2026-07-21,8000,9000,8500.0
Tamil Nadu,Thanjavur,Tirukattupalli(Uzhavar Sandhai ),Banana,Besrai,Local,2026-07-21,6500,6500,6500.0
Tamil Nadu,Thanjavur,Tirukattupalli(Uzhavar Sandhai ),Bitter gourd,Bitter Gourd,Local,2026-07-21,3200,3200,3200.0
Tamil Nadu,Thanjavur,Tirukattupalli(Uzhavar Sandhai ),Bhindi(Ladies Finger),Bhindi,Local,2026-07-21,3600,3600,3600.0
Tamil Nadu,Thanjavur,Tirukattupalli(Uzhavar Sandhai ),Banana - Green,Banana - Green,Local,2026-07-21,4000,4000,4000.0
Tamil Nadu,Thanjavur,Tirukattupalli(Uzhavar Sandhai ),Snakeguard,Snakeguard,Local,2026-07-21,4400,5400,4900.0
Tamil Nadu,Thanjavur,Tirukattupalli(Uzhavar Sandhai ),Raddish,Raddish,Local,2026-07-21,4600,4600,4600.0
Tamil Nadu,The Nilgiris,Udhagamandalam(Uzhavar Sandhai ),Grapes,Annabesahai,Local,2026-07-21,8000,10000,9000.0
Tamil Nadu,The Nilgiris,Udhagamandalam(Uzhavar Sandhai ),Amaranthus,Amaranthus,Local,2026-07-21,5500,6000,5750.0
Tamil Nadu,The Nilgiris,Udhagamandalam(Uzhavar Sandhai ),Cowpea(Veg),Cowpea (Veg),Local,2026-07-21,3000,3500,3250.0
Tamil Nadu,The Nilgiris,Udhagamandalam(Uzhavar Sandhai ),Ridgeguard(Tori),Ridgeguard(Tori),Local,2026-07-21,5000,5500,5250.0
Tamil Nadu,The Nilgiris,Udhagamandalam(Uzhavar Sandhai ),Lime,Lime,Local,2026-07-21,10000,13000,11500.0
Tamil Nadu,The Nilgiris,Udhagamandalam(Uzhavar Sandhai ),Elephant Yam(Suran)/Amorphophallus,Elephant Yam (Suran),Local,2026-07-21,3500,4000,3750.0
Tamil Nadu,The Nilgiris,Udhagamandalam(Uzhavar Sandhai ),Onion Green,Onion Green,Local,2026-07-21,5800,6200,6000.0
Tamil Nadu,Theni,Andipatti(Uzhavar Sandhai ),Onion,Bellary,Local,2026-07-21,3400,3800,3600.0
Tamil Nadu,Theni,Andipatti(Uzhavar Sandhai ),Garlic,Garlic,Local,2026-07-21,22000,24000,23000.0
Tamil Nadu,Theni,Andipatti(Uzhavar Sandhai ),Cauliflower,Ranchi,Local,2026-07-21,2500,3000,2750.0
Tamil Nadu,Theni,Andipatti(Uzhavar Sandhai ),Ginger(Green),Green Ginger,Local,2026-07-21,14500,15000,14750.0
Tamil Nadu,Theni,Andipatti(Uzhavar Sandhai ),Ridgeguard(Tori),Ridgeguard(Tori),Local,2026-07-21,5400,5800,5600.0
Tamil Nadu,Theni,Andipatti(Uzhavar Sandhai ),Raddish,Raddish,Local,2026-07-21,3000,3400,3200.0
Tamil Nadu,Theni,Andipatti(Uzhavar Sandhai ),Lime,Lime,Local,2026-07-21,14500,15500,15000.0
Tamil Nadu,Theni,Andipatti(Uzhavar Sandhai ),Yam(Ratalu),Yam (Ratalu),Local,2026-07-21,7000,7500,7250.0
Tamil Nadu,Theni,Andipatti(Uzhavar Sandhai ),Colacasia,Colacasia,Local,2026-07-21,3200,3600,3400.0
Tamil Nadu,Theni,Bodinayakanur(Uzhavar Sandhai ),Banana,Besrai,Local,2026-07-21,6000,6000,6000.0
Tamil Nadu,Theni,Bodinayakanur(Uzhavar Sandhai ),Potato,Red Nanital,Local,2026-07-21,2600,2600,2600.0
Tamil Nadu,Theni,Bodinayakanur(Uzhavar Sandhai ),Pumpkin,Pumpkin,Local,2026-07-21,1600,1600,1600.0
Tamil Nadu,Theni,Bodinayakanur(Uzhavar Sandhai ),Coconut,Coconut,Local,2026-07-21,5000,5000,5000.0
Tamil Nadu,Theni,Bodinayakanur(Uzhavar Sandhai ),Cabbage,Cabbage,Local,2026-07-21,4000,4000,4000.0
Tamil Nadu,Theni,Bodinayakanur(Uzhavar Sandhai ),Drumstick,Drumstick,Local,2026-07-21,5000,5000,5000.0
Tamil Nadu,Theni,Chinnamanur(Uzhavar Sandhai ),Onion,Bellary,Local,2026-07-21,4000,4000,4000.0
Tamil Nadu,Theni,Chinnamanur(Uzhavar Sandhai ),Coriander(Leaves),I Sort,Local,2026-07-21,7500,7500,7500.0
Tamil Nadu,Theni,Chinnamanur(Uzhavar Sandhai ),Tomato,Local,Local,2026-07-21,2000,2200,2100.0
Tamil Nadu,Theni,Chinnamanur(Uzhavar Sandhai ),Bhindi(Ladies Finger),Bhindi,Local,2026-07-21,3200,3200,3200.0
Tamil Nadu,Theni,Chinnamanur(Uzhavar Sandhai ),Elephant Yam(Suran)/Amorphophallus,Elephant Yam (Suran),Local,2026-07-21,4400,4400,4400.0
Tamil Nadu,Theni,Chinnamanur(Uzhavar Sandhai ),Yam(Ratalu),Yam (Ratalu),Local,2026-07-21,7400,7400,7400.0
Tamil Nadu,Theni,Chinnamanur(Uzhavar Sandhai ),Lemon,Lemon,Local,2026-07-21,5000,5000,5000.0
Tamil Nadu,Theni,Kambam(Uzhavar Sandhai ),Mango,Other,Local,2026-07-21,5000,5000,5000.0
Tamil Nadu,Theni,Kambam(Uzhavar Sandhai ),Brinjal,Other,Local,2026-07-21,5000,5200,5100.0
Tamil Nadu,Theni,Kambam(Uzhavar Sandhai ),Papaya,Papaya,Local,2026-07-21,2500,3000,2750.0
Tamil Nadu,Theni,Kambam(Uzhavar Sandhai ),Cowpea(Veg),Cowpea (Veg),Local,2026-07-21,3500,4000,3750.0
Tamil Nadu,Theni,Kambam(Uzhavar Sandhai ),Coconut,Coconut,Local,2026-07-21,4600,4600,4600.0
Tamil Nadu,Theni,Kambam(Uzhavar Sandhai ),Betal Leaves,Mysore,Local,2026-07-21,20000,20000,20000.0
Tamil Nadu,Theni,Kambam(Uzhavar Sandhai ),Green Avare(W),Other,Local,2026-07-21,5800,7600,6700.0
Tamil Nadu,Theni,Kambam(Uzhavar Sandhai ),Lime,Lime,Local,2026-07-21,14000,14000,14000.0
Tamil Nadu,Theni,Theni(Uzhavar Sandhai ),Apple,American,Local,2026-07-21,14000,26000,20000.0
Tamil Nadu,Theni,Theni(Uzhavar Sandhai ),Brinjal,Other,Local,2026-07-21,4500,4800,4650.0
Tamil Nadu,Theni,Theni(Uzhavar Sandhai ),Cluster beans,Cluster Beans,Local,2026-07-21,3400,3400,3400.0
Tamil Nadu,Theni,Theni(Uzhavar Sandhai ),Beetroot,Beetroot,Local,2026-07-21,4400,4400,4400.0
Tamil Nadu,Theni,Theni(Uzhavar Sandhai ),Chow Chow,Chow Chow,Local,2026-07-21,2700,2700,2700.0
Tamil Nadu,Theni,Theni(Uzhavar Sandhai ),Onion Green,Onion Green,Local,2026-07-21,3000,6500,4750.0
Tamil Nadu,Thiruchirappalli,Thuraiyur APMC,Bitter gourd,Other,Local,2026-07-21,5500,6500,6000.0
Tamil Nadu,Thiruchirappalli,Thuraiyur APMC,Bottle gourd,Bottle Gourd,Local,2026-07-21,2500,3000,2750.0
Tamil Nadu,Thiruchirappalli,Thuraiyur APMC,Carrot,Pusakesar,Local,2026-07-21,8000,9000,8500.0
Tamil Nadu,Thiruchirappalli,Thuraiyur APMC,Guava,Guava Allahabad,Local,2026-07-21,7000,8000,7500.0
Tamil Nadu,Thiruchirappalli,Thuraiyur APMC,Tender Coconut,Tender Coconut,Local,2026-07-21,4000,5000,4500.0
Tamil Nadu,Thirunelveli,Kandiyaperi(Uzhavar Sandhai ),Coconut,Coconut,Local,2026-07-21,5400,5700,5550.0
Tamil Nadu,Thirunelveli,Melapalayam(Uzhavar Sandhai ),Chikoos(Sapota),Sapota,Local,2026-07-21,4000,5000,4500.0
Tamil Nadu,Thirunelveli,Melapalayam(Uzhavar Sandhai ),Ashgourd,Gouard,Local,2026-07-21,1600,1800,1700.0
Tamil Nadu,Thirunelveli,Melapalayam(Uzhavar Sandhai ),Bhindi(Ladies Finger),Bhindi,Local,2026-07-21,2600,3000,2800.0
Tamil Nadu,Thirunelveli,Melapalayam(Uzhavar Sandhai ),Raddish,Raddish,Local,2026-07-21,3500,4000,3750.0
Tamil Nadu,Thirunelveli,Melapalayam(Uzhavar Sandhai ),Onion Green,Onion Green,Local,2026-07-21,4500,6500,5500.0
Tamil Nadu,Thirunelveli,NGO Colony(Uzhavar Sandhai ),Potato,Red Nanital,Local,2026-07-21,2200,2600,2400.0
Tamil Nadu,Thirunelveli,NGO Colony(Uzhavar Sandhai ),Tomato,Deshi,Local,2026-07-21,2200,3000,2600.0
Tamil Nadu,Thirunelveli,NGO Colony(Uzhavar Sandhai ),Bhindi(Ladies Finger),Bhindi,Local,2026-07-21,2200,3000,2600.0
Tamil Nadu,Thirunelveli,NGO Colony(Uzhavar Sandhai ),Green Chilli,Green Chilly,Local,2026-07-21,3000,3800,3400.0
Tamil Nadu,Thirunelveli,NGO Colony(Uzhavar Sandhai ),Chow Chow,Chow Chow,Local,2026-07-21,3000,3500,3250.0
Tamil Nadu,Thirunelveli,Palayamkottai(Uzhavar Sandhai ),Grapes,Annabesahai,Local,2026-07-21,11000,12000,11500.0
Tamil Nadu,Thirunelveli,Palayamkottai(Uzhavar Sandhai ),Cauliflower,Ranchi,Local,2026-07-21,4800,5000,4900.0
Tamil Nadu,Thirunelveli,Palayamkottai(Uzhavar Sandhai ),Ashgourd,Gouard,Local,2026-07-21,1600,1800,1700.0
Tamil Nadu,Thirunelveli,Palayamkottai(Uzhavar Sandhai ),Pumpkin,Pumpkin,Local,2026-07-21,1000,1200,1100.0
Tamil Nadu,Thirunelveli,Palayamkottai(Uzhavar Sandhai ),Green Chilli,Green Chilly,Local,2026-07-21,3800,4400,4100.0
Tamil Nadu,Thirunelveli,Palayamkottai(Uzhavar Sandhai ),Drumstick,Drumstick,Local,2026-07-21,3200,3600,3400.0
Tamil Nadu,Thirunelveli,Palayamkottai(Uzhavar Sandhai ),Elephant Yam(Suran)/Amorphophallus,Elephant Yam (Suran),Local,2026-07-21,3000,3200,3100.0
Tamil Nadu,Thirupur,Kangayam(Uzhavar Sandhai ),Banana,Besrai,Local,2026-07-21,3500,4000,3750.0
Tamil Nadu,Thirupur,Kangayam(Uzhavar Sandhai ),Tomato,Other,Local,2026-07-21,1500,1800,1650.0
Tamil Nadu,Thirupur,Kangayam(Uzhavar Sandhai ),Ashgourd,Gouard,Local,2026-07-21,2800,3200,3000.0
Tamil Nadu,Thirupur,Kangayam(Uzhavar Sandhai ),Green Chilli,Green Chilly,Local,2026-07-21,4500,5200,4850.0
Tamil Nadu,Thirupur,Tiruppur (South) (Uzhavar Sandhai ),Potato,Other,Local,2026-07-21,3000,6000,4500.0
Tamil Nadu,Thirupur,Tiruppur (South) (Uzhavar Sandhai ),Papaya,Papaya,Local,2026-07-21,2000,2500,2250.0
Tamil Nadu,Thirupur,Tiruppur (South) (Uzhavar Sandhai ),Cluster beans,Cluster Beans,Local,2026-07-21,3000,4000,3500.0
Tamil Nadu,Thirupur,Tiruppur (South) (Uzhavar Sandhai ),Cucumbar(Kheera),Cucumbar,Local,2026-07-21,4000,5000,4500.0
Tamil Nadu,Thirupur,Tiruppur (South) (Uzhavar Sandhai ),Ridgeguard(Tori),Ridgeguard(Tori),Local,2026-07-21,4000,5000,4500.0
Tamil Nadu,Thirupur,Tiruppur (South) (Uzhavar Sandhai ),Chow Chow,Chow Chow,Local,2026-07-21,2500,3000,2750.0
Tamil Nadu,Thirupur,Tiruppur (South) (Uzhavar Sandhai ),Custard Apple(Sharifa),Custard Apple(Sharifa),Local,2026-07-21,3000,4000,3500.0
Tamil Nadu,Thirupur,Tiruppur (South) (Uzhavar Sandhai ),Onion Green,Onion Green,Local,2026-07-21,5000,6000,5500.0
Tamil Nadu,Thiruvannamalai,Keelpennathur(Uzhavar Sandhai ),Marigold(Calcutta),Marigold(Calcutta),Local,2026-07-21,35000,36000,35500.0
Tamil Nadu,Thiruvannamalai,Tamarainagar(Uzhavar Sandhai ),Banana,Besrai,Local,2026-07-21,6000,7000,6500.0
Tamil Nadu,Thiruvannamalai,Tamarainagar(Uzhavar Sandhai ),Mango,Safeda,Local,2026-07-21,6000,7000,6500.0
Tamil Nadu,Thiruvannamalai,Tamarainagar(Uzhavar Sandhai ),Papaya,Papaya,Local,2026-07-21,3000,3600,3300.0
Tamil Nadu,Thiruvannamalai,Tamarainagar(Uzhavar Sandhai ),Tomato,Deshi,Local,2026-07-21,1400,1600,1500.0
Tamil Nadu,Thiruvannamalai,Tamarainagar(Uzhavar Sandhai ),Ashgourd,Gouard,Local,2026-07-21,2500,3000,2750.0
Tamil Nadu,Thiruvannamalai,Tamarainagar(Uzhavar Sandhai ),Snakeguard,Snakeguard,Local,2026-07-21,3000,3500,3250.0
Tamil Nadu,Thiruvannamalai,Tamarainagar(Uzhavar Sandhai ),Ridgeguard(Tori),Ridgeguard(Tori),Local,2026-07-21,5000,6000,5500.0
Tamil Nadu,Thiruvannamalai,Tamarainagar(Uzhavar Sandhai ),Thondekai,Thondekai,Local,2026-07-21,4000,4800,4400.0
Tamil Nadu,Thiruvannamalai,Vandavasi(Uzhavar Sandhai ),Coriander(Leaves),I Sort,Local,2026-07-21,4000,5000,4500.0
Tamil Nadu,Thiruvannamalai,Vandavasi(Uzhavar Sandhai ),Ashgourd,Gouard,Local,2026-07-21,2000,2500,2250.0
Tamil Nadu,Thiruvannamalai,Vandavasi(Uzhavar Sandhai ),Beans,Beans (Whole),Local,2026-07-21,4500,5400,4950.0
Tamil Nadu,Thiruvannamalai,Vandavasi(Uzhavar Sandhai ),Carrot,Pusakesar,Local,2026-07-21,7000,8000,7500.0
Tamil Nadu,Thiruvannamalai,Vandavasi(Uzhavar Sandhai ),Raddish,Raddish,Local,2026-07-21,2500,3000,2750.0
Tamil Nadu,Thiruvannamalai,Vandavasi(Uzhavar Sandhai ),Green Avare(W),Other,Local,2026-07-21,4000,5000,4500.0
Tamil Nadu,Thiruvannamalai,Vandavasi(Uzhavar Sandhai ),Drumstick,Drumstick,Local,2026-07-21,5000,6000,5500.0
Tamil Nadu,Thiruvannamalai,Vandavasi(Uzhavar Sandhai ),Lemon,Lemon,Local,2026-07-21,10000,12000,11000.0
Tamil Nadu,Thiruvarur,Muthupettai(Uzhavar Sandhai ),Potato,Red Nanital,Local,2026-07-21,3500,3500,3500.0
Tamil Nadu,Thiruvarur,Muthupettai(Uzhavar Sandhai ),Tomato,Deshi,Local,2026-07-21,2000,2000,2000.0
Tamil Nadu,Thiruvarur,Muthupettai(Uzhavar Sandhai ),Cluster beans,Cluster Beans,Local,2026-07-21,4400,4400,4400.0
Tamil Nadu,Thiruvarur,Muthupettai(Uzhavar Sandhai ),Pumpkin,Pumpkin,Local,2026-07-21,2400,2400,2400.0
Tamil Nadu,Thiruvarur,Muthupettai(Uzhavar Sandhai ),Mango(Raw-Ripe),Mango - Raw-Ripe,Local,2026-07-21,1800,1800,1800.0
Tamil Nadu,Thiruvarur,Muthupettai(Uzhavar Sandhai ),Lemon,Lemon,Local,2026-07-21,5000,5000,5000.0
Tamil Nadu,Thiruvarur,Tiruvarur(Uzhavar Sandhai ),Tomato,Deshi,Local,2026-07-21,2000,2000,2000.0
Tamil Nadu,Thiruvarur,Tiruvarur(Uzhavar Sandhai ),Raddish,Raddish,Local,2026-07-21,4000,4000,4000.0
Tamil Nadu,Thiruvarur,Tiruvarur(Uzhavar Sandhai ),Lime,Lime,Local,2026-07-21,3000,3000,3000.0
Tamil Nadu,Thiruvarur,Valangaiman APMC,Tomato,Deshi,Local,2026-07-21,2200,2200,2200.0
Tamil Nadu,Thiruvarur,Valangaiman APMC,Bottle gourd,Bottle Gourd,Local,2026-07-21,3000,3000,3000.0
Tamil Nadu,Thiruvarur,Valangaiman APMC,Snakeguard,Snakeguard,Local,2026-07-21,4000,4000,4000.0
Tamil Nadu,Thiruvellore,Tiruthani(Uzhavar Sandhai ),Potato,Red Nanital,Local,2026-07-21,3000,3000,3000.0
Tamil Nadu,Thiruvellore,Tiruthani(Uzhavar Sandhai ),Coriander(Leaves),I Sort,Local,2026-07-21,5000,5000,5000.0
Tamil Nadu,Thiruvellore,Tiruthani(Uzhavar Sandhai ),Tomato,Deshi,Local,2026-07-21,2500,2500,2500.0
Tamil Nadu,Thiruvellore,Tiruthani(Uzhavar Sandhai ),Cluster beans,Cluster Beans,Local,2026-07-21,4000,4000,4000.0
Tamil Nadu,Thiruvellore,Tiruthani(Uzhavar Sandhai ),Bitter gourd,Bitter Gourd,Local,2026-07-21,6000,6000,6000.0
Tamil Nadu,Thiruvellore,Tiruthani(Uzhavar Sandhai ),Green Chilli,Green Chilly,Local,2026-07-21,5000,5000,5000.0
Tamil Nadu,Thiruvellore,Tiruthani(Uzhavar Sandhai ),Raddish,Raddish,Local,2026-07-21,4000,4000,4000.0
Tamil Nadu,Thiruvellore,Tiruthani(Uzhavar Sandhai ),Green Avare(W),Green Avare (W),Local,2026-07-21,8000,8000,8000.0
Tamil Nadu,Villupuram,Tindivanam APMC,Mango,Safeda,Local,2026-07-21,5000,5000,5000.0
Tamil Nadu,Villupuram,Tindivanam APMC,Brinjal,Round,Local,2026-07-21,5000,5000,5000.0
Tamil Nadu,Villupuram,Tindivanam APMC,Chikoos(Sapota),Sapota,Local,2026-07-21,6000,6000,6000.0
Tamil Nadu,Villupuram,Tindivanam APMC,Amaranthus,Amaranthus,Local,2026-07-21,4000,4000,4000.0
Tamil Nadu,Villupuram,Tindivanam APMC,Green Chilli,Green Chilly,Local,2026-07-21,5000,5000,5000.0
Tamil Nadu,Villupuram,Tindivanam APMC,Beans,Beans (Whole),Local,2026-07-21,7000,7000,7000.0
Tamil Nadu,Villupuram,Tindivanam APMC,Ginger(Green),Green Ginger,Local,2026-07-21,14500,14500,14500.0
Tamil Nadu,Villupuram,Tindivanam APMC,Cabbage,Cabbage,Local,2026-07-21,4500,4500,4500.0
Tamil Nadu,Villupuram,Tindivanam APMC,Snakeguard,Snakeguard,Local,2026-07-21,4000,4000,4000.0
Tamil Nadu,Villupuram,Tindivanam APMC,Thondekai,Thondekai,Local,2026-07-21,4000,4000,4000.0
Tamil Nadu,Villupuram,Tindivanam APMC,Capsicum,Capsicum,Local,2026-07-21,8500,8500,8500.0
Tamil Nadu,Villupuram,Tindivanam APMC,Colacasia,Colacasia,Local,2026-07-21,5000,5000,5000.0
Tamil Nadu,Villupuram,Tindivanam APMC,Mint(Pudina),Mint(Pudina),Local,2026-07-21,4000,4000,4000.0
Tamil Nadu,Villupuram,Ulundurpettai APMC,Onion,Bellary,Local,2026-07-21,4000,4000,4000.0
Tamil Nadu,Villupuram,Ulundurpettai APMC,Coriander(Leaves),I Sort,Local,2026-07-21,6000,6000,6000.0
Tamil Nadu,Villupuram,Ulundurpettai APMC,Ashgourd,Gouard,Local,2026-07-21,2000,2000,2000.0
Tamil Nadu,Villupuram,Ulundurpettai APMC,Green Chilli,Green Chilly,Local,2026-07-21,6000,6000,6000.0
Tamil Nadu,Villupuram,Ulundurpettai APMC,Banana - Green,Banana - Green,Local,2026-07-21,3000,3000,3000.0
Tamil Nadu,Villupuram,Ulundurpettai APMC,Thondekai,Thondekai,Local,2026-07-21,5000,5000,5000.0
Tamil Nadu,Villupuram,Ulundurpettai APMC,Elephant Yam(Suran)/Amorphophallus,Elephant Yam (Suran),Local,2026-07-21,6000,6000,6000.0
Tamil Nadu,Villupuram,Vikkiravandi APMC,Bajra(Pearl Millet/Cumbu),Other,Local,2026-07-21,2349,2739,2544.0
Tamil Nadu,Madurai,Thirumangalam(Uzhavar Sandhai ),Mango,Safeda,Local,2026-07-21,5000,6000,5500.0
Tamil Nadu,Madurai,Thirumangalam(Uzhavar Sandhai ),Brinjal,Round,Local,2026-07-21,4500,5000,4750.0
Tamil Nadu,Madurai,Thirumangalam(Uzhavar Sandhai ),Papaya,Papaya,Local,2026-07-21,3600,4000,3800.0
Tamil Nadu,Madurai,Thirumangalam(Uzhavar Sandhai ),Bitter gourd,Bitter Gourd,Local,2026-07-21,6000,6500,6250.0
Tamil Nadu,Madurai,Thirumangalam(Uzhavar Sandhai ),Coconut,Coconut,Local,2026-07-21,4800,5800,5300.0
Tamil Nadu,Madurai,Thirumangalam(Uzhavar Sandhai ),Ridgeguard(Tori),Ridgeguard(Tori),Local,2026-07-21,5000,6000,5500.0
Gujarat,Surat,Songadh APMC,Bhindi(Ladies Finger),Bhindi,FAQ,2026-07-21,1500,2500,2000.0
Tamil Nadu,Madurai,Melur(Uzhavar Sandhai ),Groundnut,Big (With Shell),Local,2026-07-21,6000,7000,6500.0
Tamil Nadu,Madurai,Melur(Uzhavar Sandhai ),Tomato,Deshi,Local,2026-07-21,1500,2100,1800.0
Tamil Nadu,Madurai,Melur(Uzhavar Sandhai ),Ashgourd,Gouard,Local,2026-07-21,2400,2600,2500.0
Tamil Nadu,Madurai,Melur(Uzhavar Sandhai ),Pumpkin,Pumpkin,Local,2026-07-21,2000,2400,2200.0
Tamil Nadu,Madurai,Melur(Uzhavar Sandhai ),Amaranthus,Amaranthus,Local,2026-07-21,3000,3600,3300.0
Tamil Nadu,Madurai,Melur(Uzhavar Sandhai ),Mango(Raw-Ripe),Mango - Raw-Ripe,Local,2026-07-21,2500,3000,2750.0
Tamil Nadu,Madurai,Melur(Uzhavar Sandhai ),Guava,Guava Allahabad,Local,2026-07-21,7000,8000,7500.0
Tamil Nadu,Madurai,Melur(Uzhavar Sandhai ),Elephant Yam(Suran)/Amorphophallus,Elephant Yam (Suran),Local,2026-07-21,4000,4500,4250.0
Tamil Nadu,Vellore,Perampet(Uzhavar Sandhai),Groundnut,Big (With Shell),Local,2026-07-21,7500,8000,7750.0
Tamil Nadu,Vellore,Perampet(Uzhavar Sandhai),Banana,Other,Local,2026-07-21,5000,5000,5000.0
Tamil Nadu,Vellore,Perampet(Uzhavar Sandhai),Brinjal,Other,Local,2026-07-21,7000,8000,7500.0
Tamil Nadu,Vellore,Perampet(Uzhavar Sandhai),Bottle gourd,Bottle Gourd,Local,2026-07-21,2000,2400,2200.0
Tamil Nadu,Vellore,Perampet(Uzhavar Sandhai),Coconut,Coconut,Local,2026-07-21,2500,3000,2750.0
Tamil Nadu,Vellore,Perampet(Uzhavar Sandhai),Cucumbar(Kheera),Cucumbar,Local,2026-07-21,3000,3000,3000.0
Tamil Nadu,Vellore,Perampet(Uzhavar Sandhai),Raddish,Raddish,Local,2026-07-21,3000,3500,3250.0
Tamil Nadu,Vellore,Perampet(Uzhavar Sandhai),Guava,Guava Allahabad,Local,2026-07-21,4000,4500,4250.0
Gujarat,Amreli,Damnagar APMC,Coriander(Leaves),Coriander,Local,2026-07-21,8000,8000,8000.0
Gujarat,Amreli,Damnagar APMC,Lemon,Lemon,Local,2026-07-21,2000,2000,2000.0
Tamil Nadu,Karur,Gandhigramam(Uzhavar Sandhai),Mango,Neelam,Local,2026-07-21,5000,6000,5500.0
Tamil Nadu,Karur,Gandhigramam(Uzhavar Sandhai),Onion,Bellary,Local,2026-07-21,3000,4000,3500.0
Tamil Nadu,Karur,Gandhigramam(Uzhavar Sandhai),Cauliflower,Ranchi,Local,2026-07-21,3000,4000,3500.0
Tamil Nadu,Karur,Gandhigramam(Uzhavar Sandhai),Brinjal,Other,Local,2026-07-21,5500,6000,5750.0
Tamil Nadu,Karur,Gandhigramam(Uzhavar Sandhai),Coriander(Leaves),I Sort,Local,2026-07-21,6500,7000,6750.0
Tamil Nadu,Karur,Gandhigramam(Uzhavar Sandhai),Tomato,Other,Local,2026-07-21,2000,2400,2200.0
Tamil Nadu,Karur,Gandhigramam(Uzhavar Sandhai),Cluster beans,Cluster Beans,Local,2026-07-21,4000,4500,4250.0
Tamil Nadu,Karur,Gandhigramam(Uzhavar Sandhai),Bitter gourd,Other,Local,2026-07-21,6500,7000,6750.0
Tamil Nadu,Karur,Gandhigramam(Uzhavar Sandhai),Bottle gourd,Bottle Gourd,Local,2026-07-21,2000,2500,2250.0
Tamil Nadu,Karur,Gandhigramam(Uzhavar Sandhai),Ashgourd,Gouard,Local,2026-07-21,2500,3000,2750.0
Tamil Nadu,Karur,Gandhigramam(Uzhavar Sandhai),Coconut,Coconut,Local,2026-07-21,5000,5500,5250.0
Tamil Nadu,Karur,Gandhigramam(Uzhavar Sandhai),Cabbage,Cabbage,Local,2026-07-21,5500,6000,5750.0
Tamil Nadu,Karur,Gandhigramam(Uzhavar Sandhai),Raddish,Raddish,Local,2026-07-21,3500,4000,3750.0
Tamil Nadu,Karur,Gandhigramam(Uzhavar Sandhai),Lemon,Lemon,Local,2026-07-21,8000,10000,9000.0
Tamil Nadu,Karur,Gandhigramam(Uzhavar Sandhai),Baby Corn,Baby Corn,Grade A,2026-07-21,3500,4000,3750.0
Tamil Nadu,Salem,Vazhapadi(Uzhavar Sandhai),Pineapple,Pine Apple,Local,2026-07-21,5000,5000,5000.0
Tamil Nadu,Salem,Vazhapadi(Uzhavar Sandhai),Beans,Beans (Whole),Local,2026-07-21,6500,7000,6750.0
Tamil Nadu,Salem,Vazhapadi(Uzhavar Sandhai),Ginger(Green),Green Ginger,Local,2026-07-21,18000,18000,18000.0
Tamil Nadu,Salem,Vazhapadi(Uzhavar Sandhai),Cabbage,Cabbage,Local,2026-07-21,4400,4400,4400.0
Tamil Nadu,Salem,Vazhapadi(Uzhavar Sandhai),Snakeguard,Snakeguard,Local,2026-07-21,3400,3800,3600.0
Tamil Nadu,Salem,Vazhapadi(Uzhavar Sandhai),Raddish,Raddish,Local,2026-07-21,3000,3400,3200.0
Tamil Nadu,Salem,Vazhapadi(Uzhavar Sandhai),Mango(Raw-Ripe),Mango - Raw-Ripe,Local,2026-07-21,3000,3000,3000.0
Tamil Nadu,Salem,Vazhapadi(Uzhavar Sandhai),Jack Fruit(Ripe),Jack Fruit,Local,2026-07-21,2000,2500,2250.0
Tamil Nadu,Salem,Vazhapadi(Uzhavar Sandhai),Lemon,Lemon,Local,2026-07-21,4000,4000,4000.0
Tamil Nadu,Salem,Vazhapadi(Uzhavar Sandhai),Onion Green,Onion Green,Local,2026-07-21,5000,6000,5500.0
Tamil Nadu,Pudukkottai,Aranthangi(Uzhavar Sandhai ),Brinjal,Round,Local,2026-07-21,4500,5000,4750.0
Tamil Nadu,Pudukkottai,Aranthangi(Uzhavar Sandhai ),Coriander(Leaves),I Sort,Local,2026-07-21,4500,5000,4750.0
Tamil Nadu,Pudukkottai,Aranthangi(Uzhavar Sandhai ),Bhindi(Ladies Finger),Bhindi,Local,2026-07-21,3500,4000,3750.0
Tamil Nadu,Pudukkottai,Aranthangi(Uzhavar Sandhai ),Ridgeguard(Tori),Ridgeguard(Tori),Local,2026-07-21,6500,7000,6750.0
Tamil Nadu,Pudukkottai,Aranthangi(Uzhavar Sandhai ),Raddish,Raddish,Local,2026-07-21,3500,4000,3750.0
Tamil Nadu,Pudukkottai,Aranthangi(Uzhavar Sandhai ),Lemon,Lemon,Local,2026-07-21,3500,4000,3750.0
Tamil Nadu,Pudukkottai,Aranthangi(Uzhavar Sandhai ),Onion Green,Onion Green,Local,2026-07-21,6500,7000,6750.0
Tamil Nadu,Coimbatore,Sulur(Uzhavar Sandhai ),Banana,Besrai,Local,2026-07-21,4200,7800,6000.0
Tamil Nadu,Coimbatore,Sulur(Uzhavar Sandhai ),Onion,Bellary,Local,2026-07-21,3000,3400,3200.0
Tamil Nadu,Coimbatore,Sulur(Uzhavar Sandhai ),Garlic,Garlic,Local,2026-07-21,18000,22000,20000.0
Tamil Nadu,Coimbatore,Sulur(Uzhavar Sandhai ),Brinjal,Round,Local,2026-07-21,5000,6500,5750.0
Tamil Nadu,Coimbatore,Sulur(Uzhavar Sandhai ),Ashgourd,Gouard,Local,2026-07-21,1600,2000,1800.0
Tamil Nadu,Coimbatore,Sulur(Uzhavar Sandhai ),Cowpea(Veg),Cowpea (Veg),Local,2026-07-21,3600,4000,3800.0
Tamil Nadu,Coimbatore,Sulur(Uzhavar Sandhai ),Tapioca,Tapioca,Local,2026-07-21,3200,3500,3350.0
Tamil Nadu,Coimbatore,Sulur(Uzhavar Sandhai ),Carrot,Pusakesar,Local,2026-07-21,7000,8000,7500.0
Tamil Nadu,Coimbatore,Sulur(Uzhavar Sandhai ),Cucumbar(Kheera),Cucumbar,Local,2026-07-21,4000,4500,4250.0
Tamil Nadu,Coimbatore,Sulur(Uzhavar Sandhai ),Amla(Nelli Kai),Amla,Local,2026-07-21,8000,8500,8250.0
Tamil Nadu,Pudukkottai,Gandarvakottai(Uzhavar Sandhai ),Onion,Bellary,Local,2026-07-21,4500,5000,4750.0
Tamil Nadu,Pudukkottai,Gandarvakottai(Uzhavar Sandhai ),Banana - Green,Banana - Green,Local,2026-07-21,2500,3000,2750.0
Tamil Nadu,Pudukkottai,Gandarvakottai(Uzhavar Sandhai ),Snakeguard,Snakeguard,Local,2026-07-21,3500,4000,3750.0
Tamil Nadu,Pudukkottai,Gandarvakottai(Uzhavar Sandhai ),Ridgeguard(Tori),Ridgeguard(Tori),Local,2026-07-21,7500,8000,7750.0
Tamil Nadu,Pudukkottai,Gandarvakottai(Uzhavar Sandhai ),Jack Fruit(Ripe),Jack Fruit,Local,2026-07-21,2500,3000,2750.0
Tamil Nadu,Cuddalore,Panruti(Uzhavar Sandhai ),Coriander(Leaves),I Sort,Local,2026-07-21,6000,6000,6000.0
Tamil Nadu,Cuddalore,Panruti(Uzhavar Sandhai ),Cluster beans,Cluster Beans,Local,2026-07-21,4000,4000,4000.0
Tamil Nadu,Cuddalore,Panruti(Uzhavar Sandhai ),Bottle gourd,Bottle Gourd,Local,2026-07-21,3000,3000,3000.0
Tamil Nadu,Cuddalore,Panruti(Uzhavar Sandhai ),Bhindi(Ladies Finger),Bhindi,Local,2026-07-21,3000,3000,3000.0
Tamil Nadu,Cuddalore,Panruti(Uzhavar Sandhai ),Ridgeguard(Tori),Ridgeguard(Tori),Local,2026-07-21,6000,6000,6000.0
Tamil Nadu,Cuddalore,Panruti(Uzhavar Sandhai ),Raddish,Raddish,Local,2026-07-21,3000,3000,3000.0
Tamil Nadu,Cuddalore,Vadalur(Uzhavar Sandhai ),Banana,Red Banana,Local,2026-07-21,8000,8000,8000.0
Tamil Nadu,Cuddalore,Vadalur(Uzhavar Sandhai ),Brinjal,Other,Local,2026-07-21,6000,6000,6000.0
Tamil Nadu,Cuddalore,Vadalur(Uzhavar Sandhai ),Ashgourd,Gouard,Local,2026-07-21,3000,3000,3000.0
Tamil Nadu,Cuddalore,Vadalur(Uzhavar Sandhai ),Carrot,Pusakesar,Local,2026-07-21,6000,6000,6000.0
Tamil Nadu,Dharmapuri,AJattihalli(Uzhavar Sandhai ),Banana,Red Banana,Local,2026-07-21,8000,8000,8000.0
Tamil Nadu,Dharmapuri,AJattihalli(Uzhavar Sandhai ),Cauliflower,Ranchi,Local,2026-07-21,3000,3500,3250.0
Tamil Nadu,Dharmapuri,AJattihalli(Uzhavar Sandhai ),Cluster beans,Cluster Beans,Local,2026-07-21,4000,4000,4000.0
Tamil Nadu,Dharmapuri,AJattihalli(Uzhavar Sandhai ),Beans,Beans (Whole),Local,2026-07-21,7600,7600,7600.0
Tamil Nadu,Dharmapuri,AJattihalli(Uzhavar Sandhai ),Ginger(Green),Green Ginger,Local,2026-07-21,20000,23600,21800.0
Tamil Nadu,Dharmapuri,AJattihalli(Uzhavar Sandhai ),Cabbage,Cabbage,Local,2026-07-21,4000,4400,4200.0
Tamil Nadu,Dharmapuri,AJattihalli(Uzhavar Sandhai ),Beetroot,Beetroot,Local,2026-07-21,5200,5200,5200.0
Tamil Nadu,Dharmapuri,AJattihalli(Uzhavar Sandhai ),Thondekai,Thondekai,Local,2026-07-21,5000,5000,5000.0
Tamil Nadu,Dharmapuri,AJattihalli(Uzhavar Sandhai ),Chow Chow,Chow Chow,Local,2026-07-21,4000,4000,4000.0
Tamil Nadu,Dharmapuri,AJattihalli(Uzhavar Sandhai ),Drumstick,Drumstick,Local,2026-07-21,6000,7000,6500.0
Tamil Nadu,Karur,Kulithalai(Uzhavar Sandhai ),Brinjal,Other,Local,2026-07-21,4000,4400,4200.0
Tamil Nadu,Karur,Kulithalai(Uzhavar Sandhai ),Bitter gourd,Other,Local,2026-07-21,6000,7000,6500.0
Tamil Nadu,Karur,Kulithalai(Uzhavar Sandhai ),Bottle gourd,Bottle Gourd,Local,2026-07-21,1000,1500,1250.0
Tamil Nadu,Karur,Kulithalai(Uzhavar Sandhai ),Ashgourd,Gouard,Local,2026-07-21,2000,2500,2250.0
Tamil Nadu,Karur,Kulithalai(Uzhavar Sandhai ),Green Chilli,Green Chilly,Local,2026-07-21,5000,5600,5300.0
Tamil Nadu,Karur,Kulithalai(Uzhavar Sandhai ),Ginger(Green),Green Ginger,Local,2026-07-21,23500,24000,23750.0
Tamil Nadu,Karur,Kulithalai(Uzhavar Sandhai ),Carrot,Pusakesar,Local,2026-07-21,8000,8600,8300.0
Tamil Nadu,Karur,Kulithalai(Uzhavar Sandhai ),Cabbage,Cabbage,Local,2026-07-21,4400,5000,4700.0
Tamil Nadu,Karur,Kulithalai(Uzhavar Sandhai ),Ridgeguard(Tori),Ridgeguard(Tori),Local,2026-07-21,5000,6000,5500.0
Tamil Nadu,Karur,Kulithalai(Uzhavar Sandhai ),Drumstick,Drumstick,Local,2026-07-21,4000,5000,4500.0
Tamil Nadu,Karur,Kulithalai(Uzhavar Sandhai ),Colacasia,Colacasia,Local,2026-07-21,5500,6000,5750.0
Tamil Nadu,Karur,Kulithalai(Uzhavar Sandhai ),Mint(Pudina),Mint(Pudina),Local,2026-07-21,6500,7000,6750.0
Tamil Nadu,Karur,Pallapatti (Uzhavar Sandhai ),Banana,Other,Local,2026-07-21,5500,6000,5750.0
Tamil Nadu,Karur,Pallapatti (Uzhavar Sandhai ),Cluster beans,Cluster Beans,Local,2026-07-21,4500,5000,4750.0
Tamil Nadu,Karur,Pallapatti (Uzhavar Sandhai ),Tapioca,Tapioca,Local,2026-07-21,2500,3000,2750.0
Tamil Nadu,Karur,Pallapatti (Uzhavar Sandhai ),Coconut,Coconut,Local,2026-07-21,4500,5000,4750.0
Tamil Nadu,Karur,Pallapatti (Uzhavar Sandhai ),Mint(Pudina),Mint(Pudina),Local,2026-07-21,4500,5000,4750.0
Tamil Nadu,Karur,Velayuthampalayam(Uzhavar Sandhai ),Bottle gourd,Bottle Gourd,Local,2026-07-21,2000,2500,2250.0
Tamil Nadu,Karur,Velayuthampalayam(Uzhavar Sandhai ),Amaranthus,Amaranthus,Local,2026-07-21,2000,2500,2250.0
Tamil Nadu,Karur,Velayuthampalayam(Uzhavar Sandhai ),Ridgeguard(Tori),Ridgeguard(Tori),Local,2026-07-21,5200,6000,5600.0
Tamil Nadu,Karur,Velayuthampalayam(Uzhavar Sandhai ),Raddish,Raddish,Local,2026-07-21,3200,4000,3600.0
Tamil Nadu,Karur,Velayuthampalayam(Uzhavar Sandhai ),Mint(Pudina),Mint(Pudina),Local,2026-07-21,5200,6000,5600.0
Tamil Nadu,Karur,Vengamedu(Uzhavar Sandhai ),Bitter gourd,Other,Local,2026-07-21,6500,7000,6750.0
Tamil Nadu,Karur,Vengamedu(Uzhavar Sandhai ),Onion Green,Onion Green,Local,2026-07-21,6000,6500,6250.0
Tamil Nadu,Theni,Devaram(Uzhavar Sandhai ),Potato,Red Nanital,Local,2026-07-21,2600,2600,2600.0
Tamil Nadu,Theni,Devaram(Uzhavar Sandhai ),Cauliflower,Ranchi,Local,2026-07-21,2500,3000,2750.0
Tamil Nadu,Theni,Devaram(Uzhavar Sandhai ),Coriander(Leaves),I Sort,Local,2026-07-21,7000,7000,7000.0
Tamil Nadu,Theni,Devaram(Uzhavar Sandhai ),Bitter gourd,Bitter Gourd,Local,2026-07-21,5000,5600,5300.0
Tamil Nadu,Theni,Devaram(Uzhavar Sandhai ),Bhindi(Ladies Finger),Bhindi,Local,2026-07-21,3000,3000,3000.0
Tamil Nadu,Theni,Devaram(Uzhavar Sandhai ),Green Chilli,Green Chilly,Local,2026-07-21,4000,4500,4250.0
Tamil Nadu,Theni,Devaram(Uzhavar Sandhai ),Banana - Green,Banana - Green,Local,2026-07-21,2500,3000,2750.0
Tamil Nadu,Theni,Devaram(Uzhavar Sandhai ),Beetroot,Beetroot,Local,2026-07-21,4000,4400,4200.0
Tamil Nadu,Theni,Devaram(Uzhavar Sandhai ),Ridgeguard(Tori),Ridgeguard(Tori),Local,2026-07-21,5000,5400,5200.0
Tamil Nadu,Theni,Devaram(Uzhavar Sandhai ),Thondekai,Thondekai,Local,2026-07-21,5000,5000,5000.0
Tamil Nadu,Theni,Devaram(Uzhavar Sandhai ),Mango(Raw-Ripe),Mango - Raw-Ripe,Local,2026-07-21,3000,3000,3000.0
Tamil Nadu,Theni,Devaram(Uzhavar Sandhai ),Knool Khol,Knool Khol,Local,2026-07-21,5000,5000,5000.0
Tamil Nadu,Theni,Devaram(Uzhavar Sandhai ),Lemon,Lemon,Local,2026-07-21,3000,4000,3500.0
Tamil Nadu,Theni,Devaram(Uzhavar Sandhai ),Amla(Nelli Kai),Amla,Local,2026-07-21,5000,6000,5500.0
Tamil Nadu,Salem,Attayampatti(Uzhavar Sandhai ),Green Avare(W),Green Avare (W),Local,2026-07-21,7000,7000,7000.0
Tamil Nadu,Salem,Attayampatti(Uzhavar Sandhai ),Mango(Raw-Ripe),Mango - Raw-Ripe,Local,2026-07-21,2500,2500,2500.0
Tamil Nadu,Salem,Attayampatti(Uzhavar Sandhai ),Onion Green,Onion Green,Local,2026-07-21,5000,5400,5200.0
Tamil Nadu,Sivaganga,Sivagangai (Uzhavar Sandhai ),Banana,Poovan,Local,2026-07-21,4000,4000,4000.0
Tamil Nadu,Sivaganga,Sivagangai (Uzhavar Sandhai ),Onion,Bellary,Local,2026-07-21,4200,4400,4300.0
Tamil Nadu,Sivaganga,Sivagangai (Uzhavar Sandhai ),Brinjal,Other,Local,2026-07-21,4600,5200,4900.0
Tamil Nadu,Sivaganga,Sivagangai (Uzhavar Sandhai ),Bitter gourd,Other,Local,2026-07-21,6200,6600,6400.0
Tamil Nadu,Sivaganga,Sivagangai (Uzhavar Sandhai ),Pumpkin,Pumpkin,Local,2026-07-21,2200,2600,2400.0
Tamil Nadu,Sivaganga,Sivagangai (Uzhavar Sandhai ),Amaranthus,Amaranthus,Local,2026-07-21,3000,4000,3500.0
Tamil Nadu,Sivaganga,Sivagangai (Uzhavar Sandhai ),Beans,Beans (Whole),Local,2026-07-21,7200,8200,7700.0
Tamil Nadu,Sivaganga,Sivagangai (Uzhavar Sandhai ),Snakeguard,Snakeguard,Local,2026-07-21,3200,4000,3600.0
Tamil Nadu,Sivaganga,Sivagangai (Uzhavar Sandhai ),Chow Chow,Chow Chow,Local,2026-07-21,2600,3200,2900.0
Tamil Nadu,Sivaganga,Sivagangai (Uzhavar Sandhai ),Mango(Raw-Ripe),Mango - Raw-Ripe,Local,2026-07-21,2200,3200,2700.0
Tamil Nadu,Sivaganga,Sivagangai (Uzhavar Sandhai ),Lemon,Lemon,Local,2026-07-21,6200,8200,7200.0
Tamil Nadu,Sivaganga,Sivagangai (Uzhavar Sandhai ),Colacasia,Colacasia,Local,2026-07-21,4200,5200,4700.0
Tamil Nadu,Sivaganga,Devakottai (Uzhavar Sandhai ),Potato,Red Nanital,Local,2026-07-21,5800,6200,6000.0
Tamil Nadu,Sivaganga,Devakottai (Uzhavar Sandhai ),Bitter gourd,Bitter Gourd,Local,2026-07-21,6400,6600,6500.0
Tamil Nadu,Sivaganga,Devakottai (Uzhavar Sandhai ),Ridgeguard(Tori),Ridgeguard(Tori),Local,2026-07-21,4200,4600,4400.0
Tamil Nadu,Sivaganga,Devakottai (Uzhavar Sandhai ),Lemon,Lemon,Local,2026-07-21,6400,8200,7300.0
Tamil Nadu,Sivaganga,Devakottai (Uzhavar Sandhai ),Mint(Pudina),Mint(Pudina),Local,2026-07-21,6400,6600,6500.0
Tamil Nadu,Salem,Edapadi (Uzhavar Sandhai ),Brinjal,Other,Local,2026-07-21,4500,5000,4750.0
Tamil Nadu,Salem,Edapadi (Uzhavar Sandhai ),Cluster beans,Cluster Beans,Local,2026-07-21,3400,3800,3600.0
Tamil Nadu,Salem,Edapadi (Uzhavar Sandhai ),Ridgeguard(Tori),Ridgeguard(Tori),Local,2026-07-21,4500,5000,4750.0
Tamil Nadu,Salem,Edapadi (Uzhavar Sandhai ),Chow Chow,Chow Chow,Local,2026-07-21,3000,3500,3250.0
Tamil Nadu,Salem,Edapadi (Uzhavar Sandhai ),Amla(Nelli Kai),Amla,Local,2026-07-21,7500,8000,7750.0
Tamil Nadu,Salem,Edapadi (Uzhavar Sandhai ),Onion Green,Onion Green,Local,2026-07-21,5000,5400,5200.0
Tamil Nadu,Salem,Elampillai(Uzhavar Sandhai ),Bitter gourd,Bitter Gourd,Local,2026-07-21,5500,5500,5500.0
Tamil Nadu,Salem,Elampillai(Uzhavar Sandhai ),Ashgourd,Gouard,Local,2026-07-21,2400,2400,2400.0
Tamil Nadu,Salem,Elampillai(Uzhavar Sandhai ),Pumpkin,Pumpkin,Local,2026-07-21,2400,2400,2400.0
Tamil Nadu,Salem,Elampillai(Uzhavar Sandhai ),Sweet Potato,Hosur Red,Local,2026-07-21,4000,4000,4000.0
Tamil Nadu,Salem,Elampillai(Uzhavar Sandhai ),Cabbage,Cabbage,Local,2026-07-21,4000,4000,4000.0
Tamil Nadu,Salem,Elampillai(Uzhavar Sandhai ),Raddish,Raddish,Local,2026-07-21,3800,3800,3800.0
Tamil Nadu,Salem,Elampillai(Uzhavar Sandhai ),Chow Chow,Chow Chow,Local,2026-07-21,3500,3500,3500.0
Tamil Nadu,Salem,Elampillai(Uzhavar Sandhai ),Lemon,Lemon,Local,2026-07-21,5000,5000,5000.0
Tamil Nadu,Salem,Hasthampatti(Uzhavar Sandhai ),Onion,Bellary,Local,2026-07-21,3800,4000,3900.0
Tamil Nadu,Salem,Hasthampatti(Uzhavar Sandhai ),Banana - Green,Banana - Green,Local,2026-07-21,1500,2000,1750.0
Tamil Nadu,Salem,Hasthampatti(Uzhavar Sandhai ),Sweet Potato,Hosur Red,Local,2026-07-21,3500,4000,3750.0
Tamil Nadu,Salem,Hasthampatti(Uzhavar Sandhai ),Drumstick,Drumstick,Local,2026-07-21,5000,6000,5500.0
Tamil Nadu,Salem,Hasthampatti(Uzhavar Sandhai ),Knool Khol,Knool Khol,Local,2026-07-21,5500,6000,5750.0
Tamil Nadu,Salem,Jalagandapuram(Uzhavar Sandhai ),Chikoos(Sapota),Sapota,Local,2026-07-21,4000,4500,4250.0
Tamil Nadu,Salem,Jalagandapuram(Uzhavar Sandhai ),Bhindi(Ladies Finger),Bhindi,Local,2026-07-21,2500,3000,2750.0
Tamil Nadu,Salem,Jalagandapuram(Uzhavar Sandhai ),Cowpea(Veg),Cowpea (Veg),Local,2026-07-21,4500,5000,4750.0
Tamil Nadu,Salem,Jalagandapuram(Uzhavar Sandhai ),Cabbage,Cabbage,Local,2026-07-21,3500,4000,3750.0
Tamil Nadu,Salem,Jalagandapuram(Uzhavar Sandhai ),Ridgeguard(Tori),Ridgeguard(Tori),Local,2026-07-21,4000,4500,4250.0
Tamil Nadu,Salem,Jalagandapuram(Uzhavar Sandhai ),Raddish,Raddish,Local,2026-07-21,2500,3000,2750.0
Tamil Nadu,Salem,Jalagandapuram(Uzhavar Sandhai ),Onion Green,Onion Green,Local,2026-07-21,5000,5400,5200.0
Tamil Nadu,Sivaganga,Singampunari(Uzhavar Sandhai ),Cauliflower,Ranchi,Local,2026-07-21,3200,3600,3400.0
Tamil Nadu,Sivaganga,Singampunari(Uzhavar Sandhai ),Brinjal,Other,Local,2026-07-21,4600,5200,4900.0
Tamil Nadu,Sivaganga,Singampunari(Uzhavar Sandhai ),Coriander(Leaves),I Sort,Local,2026-07-21,8600,9200,8900.0
Tamil Nadu,Sivaganga,Singampunari(Uzhavar Sandhai ),Bottle gourd,Bottle Gourd,Local,2026-07-21,3400,3600,3500.0
Tamil Nadu,Sivaganga,Singampunari(Uzhavar Sandhai ),Amaranthus,Amaranthus,Local,2026-07-21,3000,4000,3500.0
Tamil Nadu,Sivaganga,Singampunari(Uzhavar Sandhai ),Coconut,Coconut,Local,2026-07-21,4800,5400,5100.0
Tamil Nadu,Sivaganga,Singampunari(Uzhavar Sandhai ),Carrot,Pusakesar,Local,2026-07-21,6400,8200,7300.0
Tamil Nadu,Sivaganga,Singampunari(Uzhavar Sandhai ),Raddish,Raddish,Local,2026-07-21,3200,3600,3400.0
Tamil Nadu,Sivaganga,Singampunari(Uzhavar Sandhai ),Guava,Guava Allahabad,Local,2026-07-21,7000,8000,7500.0
Tamil Nadu,Sivaganga,Singampunari(Uzhavar Sandhai ),Yam(Ratalu),Yam (Ratalu),Local,2026-07-21,8000,9000,8500.0
Tamil Nadu,Sivaganga,Karaikudi(Uzhavar Sandhai ),Banana,Besrai,Local,2026-07-21,3500,4000,3750.0
Tamil Nadu,Sivaganga,Karaikudi(Uzhavar Sandhai ),Onion,Bellary,Local,2026-07-21,3400,4400,3900.0
Tamil Nadu,Sivaganga,Karaikudi(Uzhavar Sandhai ),Papaya,Papaya,Local,2026-07-21,3600,4400,4000.0
Tamil Nadu,Sivaganga,Karaikudi(Uzhavar Sandhai ),Pumpkin,Pumpkin,Local,2026-07-21,2400,2800,2600.0
Tamil Nadu,Sivaganga,Karaikudi(Uzhavar Sandhai ),Green Chilli,Green Chilly,Local,2026-07-21,3500,4000,3750.0
Tamil Nadu,Sivaganga,Karaikudi(Uzhavar Sandhai ),Banana - Green,Banana - Green,Local,2026-07-21,3600,4000,3800.0
Tamil Nadu,Sivaganga,Karaikudi(Uzhavar Sandhai ),Cabbage,Cabbage,Local,2026-07-21,4000,4400,4200.0
Tamil Nadu,Sivaganga,Karaikudi(Uzhavar Sandhai ),Onion Green,Onion Green,Local,2026-07-21,6000,7000,6500.0
Tamil Nadu,Sivaganga,Tirupatthur(Uzhavar Sandhai ),Brinjal,Round,Local,2026-07-21,4800,5400,5100.0
Tamil Nadu,Sivaganga,Tirupatthur(Uzhavar Sandhai ),Chikoos(Sapota),Sapota,Local,2026-07-21,4600,6200,5400.0
Tamil Nadu,Sivaganga,Tirupatthur(Uzhavar Sandhai ),Tomato,Other,Local,2026-07-21,2000,2400,2200.0
Tamil Nadu,Sivaganga,Tirupatthur(Uzhavar Sandhai ),Ashgourd,Gouard,Local,2026-07-21,2600,2800,2700.0
Tamil Nadu,Sivaganga,Tirupatthur(Uzhavar Sandhai ),Green Chilli,Green Chilly,Local,2026-07-21,3200,4000,3600.0
Tamil Nadu,Sivaganga,Tirupatthur(Uzhavar Sandhai ),Chow Chow,Chow Chow,Local,2026-07-21,3000,3200,3100.0
Tamil Nadu,Sivaganga,Tirupatthur(Uzhavar Sandhai ),Knool Khol,Knool Khol,Local,2026-07-21,5000,6000,5500.0
Tamil Nadu,Sivaganga,Tirupatthur(Uzhavar Sandhai ),Guava,Guava Allahabad,Local,2026-07-21,7400,8400,7900.0
Tamil Nadu,Sivaganga,Tirupatthur(Uzhavar Sandhai ),Yam(Ratalu),Yam (Ratalu),Local,2026-07-21,8600,9200,8900.0
Tamil Nadu,Sivaganga,Tirupatthur(Uzhavar Sandhai ),Onion Green,Onion Green,Local,2026-07-21,5800,6400,6100.0
Tamil Nadu,Thanjavur,Pattukottai(Uzhavar Sandhai ),Onion,Bellary,Local,2026-07-21,3000,4000,3500.0
Tamil Nadu,Thanjavur,Pattukottai(Uzhavar Sandhai ),Brinjal,Round,Local,2026-07-21,3200,4400,3800.0
Tamil Nadu,Thanjavur,Pattukottai(Uzhavar Sandhai ),Pumpkin,Pumpkin,Local,2026-07-21,2600,2600,2600.0
Tamil Nadu,Thanjavur,Pattukottai(Uzhavar Sandhai ),Cabbage,Cabbage,Local,2026-07-21,4800,4800,4800.0
Tamil Nadu,Thanjavur,Pattukottai(Uzhavar Sandhai ),Raddish,Raddish,Local,2026-07-21,4400,4400,4400.0
Tamil Nadu,Thanjavur,Pattukottai(Uzhavar Sandhai ),Lime,Lime,Local,2026-07-21,4000,4000,4000.0
Tamil Nadu,Thanjavur,Pattukottai(Uzhavar Sandhai ),Lemon,Lemon,Local,2026-07-21,4600,4600,4600.0
Tamil Nadu,Thanjavur,Thanjavur(Uzhavar Sandhai ),Apple,American,Local,2026-07-21,28000,28000,28000.0
Tamil Nadu,Thanjavur,Thanjavur(Uzhavar Sandhai ),Cauliflower,Ranchi,Local,2026-07-21,5000,5000,5000.0
Tamil Nadu,Thanjavur,Thanjavur(Uzhavar Sandhai ),Chikoos(Sapota),Sapota,Local,2026-07-21,5000,5000,5000.0
Tamil Nadu,Thanjavur,Thanjavur(Uzhavar Sandhai ),Mousambi(Sweet Lime),Mousambi,Local,2026-07-21,12000,12000,12000.0
Tamil Nadu,Thanjavur,Thanjavur(Uzhavar Sandhai ),Tomato,Deshi,Local,2026-07-21,2000,2000,2000.0
Tamil Nadu,Thanjavur,Thanjavur(Uzhavar Sandhai ),Ashgourd,Gouard,Local,2026-07-21,2400,2400,2400.0
Tamil Nadu,Thanjavur,Thanjavur(Uzhavar Sandhai ),Pumpkin,Pumpkin,Local,2026-07-21,2400,2400,2400.0
Tamil Nadu,Thanjavur,Thanjavur(Uzhavar Sandhai ),Chow Chow,Chow Chow,Local,2026-07-21,3400,3400,3400.0
Tamil Nadu,Thanjavur,Thanjavur(Uzhavar Sandhai ),Onion Green,Onion Green,Local,2026-07-21,6000,6000,6000.0
Tamil Nadu,Thiruchirappalli,Lalgudi(Uzhavar Sandhai ),Bottle gourd,Bottle Gourd,Local,2026-07-21,3000,3000,3000.0
Tamil Nadu,Thiruchirappalli,Lalgudi(Uzhavar Sandhai ),Ashgourd,Gouard,Local,2026-07-21,2400,2400,2400.0
Tamil Nadu,Thiruchirappalli,Lalgudi(Uzhavar Sandhai ),Banana - Green,Banana - Green,Local,2026-07-21,3000,3000,3000.0
Tamil Nadu,Thiruchirappalli,Lalgudi(Uzhavar Sandhai ),Green Avare(W),Other,Local,2026-07-21,7000,7000,7000.0
Tamil Nadu,Thiruchirappalli,Lalgudi(Uzhavar Sandhai ),Elephant Yam(Suran)/Amorphophallus,Elephant Yam (Suran),Local,2026-07-21,4600,4600,4600.0
Tamil Nadu,Thiruchirappalli,Manapparai(Uzhavar Sandhai ),Onion,Bellary,Local,2026-07-21,3000,4500,3750.0
Tamil Nadu,Thiruchirappalli,Manapparai(Uzhavar Sandhai ),Ashgourd,Gouard,Local,2026-07-21,2400,2400,2400.0
Tamil Nadu,Thiruchirappalli,Manapparai(Uzhavar Sandhai ),Beans,Beans (Whole),Local,2026-07-21,6500,6500,6500.0
Tamil Nadu,Thiruchirappalli,Manapparai(Uzhavar Sandhai ),Drumstick,Drumstick,Local,2026-07-21,7000,7000,7000.0
Tamil Nadu,Thiruchirappalli,Manapparai(Uzhavar Sandhai ),Onion Green,Onion Green,Local,2026-07-21,6000,7000,6500.0
Tamil Nadu,Thiruchirappalli,Manapparai(Uzhavar Sandhai ),Mint(Pudina),Mint(Pudina),Local,2026-07-21,7000,7000,7000.0
Tamil Nadu,Thiruchirappalli,Musiri(Uzhavar Sandhai ),Banana,Other,Local,2026-07-21,4000,5000,4500.0
Tamil Nadu,Thiruchirappalli,Musiri(Uzhavar Sandhai ),Cauliflower,Ranchi,Local,2026-07-21,3000,3500,3250.0
Tamil Nadu,Thiruchirappalli,Musiri(Uzhavar Sandhai ),Bitter gourd,Bitter Gourd,Local,2026-07-21,6000,7000,6500.0
Tamil Nadu,Thiruchirappalli,Musiri(Uzhavar Sandhai ),Ashgourd,Gouard,Local,2026-07-21,2000,2500,2250.0
Tamil Nadu,Thiruchirappalli,Musiri(Uzhavar Sandhai ),Bhindi(Ladies Finger),Bhindi,Local,2026-07-21,3500,4000,3750.0
Tamil Nadu,Thiruchirappalli,Musiri(Uzhavar Sandhai ),Amaranthus,Amaranthus,Local,2026-07-21,2000,2000,2000.0
Tamil Nadu,Thiruchirappalli,Musiri(Uzhavar Sandhai ),Beans,Beans (Whole),Local,2026-07-21,5000,6000,5500.0
Tamil Nadu,Thiruchirappalli,Musiri(Uzhavar Sandhai ),Ginger(Green),Green Ginger,Local,2026-07-21,15000,16000,15500.0
Tamil Nadu,Thiruchirappalli,Musiri(Uzhavar Sandhai ),Sweet Potato,Hosur Red,Local,2026-07-21,4000,4600,4300.0
Tamil Nadu,Thiruchirappalli,Musiri(Uzhavar Sandhai ),Cabbage,Cabbage,Local,2026-07-21,4000,4500,4250.0
Tamil Nadu,Thiruchirappalli,Musiri(Uzhavar Sandhai ),Onion Green,Onion Green,Local,2026-07-21,3000,6000,4500.0
Tamil Nadu,Thiruchirappalli,Thiruverumbur(Uzhavar Sandhai ),Onion,Bellary,Local,2026-07-21,3000,4200,3600.0
Tamil Nadu,Thiruchirappalli,Thiruverumbur(Uzhavar Sandhai ),Bitter gourd,Other,Local,2026-07-21,7000,7000,7000.0
Tamil Nadu,Thiruchirappalli,Thiruverumbur(Uzhavar Sandhai ),Pumpkin,Pumpkin,Local,2026-07-21,2000,2000,2000.0
Tamil Nadu,Thiruchirappalli,Thiruverumbur(Uzhavar Sandhai ),Amaranthus,Amaranthus,Local,2026-07-21,2000,2000,2000.0
Tamil Nadu,Thiruchirappalli,Thiruverumbur(Uzhavar Sandhai ),Capsicum,Capsicum,Local,2026-07-21,9000,9000,9000.0
Tamil Nadu,Thiruchirappalli,Thiruverumbur(Uzhavar Sandhai ),Drumstick,Drumstick,Local,2026-07-21,7000,7000,7000.0
Tamil Nadu,Thiruchirappalli,Thiruverumbur(Uzhavar Sandhai ),Indian Beans(Seam),Indian Beans (Seam),Local,2026-07-21,7000,7000,7000.0
Tamil Nadu,Villupuram,Gingee(Uzhavar Sandhai ),Potato,Red Nanital,Local,2026-07-21,4000,4000,4000.0
Tamil Nadu,Villupuram,Gingee(Uzhavar Sandhai ),Coriander(Leaves),I Sort,Local,2026-07-21,6000,6000,6000.0
Tamil Nadu,Villupuram,Gingee(Uzhavar Sandhai ),Ashgourd,Gouard,Local,2026-07-21,2000,2000,2000.0
Tamil Nadu,Villupuram,Gingee(Uzhavar Sandhai ),Bhindi(Ladies Finger),Bhindi,Local,2026-07-21,4000,4000,4000.0
Tamil Nadu,Villupuram,Gingee(Uzhavar Sandhai ),Beans,Beans (Whole),Local,2026-07-21,7500,7500,7500.0
Tamil Nadu,Villupuram,Gingee(Uzhavar Sandhai ),Beetroot,Beetroot,Local,2026-07-21,4000,4000,4000.0
Tamil Nadu,Villupuram,Gingee(Uzhavar Sandhai ),Chow Chow,Chow Chow,Local,2026-07-21,5000,5000,5000.0
Tamil Nadu,Villupuram,Gingee(Uzhavar Sandhai ),Guava,Guava Allahabad,Local,2026-07-21,5000,5000,5000.0
Tamil Nadu,Virudhunagar,Rajapalayam(Uzhavar Sandhai ),Potato,Red Nanital,Local,2026-07-21,2500,3000,2750.0
Tamil Nadu,Virudhunagar,Rajapalayam(Uzhavar Sandhai ),Ashgourd,Gouard,Local,2026-07-21,2500,3000,2750.0
Tamil Nadu,Virudhunagar,Rajapalayam(Uzhavar Sandhai ),Ginger(Green),Green Ginger,Local,2026-07-21,19000,20000,19500.0
Tamil Nadu,Virudhunagar,Rajapalayam(Uzhavar Sandhai ),Coconut,Coconut,Local,2026-07-21,5000,5500,5250.0
Tamil Nadu,Virudhunagar,Rajapalayam(Uzhavar Sandhai ),Beetroot,Beetroot,Local,2026-07-21,5000,5500,5250.0
Tamil Nadu,Virudhunagar,Rajapalayam(Uzhavar Sandhai ),Green Avare(W),Green Avare (W),Local,2026-07-21,7000,8000,7500.0
Tamil Nadu,Virudhunagar,Rajapalayam(Uzhavar Sandhai ),Knool Khol,Knool Khol,Local,2026-07-21,6000,7000,6500.0
Tamil Nadu,Virudhunagar,Rajapalayam(Uzhavar Sandhai ),Lime,Lime,Local,2026-07-21,19000,20000,19500.0
Tamil Nadu,Virudhunagar,Rajapalayam(Uzhavar Sandhai ),Elephant Yam(Suran)/Amorphophallus,Elephant Yam (Suran),Local,2026-07-21,4500,5000,4750.0
Tamil Nadu,Virudhunagar,Kariyapatti(Uzhavar Sandhai ),Bottle gourd,Bottle Gourd,Local,2026-07-21,2500,3000,2750.0
Tamil Nadu,Virudhunagar,Kariyapatti(Uzhavar Sandhai ),Ashgourd,Gouard,Local,2026-07-21,3500,4000,3750.0
Tamil Nadu,Virudhunagar,Kariyapatti(Uzhavar Sandhai ),Pumpkin,Pumpkin,Local,2026-07-21,2500,3000,2750.0
Tamil Nadu,Virudhunagar,Kariyapatti(Uzhavar Sandhai ),Amaranthus,Amaranthus,Local,2026-07-21,3000,3500,3250.0
Tamil Nadu,Virudhunagar,Kariyapatti(Uzhavar Sandhai ),Beetroot,Beetroot,Local,2026-07-21,5500,6000,5750.0
Tamil Nadu,Virudhunagar,Kariyapatti(Uzhavar Sandhai ),Drumstick,Drumstick,Local,2026-07-21,5500,6000,5750.0
Tamil Nadu,Virudhunagar,Kariyapatti(Uzhavar Sandhai ),Elephant Yam(Suran)/Amorphophallus,Elephant Yam (Suran),Local,2026-07-21,4500,5000,4750.0
Tamil Nadu,Virudhunagar,Kariyapatti(Uzhavar Sandhai ),Onion Green,Onion Green,Local,2026-07-21,6500,7000,6750.0
Tamil Nadu,Virudhunagar,Sathur(Uzhavar Sandhai ),Banana,Besrai,Local,2026-07-21,3500,4000,3750.0
Tamil Nadu,Virudhunagar,Sathur(Uzhavar Sandhai ),Chikoos(Sapota),Sapota,Local,2026-07-21,2500,3000,2750.0
Tamil Nadu,Virudhunagar,Sathur(Uzhavar Sandhai ),Tomato,Deshi,Local,2026-07-21,1800,2000,1900.0
Tamil Nadu,Virudhunagar,Sathur(Uzhavar Sandhai ),Bitter gourd,Bitter Gourd,Local,2026-07-21,5500,6000,5750.0
Tamil Nadu,Virudhunagar,Sathur(Uzhavar Sandhai ),Bottle gourd,Bottle Gourd,Local,2026-07-21,1800,2000,1900.0
Tamil Nadu,Virudhunagar,Sathur(Uzhavar Sandhai ),Bhindi(Ladies Finger),Bhindi,Local,2026-07-21,3500,4000,3750.0
Tamil Nadu,Virudhunagar,Sathur(Uzhavar Sandhai ),Beetroot,Beetroot,Local,2026-07-21,4500,5000,4750.0
Tamil Nadu,Virudhunagar,Sathur(Uzhavar Sandhai ),Ridgeguard(Tori),Ridgeguard(Tori),Local,2026-07-21,5500,6000,5750.0
Tamil Nadu,Virudhunagar,Sathur(Uzhavar Sandhai ),Guava,Guava Allahabad,Local,2026-07-21,4500,5000,4750.0
Tamil Nadu,Virudhunagar,Sathur(Uzhavar Sandhai ),Onion Green,Onion Green,Local,2026-07-21,5500,6000,5750.0
Tamil Nadu,Virudhunagar,Sathur(Uzhavar Sandhai ),Mint(Pudina),Mint(Pudina),Local,2026-07-21,5500,6000,5750.0
Tamil Nadu,Virudhunagar,Thalavaipuram(Uzhavar Sandhai ),Potato,Red Nanital,Local,2026-07-21,2500,3000,2750.0
Tamil Nadu,Virudhunagar,Thalavaipuram(Uzhavar Sandhai ),Brinjal,Round,Local,2026-07-21,4500,5000,4750.0
Tamil Nadu,Virudhunagar,Thalavaipuram(Uzhavar Sandhai ),Coriander(Leaves),I Sort,Local,2026-07-21,8000,9000,8500.0
Tamil Nadu,Virudhunagar,Thalavaipuram(Uzhavar Sandhai ),Cluster beans,Cluster Beans,Local,2026-07-21,2500,3000,2750.0
Tamil Nadu,Virudhunagar,Thalavaipuram(Uzhavar Sandhai ),Bottle gourd,Bottle Gourd,Local,2026-07-21,1500,2000,1750.0
Tamil Nadu,Virudhunagar,Thalavaipuram(Uzhavar Sandhai ),Amaranthus,Amaranthus,Local,2026-07-21,2500,3000,2750.0
Tamil Nadu,Virudhunagar,Thalavaipuram(Uzhavar Sandhai ),Raddish,Raddish,Local,2026-07-21,3500,4000,3750.0
Tamil Nadu,Virudhunagar,Thalavaipuram(Uzhavar Sandhai ),Green Avare(W),Green Avare (W),Local,2026-07-21,7000,8000,7500.0
Tamil Nadu,Virudhunagar,Thalavaipuram(Uzhavar Sandhai ),Mint(Pudina),Mint(Pudina),Local,2026-07-21,6000,7000,6500.0
Tamil Nadu,Chengalpattu,Madhuranthagam(Uzhavar Sandhai ),Onion,Bellary,Local,2026-07-21,3000,3000,3000.0
Tamil Nadu,Chengalpattu,Madhuranthagam(Uzhavar Sandhai ),Ashgourd,Gouard,Local,2026-07-21,3000,3000,3000.0
Tamil Nadu,Chengalpattu,Nanganallur(Uzhavar Sandhai ),Grapes,Annabesahai,Local,2026-07-21,9000,10000,9500.0
Tamil Nadu,Chengalpattu,Nanganallur(Uzhavar Sandhai ),Apple,American,Local,2026-07-21,23000,24000,23500.0
Tamil Nadu,Chengalpattu,Nanganallur(Uzhavar Sandhai ),Bhindi(Ladies Finger),Bhindi,Local,2026-07-21,4000,5000,4500.0
Tamil Nadu,Chengalpattu,Nanganallur(Uzhavar Sandhai ),Tapioca,Tapioca,Local,2026-07-21,3500,4000,3750.0
Tamil Nadu,Chengalpattu,Nanganallur(Uzhavar Sandhai ),Ginger(Green),Green Ginger,Local,2026-07-21,19000,20000,19500.0
Tamil Nadu,Chengalpattu,Nanganallur(Uzhavar Sandhai ),Cucumbar(Kheera),Cucumbar,Local,2026-07-21,5000,6000,5500.0
Tamil Nadu,Chengalpattu,Nanganallur(Uzhavar Sandhai ),Ridgeguard(Tori),Ridgeguard(Tori),Local,2026-07-21,5000,6000,5500.0
Tamil Nadu,Chengalpattu,Nanganallur(Uzhavar Sandhai ),Capsicum,Capsicum,Local,2026-07-21,7000,8000,7500.0
Tamil Nadu,Chengalpattu,Nanganallur(Uzhavar Sandhai ),Green Avare(W),Green Avare (W),Local,2026-07-21,4000,5000,4500.0
Tamil Nadu,Chengalpattu,Nanganallur(Uzhavar Sandhai ),Chow Chow,Chow Chow,Local,2026-07-21,3500,4000,3750.0
Tamil Nadu,Chengalpattu,Nanganallur(Uzhavar Sandhai ),Knool Khol,Knool Khol,Local,2026-07-21,5000,6000,5500.0
Tamil Nadu,Chengalpattu,Nanganallur(Uzhavar Sandhai ),Elephant Yam(Suran)/Amorphophallus,Elephant Yam (Suran),Local,2026-07-21,5000,6000,5500.0
Tamil Nadu,Chengalpattu,Nanganallur(Uzhavar Sandhai ),Pear(Marasebu),Pears,Local,2026-07-21,9000,10000,9500.0
Tamil Nadu,Chengalpattu,Pallavaram(Uzhavar Sandhai ),Groundnut,Big (With Shell),Local,2026-07-21,8000,10000,9000.0
Tamil Nadu,Chengalpattu,Pallavaram(Uzhavar Sandhai ),Onion,Bellary,Local,2026-07-21,3500,4000,3750.0
Tamil Nadu,Chengalpattu,Pallavaram(Uzhavar Sandhai ),Garlic,Garlic,Local,2026-07-21,18000,22000,20000.0
Tamil Nadu,Chengalpattu,Pallavaram(Uzhavar Sandhai ),Water Melon,Water Melon,Local,2026-07-21,2000,2500,2250.0
Tamil Nadu,Chengalpattu,Pallavaram(Uzhavar Sandhai ),Carrot,Pusakesar,Local,2026-07-21,10000,10000,10000.0
Tamil Nadu,Chengalpattu,Pallavaram(Uzhavar Sandhai ),Cucumbar(Kheera),Cucumbar,Local,2026-07-21,5000,6000,5500.0
Tamil Nadu,Chengalpattu,Pallavaram(Uzhavar Sandhai ),Chow Chow,Chow Chow,Local,2026-07-21,4000,5000,4500.0
Tamil Nadu,Chengalpattu,Pallavaram(Uzhavar Sandhai ),Tender Coconut,Tender Coconut,Local,2026-07-21,2000,2500,2250.0
Tamil Nadu,Chengalpattu,Pallavaram(Uzhavar Sandhai ),Lemon,Lemon,Local,2026-07-21,10000,12000,11000.0
Tamil Nadu,Chengalpattu,Pallavaram(Uzhavar Sandhai ),Mint(Pudina),Mint(Pudina),Local,2026-07-21,4000,5000,4500.0
Tamil Nadu,Nagercoil (Kannyiakumari),Myladi(Uzhavar Sandhai ),Banana,Besrai,Local,2026-07-21,4000,4500,4250.0
Tamil Nadu,Nagercoil (Kannyiakumari),Myladi(Uzhavar Sandhai ),Tomato,Deshi,Local,2026-07-21,3000,3500,3250.0
Tamil Nadu,Nagercoil (Kannyiakumari),Myladi(Uzhavar Sandhai ),Bitter gourd,Bitter Gourd,Local,2026-07-21,6500,7000,6750.0
Tamil Nadu,Nagercoil (Kannyiakumari),Myladi(Uzhavar Sandhai ),Mango(Raw-Ripe),Mango - Raw-Ripe,Local,2026-07-21,3500,4000,3750.0
Tamil Nadu,Chengalpattu,Jameenrayapettai(Uzhavar Sandhai ),Orange,Darjeeling,Local,2026-07-21,12000,13000,12500.0
Tamil Nadu,Chengalpattu,Jameenrayapettai(Uzhavar Sandhai ),Banana,Red Banana,Local,2026-07-21,7000,8000,7500.0
Tamil Nadu,Chengalpattu,Jameenrayapettai(Uzhavar Sandhai ),Bhindi(Ladies Finger),Bhindi,Local,2026-07-21,4000,5000,4500.0
Tamil Nadu,Chengalpattu,Jameenrayapettai(Uzhavar Sandhai ),Beans,Beans (Whole),Local,2026-07-21,7000,8000,7500.0
Tamil Nadu,Chengalpattu,Jameenrayapettai(Uzhavar Sandhai ),Coconut,Coconut,Local,2026-07-21,5000,6000,5500.0
Tamil Nadu,Chengalpattu,Jameenrayapettai(Uzhavar Sandhai ),Cabbage,Cabbage,Local,2026-07-21,2500,3000,2750.0
Tamil Nadu,Chengalpattu,Jameenrayapettai(Uzhavar Sandhai ),Beetroot,Beetroot,Local,2026-07-21,4000,5000,4500.0
Tamil Nadu,Chengalpattu,Jameenrayapettai(Uzhavar Sandhai ),Thondekai,Thondekai,Local,2026-07-21,4000,5000,4500.0
Tamil Nadu,Chengalpattu,Jameenrayapettai(Uzhavar Sandhai ),Marigold(Calcutta),Marigold(Calcutta),Local,2026-07-21,26000,28000,27000.0
Tamil Nadu,Chengalpattu,Jameenrayapettai(Uzhavar Sandhai ),Mint(Pudina),Mint(Pudina),Local,2026-07-21,4000,5000,4500.0
Tamil Nadu,Chengalpattu,Jameenrayapettai(Uzhavar Sandhai ),Rose(Local),Rose (Local),Local,2026-07-21,11000,12000,11500.0
Andhra Pradesh,Palnadu,Gurazala APMC,Chili Red,Red,Local,2026-07-21,14000,22000,19000.0
Tamil Nadu,Thirupathur,Natrampalli(Uzhavar Sandhai ),Beans,Beans (Whole),Local,2026-07-21,8000,10000,9000.0
Tamil Nadu,Thirupathur,Natrampalli(Uzhavar Sandhai ),Cucumbar(Kheera),Cucumbar,Local,2026-07-21,2500,3000,2750.0
Tamil Nadu,Thirupathur,Natrampalli(Uzhavar Sandhai ),Green Avare(W),Green Avare (W),Local,2026-07-21,4000,5000,4500.0
Tamil Nadu,Thirupur,Dharapuram(Uzhavar Sandhai ),Chikoos(Sapota),Sapota,Local,2026-07-21,3500,4000,3750.0
Tamil Nadu,Thirupur,Dharapuram(Uzhavar Sandhai ),Papaya,Papaya,Local,2026-07-21,2000,2500,2250.0
Tamil Nadu,Thirupur,Dharapuram(Uzhavar Sandhai ),Pumpkin,Pumpkin,Local,2026-07-21,1500,2000,1750.0
Tamil Nadu,Thirupur,Dharapuram(Uzhavar Sandhai ),Amaranthus,Amaranthus,Local,2026-07-21,2000,2500,2250.0
Tamil Nadu,Thirupur,Dharapuram(Uzhavar Sandhai ),Cowpea(Veg),Cowpea (Veg),Local,2026-07-21,3000,3500,3250.0
Tamil Nadu,Thirupur,Dharapuram(Uzhavar Sandhai ),Ginger(Green),Green Ginger,Local,2026-07-21,14000,17000,15500.0
Tamil Nadu,Thirupur,Dharapuram(Uzhavar Sandhai ),Green Avare(W),Green Avare (W),Local,2026-07-21,6000,7000,6500.0
Tamil Nadu,Thirupur,Dharapuram(Uzhavar Sandhai ),Chow Chow,Chow Chow,Local,2026-07-21,3000,3500,3250.0
Tamil Nadu,Thirupur,Dharapuram(Uzhavar Sandhai ),Mango(Raw-Ripe),Mango - Raw-Ripe,Local,2026-07-21,2000,2500,2250.0
Tamil Nadu,Thirupur,Dharapuram(Uzhavar Sandhai ),Lemon,Lemon,Local,2026-07-21,7000,8000,7500.0
Tamil Nadu,Thirupur,Palladam(Uzhavar Sandhai ),Potato,Other,Local,2026-07-21,2500,3000,2750.0
Tamil Nadu,Thirupur,Palladam(Uzhavar Sandhai ),Coriander(Leaves),I Sort,Local,2026-07-21,4500,5000,4750.0
Tamil Nadu,Thirupur,Palladam(Uzhavar Sandhai ),Bitter gourd,Other,Local,2026-07-21,5000,6000,5500.0
Tamil Nadu,Thirupur,Palladam(Uzhavar Sandhai ),Beetroot,Beetroot,Local,2026-07-21,3000,3500,3250.0
Tamil Nadu,Thirupur,Palladam(Uzhavar Sandhai ),Green Avare(W),Other,Local,2026-07-21,6000,7000,6500.0
Tamil Nadu,Thirupur,Palladam(Uzhavar Sandhai ),Mint(Pudina),Mint(Pudina),Local,2026-07-21,2500,3000,2750.0
Nagaland,Wokha,Baghty APMC,Pineapple,Pine Apple,Local,2026-07-21,4420,5030,4730.0
Tamil Nadu,Coimbatore,Vadavalli(Uzhavar Sandhai ),Garlic,Garlic,Local,2026-07-21,18000,22000,20000.0
Tamil Nadu,Coimbatore,Vadavalli(Uzhavar Sandhai ),Ashgourd,Gouard,Local,2026-07-21,1400,1800,1600.0
Tamil Nadu,Coimbatore,Vadavalli(Uzhavar Sandhai ),Bhindi(Ladies Finger),Bhindi,Local,2026-07-21,4500,5500,5000.0
Tamil Nadu,Coimbatore,Vadavalli(Uzhavar Sandhai ),Coconut,Coconut,Local,2026-07-21,5000,5400,5200.0
Tamil Nadu,Coimbatore,Vadavalli(Uzhavar Sandhai ),Cabbage,Cabbage,Local,2026-07-21,3500,4000,3750.0
Tamil Nadu,Coimbatore,Vadavalli(Uzhavar Sandhai ),Drumstick,Drumstick,Local,2026-07-21,5000,6000,5500.0
Tamil Nadu,Coimbatore,Vadavalli(Uzhavar Sandhai ),Sweet Corn ,Sweet Corn ,Local,2026-07-21,3000,4000,3500.0
Tamil Nadu,Dindigul,Vedasanthur(Uzhavar Sandhai ),Banana,Karpura,Local,2026-07-21,6000,6000,6000.0
Tamil Nadu,Dindigul,Vedasanthur(Uzhavar Sandhai ),Onion Green,Onion Green,Local,2026-07-21,6000,6000,6000.0
Uttar Pradesh,Bulandshahar,Gulavati APMC,Brinjal,Brinjal,FAQ,2026-07-21,1400,1600,1500.0
Uttar Pradesh,Bulandshahar,Gulavati APMC,Bottle gourd,Bottle Gourd,FAQ,2026-07-21,1400,1600,1500.0
Tamil Nadu,Erode,Gobichettipalayam(Uzhavar Sandhai ),Papaya,Papaya,Local,2026-07-21,3000,3200,3100.0
Tamil Nadu,Erode,Gobichettipalayam(Uzhavar Sandhai ),Cluster beans,Cluster Beans,Local,2026-07-21,3800,4000,3900.0
Tamil Nadu,Erode,Gobichettipalayam(Uzhavar Sandhai ),Bitter gourd,Bitter Gourd,Local,2026-07-21,5800,6000,5900.0
Tamil Nadu,Erode,Gobichettipalayam(Uzhavar Sandhai ),Pumpkin,Pumpkin,Local,2026-07-21,2500,3000,2750.0
Tamil Nadu,Erode,Gobichettipalayam(Uzhavar Sandhai ),Bhindi(Ladies Finger),Bhindi,Local,2026-07-21,4000,4200,4100.0
Tamil Nadu,Erode,Gobichettipalayam(Uzhavar Sandhai ),Amaranthus,Amaranthus,Local,2026-07-21,4200,4500,4350.0
Tamil Nadu,Erode,Gobichettipalayam(Uzhavar Sandhai ),Green Chilli,Green Chilly,Local,2026-07-21,4400,4600,4500.0
Tamil Nadu,Erode,Gobichettipalayam(Uzhavar Sandhai ),Carrot,Pusakesar,Local,2026-07-21,7400,7600,7500.0
Tamil Nadu,Erode,Gobichettipalayam(Uzhavar Sandhai ),Cabbage,Cabbage,Local,2026-07-21,3500,4000,3750.0
Tamil Nadu,Erode,Gobichettipalayam(Uzhavar Sandhai ),Chow Chow,Chow Chow,Local,2026-07-21,3500,4000,3750.0
Tamil Nadu,Erode,Gobichettipalayam(Uzhavar Sandhai ),Lemon,Lemon,Local,2026-07-21,4000,4500,4250.0
Tamil Nadu,Erode,Gobichettipalayam(Uzhavar Sandhai ),Mint(Pudina),Mint(Pudina),Local,2026-07-21,3800,4000,3900.0
Tamil Nadu,Vellore,Pallikonda(Uzhavar Sandhai),Onion,Bellary,Local,2026-07-21,3800,3800,3800.0
Tamil Nadu,Vellore,Pallikonda(Uzhavar Sandhai),Bitter gourd,Bitter Gourd,Local,2026-07-21,5000,5000,5000.0
Tamil Nadu,Vellore,Pallikonda(Uzhavar Sandhai),Amaranthus,Amaranthus,Local,2026-07-21,3000,3000,3000.0
Tamil Nadu,Vellore,Pallikonda(Uzhavar Sandhai),Sweet Potato,Hosur Red,Local,2026-07-21,2500,2500,2500.0
Tamil Nadu,Vellore,Pallikonda(Uzhavar Sandhai),Mango(Raw-Ripe),Mango - Raw-Ripe,Local,2026-07-21,1500,1500,1500.0
Tamil Nadu,Vellore,Pallikonda(Uzhavar Sandhai),Onion Green,Onion Green,Local,2026-07-21,4500,4500,4500.0
Tamil Nadu,Pudukkottai,Ponnamaravathi(Uzhavar Sandhai),Coriander(Leaves),I Sort,Local,2026-07-21,4500,5000,4750.0
Tamil Nadu,Pudukkottai,Ponnamaravathi(Uzhavar Sandhai),Coconut,Coconut,Local,2026-07-21,3500,4000,3750.0
Tamil Nadu,Pudukkottai,Ponnamaravathi(Uzhavar Sandhai),Snakeguard,Snakeguard,Local,2026-07-21,3500,4000,3750.0
Tamil Nadu,Nagapattinam,Mayiladuthurai(Uzhavar Sandhai ),Brinjal,Round,Local,2026-07-21,4500,5000,4750.0
Tamil Nadu,Nagapattinam,Mayiladuthurai(Uzhavar Sandhai ),Green Chilli,Green Chilly,Local,2026-07-21,5500,6000,5750.0
Tamil Nadu,Nagapattinam,Mayiladuthurai(Uzhavar Sandhai ),Green Avare(W),Green Avare (W),Local,2026-07-21,7000,8000,7500.0
Tamil Nadu,Pudukkottai,Viralimalai(Uzhavar Sandhai ),Onion,Bellary,Local,2026-07-21,4500,5000,4750.0
Tamil Nadu,Pudukkottai,Viralimalai(Uzhavar Sandhai ),Brinjal,Round,Local,2026-07-21,7000,7500,7250.0
Tamil Nadu,Pudukkottai,Viralimalai(Uzhavar Sandhai ),Papaya,Papaya,Local,2026-07-21,2500,3000,2750.0
Tamil Nadu,Pudukkottai,Viralimalai(Uzhavar Sandhai ),Green Avare(W),Green Avare (W),Local,2026-07-21,8500,9000,8750.0
Tamil Nadu,Ramanathapuram,Paramakudi(Uzhavar Sandhai ),Coriander(Leaves),I Sort,Local,2026-07-21,7500,8000,7750.0
Tamil Nadu,Ramanathapuram,Paramakudi(Uzhavar Sandhai ),Tomato,Deshi,Local,2026-07-21,2500,2800,2650.0
Tamil Nadu,Ramanathapuram,Paramakudi(Uzhavar Sandhai ),Bottle gourd,Bottle Gourd,Local,2026-07-21,1800,2200,2000.0
Tamil Nadu,Ramanathapuram,Paramakudi(Uzhavar Sandhai ),Coconut,Coconut,Local,2026-07-21,6000,6500,6250.0
Tamil Nadu,Ramanathapuram,Paramakudi(Uzhavar Sandhai ),Snakeguard,Snakeguard,Local,2026-07-21,4500,4800,4650.0
Tamil Nadu,Ramanathapuram,Paramakudi(Uzhavar Sandhai ),Ridgeguard(Tori),Ridgeguard(Tori),Local,2026-07-21,5500,6000,5750.0
Tamil Nadu,Ramanathapuram,Paramakudi(Uzhavar Sandhai ),Green Avare(W),Green Avare (W),Local,2026-07-21,7500,8000,7750.0
Tamil Nadu,Ramanathapuram,Paramakudi(Uzhavar Sandhai ),Tube Flower,Tube Flower,Local,2026-07-21,55000,60000,57500.0
Tamil Nadu,Ramanathapuram,Paramakudi(Uzhavar Sandhai ),Yam(Ratalu),Yam (Ratalu),Local,2026-07-21,6000,7000,6500.0
Tamil Nadu,Ramanathapuram,Ramanathapuram(Uzhavar Sandhai ),Cluster beans,Cluster Beans,Local,2026-07-21,4000,4500,4250.0
Tamil Nadu,Ramanathapuram,Ramanathapuram(Uzhavar Sandhai ),Bottle gourd,Bottle Gourd,Local,2026-07-21,2400,2600,2500.0
Tamil Nadu,Ramanathapuram,Ramanathapuram(Uzhavar Sandhai ),Pumpkin,Pumpkin,Local,2026-07-21,2400,2600,2500.0
Tamil Nadu,Ramanathapuram,Ramanathapuram(Uzhavar Sandhai ),Banana - Green,Banana - Green,Local,2026-07-21,3500,4000,3750.0
Tamil Nadu,Ramanathapuram,Ramanathapuram(Uzhavar Sandhai ),Cabbage,Cabbage,Local,2026-07-21,4200,4500,4350.0
Tamil Nadu,Ramanathapuram,Ramanathapuram(Uzhavar Sandhai ),Knool Khol,Knool Khol,Local,2026-07-21,5500,6000,5750.0
Tamil Nadu,Pudukkottai,Alangudi(Uzhavar Sandhai ),Onion,Bellary,Local,2026-07-21,4500,5000,4750.0
Tamil Nadu,Pudukkottai,Alangudi(Uzhavar Sandhai ),Papaya,Papaya,Local,2026-07-21,2500,3000,2750.0
Tamil Nadu,Pudukkottai,Alangudi(Uzhavar Sandhai ),Bitter gourd,Other,Local,2026-07-21,8000,9000,8500.0
Tamil Nadu,Pudukkottai,Alangudi(Uzhavar Sandhai ),Bottle gourd,Bottle Gourd,Local,2026-07-21,2000,2500,2250.0
Tamil Nadu,Pudukkottai,Alangudi(Uzhavar Sandhai ),Pumpkin,Pumpkin,Local,2026-07-21,1000,1500,1250.0
Tamil Nadu,Pudukkottai,Alangudi(Uzhavar Sandhai ),Bhindi(Ladies Finger),Bhindi,Local,2026-07-21,3500,4000,3750.0
Tamil Nadu,Pudukkottai,Alangudi(Uzhavar Sandhai ),Coconut,Coconut,Local,2026-07-21,3500,4000,3750.0
Tamil Nadu,Pudukkottai,Alangudi(Uzhavar Sandhai ),Snakeguard,Snakeguard,Local,2026-07-21,3500,4000,3750.0
Tamil Nadu,Thiruvannamalai,Arani(Uzhavar Sandhai ),Garlic,Garlic,Local,2026-07-21,24000,27000,25500.0
Tamil Nadu,Thiruvannamalai,Arani(Uzhavar Sandhai ),Banana - Green,Banana - Green,Local,2026-07-21,1500,2000,1750.0
Tamil Nadu,Thiruvannamalai,Arani(Uzhavar Sandhai ),Ginger(Green),Green Ginger,Local,2026-07-21,17000,20000,18500.0
Tamil Nadu,Thiruvannamalai,Arani(Uzhavar Sandhai ),Coconut,Coconut,Local,2026-07-21,3800,4500,4150.0
Tamil Nadu,Thiruvannamalai,Arani(Uzhavar Sandhai ),Snakeguard,Snakeguard,Local,2026-07-21,3000,3600,3300.0
Tamil Nadu,Thiruvannamalai,Arani(Uzhavar Sandhai ),Chow Chow,Chow Chow,Local,2026-07-21,4000,4800,4400.0
Tamil Nadu,Thiruvannamalai,Arani(Uzhavar Sandhai ),Onion Green,Onion Green,Local,2026-07-21,4500,5500,5000.0
Tamil Nadu,Thiruvannamalai,Polur(Uzhavar Sandhai ),Bitter gourd,Bitter Gourd,Local,2026-07-21,4200,4800,4500.0
Tamil Nadu,Thiruvannamalai,Polur(Uzhavar Sandhai ),Bottle gourd,Bottle Gourd,Local,2026-07-21,2000,2400,2200.0
Tamil Nadu,Thiruvannamalai,Polur(Uzhavar Sandhai ),Ginger(Green),Green Ginger,Local,2026-07-21,20000,24000,22000.0
Tamil Nadu,Thiruvannamalai,Polur(Uzhavar Sandhai ),Snakeguard,Snakeguard,Local,2026-07-21,2500,3000,2750.0
Tamil Nadu,Thiruvannamalai,Polur(Uzhavar Sandhai ),Beetroot,Beetroot,Local,2026-07-21,4200,4800,4500.0
Tamil Nadu,Thiruvannamalai,Polur(Uzhavar Sandhai ),Raddish,Raddish,Local,2026-07-21,2500,3000,2750.0
Tamil Nadu,Thiruvannamalai,Polur(Uzhavar Sandhai ),Thondekai,Thondekai,Local,2026-07-21,4500,5000,4750.0
Tamil Nadu,Thiruvannamalai,Polur(Uzhavar Sandhai ),Colacasia,Colacasia,Local,2026-07-21,3500,4000,3750.0
Tamil Nadu,Thiruvannamalai,Polur(Uzhavar Sandhai ),Onion Green,Onion Green,Local,2026-07-21,5000,6000,5500.0
Tamil Nadu,Thiruvannamalai,Polur(Uzhavar Sandhai ),Mint(Pudina),Mint(Pudina),Local,2026-07-21,3500,4000,3750.0
Tamil Nadu,Thiruvannamalai,Tiruvannamalai(Uzhavar Sandhai ),Garlic,Garlic,Local,2026-07-21,25000,28000,26500.0
Tamil Nadu,Thiruvannamalai,Tiruvannamalai(Uzhavar Sandhai ),Mousambi(Sweet Lime),Mousambi,Local,2026-07-21,7000,8000,7500.0
Tamil Nadu,Thiruvannamalai,Tiruvannamalai(Uzhavar Sandhai ),Tomato,Deshi,Local,2026-07-21,1200,1500,1350.0
Tamil Nadu,Thiruvannamalai,Tiruvannamalai(Uzhavar Sandhai ),Bhindi(Ladies Finger),Bhindi,Local,2026-07-21,2400,3000,2700.0
Tamil Nadu,Thiruvannamalai,Tiruvannamalai(Uzhavar Sandhai ),Beans,Beans (Whole),Local,2026-07-21,6000,7200,6600.0
Tamil Nadu,Thiruvannamalai,Tiruvannamalai(Uzhavar Sandhai ),Coconut,Coconut,Local,2026-07-21,4000,5000,4500.0
Tamil Nadu,Thiruvannamalai,Tiruvannamalai(Uzhavar Sandhai ),Thondekai,Thondekai,Local,2026-07-21,4000,4800,4400.0
Tamil Nadu,Thiruvannamalai,Tiruvannamalai(Uzhavar Sandhai ),Tender Coconut,Tender Coconut,Local,2026-07-21,2500,3000,2750.0
Tamil Nadu,Thiruvannamalai,Tiruvannamalai(Uzhavar Sandhai ),Amla(Nelli Kai),Amla,Local,2026-07-21,8000,10000,9000.0
Tamil Nadu,Thiruvannamalai,Tiruvannamalai(Uzhavar Sandhai ),Sweet Corn ,Sweet Corn ,Local,2026-07-21,3000,3600,3300.0
Tamil Nadu,Thiruvarur,Tiruthuraipoondi(Uzhavar Sandhai ),Banana,Besrai,Local,2026-07-21,4000,4000,4000.0
Tamil Nadu,Thiruvarur,Tiruthuraipoondi(Uzhavar Sandhai ),Lemon,Lemon,Local,2026-07-21,5000,5000,5000.0
Tamil Nadu,Thiruvellore,Naravarikuppam(Uzhavar Sandhai ),Brinjal,Round,Local,2026-07-21,5000,5000,5000.0
Tamil Nadu,Thiruvellore,Naravarikuppam(Uzhavar Sandhai ),Bhindi(Ladies Finger),Bhindi,Local,2026-07-21,5000,5000,5000.0
Tamil Nadu,Tuticorin,Kovilpatti(Uzhavar Sandhai ),Onion,Bellary,Local,2026-07-21,3500,4000,3750.0
Tamil Nadu,Tuticorin,Kovilpatti(Uzhavar Sandhai ),Potato,Other,Local,2026-07-21,3000,3500,3250.0
Tamil Nadu,Tuticorin,Kovilpatti(Uzhavar Sandhai ),Carrot,Pusakesar,Local,2026-07-21,9000,9500,9250.0
Tamil Nadu,Tuticorin,Kovilpatti(Uzhavar Sandhai ),Cabbage,Cabbage,Local,2026-07-21,4000,4500,4250.0
Tamil Nadu,Tuticorin,Kovilpatti(Uzhavar Sandhai ),Snakeguard,Snakeguard,Local,2026-07-21,3000,3500,3250.0
Tamil Nadu,Tuticorin,Kovilpatti(Uzhavar Sandhai ),Thondekai,Thondekai,Local,2026-07-21,6500,7000,6750.0
Tamil Nadu,Tuticorin,Kovilpatti(Uzhavar Sandhai ),Chow Chow,Chow Chow,Local,2026-07-21,3500,4000,3750.0
Tamil Nadu,Tuticorin,Kovilpatti(Uzhavar Sandhai ),Mango(Raw-Ripe),Mango - Raw-Ripe,Local,2026-07-21,6500,7000,6750.0
Tamil Nadu,Tuticorin,Kovilpatti(Uzhavar Sandhai ),Elephant Yam(Suran)/Amorphophallus,Elephant Yam (Suran),Local,2026-07-21,4000,4500,4250.0
Tamil Nadu,Tuticorin,Kovilpatti(Uzhavar Sandhai ),Onion Green,Onion Green,Local,2026-07-21,5500,6000,5750.0
Tamil Nadu,Vellore,Gudiyatham(Uzhavar Sandhai ),Mango,Neelam,Local,2026-07-21,3500,4000,3750.0
Tamil Nadu,Vellore,Gudiyatham(Uzhavar Sandhai ),Coriander(Leaves),I Sort,Local,2026-07-21,5000,5000,5000.0
Tamil Nadu,Vellore,Gudiyatham(Uzhavar Sandhai ),Cluster beans,Cluster Beans,Local,2026-07-21,4600,4600,4600.0
Tamil Nadu,Vellore,Gudiyatham(Uzhavar Sandhai ),Bottle gourd,Bottle Gourd,Local,2026-07-21,2400,2400,2400.0
Tamil Nadu,Vellore,Gudiyatham(Uzhavar Sandhai ),Bhindi(Ladies Finger),Bhindi,Local,2026-07-21,2400,2400,2400.0
Tamil Nadu,Vellore,Gudiyatham(Uzhavar Sandhai ),Green Chilli,Green Chilly,Local,2026-07-21,6000,6000,6000.0
Tamil Nadu,Vellore,Gudiyatham(Uzhavar Sandhai ),Banana - Green,Banana - Green,Local,2026-07-21,3500,3500,3500.0
Tamil Nadu,Vellore,Gudiyatham(Uzhavar Sandhai ),Beans,Beans (Whole),Local,2026-07-21,5500,5500,5500.0
Tamil Nadu,Vellore,Gudiyatham(Uzhavar Sandhai ),Carrot,Pusakesar,Local,2026-07-21,7600,7600,7600.0
Tamil Nadu,Vellore,Gudiyatham(Uzhavar Sandhai ),Snakeguard,Snakeguard,Local,2026-07-21,3600,3600,3600.0
Tamil Nadu,Vellore,Gudiyatham(Uzhavar Sandhai ),Cucumbar(Kheera),Cucumbar,Local,2026-07-21,4000,4000,4000.0
Tamil Nadu,Vellore,Gudiyatham(Uzhavar Sandhai ),Thondekai,Thondekai,Local,2026-07-21,4000,4000,4000.0
Tamil Nadu,Vellore,Gudiyatham(Uzhavar Sandhai ),Green Avare(W),Green Avare (W),Local,2026-07-21,6000,6000,6000.0
Tamil Nadu,Vellore,Gudiyatham(Uzhavar Sandhai ),Chow Chow,Chow Chow,Local,2026-07-21,5000,5000,5000.0
Tamil Nadu,Vellore,Gudiyatham(Uzhavar Sandhai ),Mango(Raw-Ripe),Mango - Raw-Ripe,Local,2026-07-21,2000,2000,2000.0
Tamil Nadu,Vellore,Gudiyatham(Uzhavar Sandhai ),Knool Khol,Knool Khol,Local,2026-07-21,6000,6000,6000.0
Tamil Nadu,Vellore,Kahithapattarai(Uzhavar Sandhai ),Papaya,Papaya,Local,2026-07-21,3500,3500,3500.0
Tamil Nadu,Vellore,Kahithapattarai(Uzhavar Sandhai ),Amaranthus,Amaranthus,Local,2026-07-21,3600,4000,3800.0
Tamil Nadu,Vellore,Kahithapattarai(Uzhavar Sandhai ),Cowpea(Veg),Cowpea (Veg),Local,2026-07-21,3500,3500,3500.0
Tamil Nadu,Vellore,Kahithapattarai(Uzhavar Sandhai ),Banana - Green,Banana - Green,Local,2026-07-21,5000,5000,5000.0
Tamil Nadu,Vellore,Kahithapattarai(Uzhavar Sandhai ),Coconut,Coconut,Local,2026-07-21,2500,2500,2500.0
Tamil Nadu,Vellore,Kahithapattarai(Uzhavar Sandhai ),Sweet Potato,Hosur Red,Local,2026-07-21,3500,3500,3500.0
Tamil Nadu,Vellore,Kahithapattarai(Uzhavar Sandhai ),Thondekai,Thondekai,Local,2026-07-21,4500,4500,4500.0
Tamil Nadu,Vellore,Kahithapattarai(Uzhavar Sandhai ),Drumstick,Drumstick,Local,2026-07-21,7000,7000,7000.0
Tamil Nadu,Vellore,Kahithapattarai(Uzhavar Sandhai ),Knool Khol,Knool Khol,Local,2026-07-21,6000,6000,6000.0
Tamil Nadu,Vellore,Kahithapattarai(Uzhavar Sandhai ),Indian Beans(Seam),Indian Beans (Seam),Local,2026-07-21,4600,4600,4600.0
Tamil Nadu,Vellore,Kahithapattarai(Uzhavar Sandhai ),Mint(Pudina),Mint(Pudina),Local,2026-07-21,9000,9000,9000.0
Keralam,Kottayam,Pampady Market,Bitter gourd,Bitter Gourd,FAQ,2026-07-21,6500,7500,7000.0
Keralam,Kottayam,Pampady Market,Cowpea(Veg),Cowpea (Veg),FAQ,2026-07-21,6500,7500,7000.0
Keralam,Kottayam,Pampady Market,Tapioca,Tapioca,FAQ,2026-07-21,2500,3500,3000.0
Tamil Nadu,Thiruvannamalai,Cheyyar(Uzhavar Sandhai ),Coriander(Leaves),I Sort,Local,2026-07-21,4000,5000,4500.0
Tamil Nadu,Thiruvannamalai,Cheyyar(Uzhavar Sandhai ),Papaya,Papaya,Local,2026-07-21,3500,4000,3750.0
Tamil Nadu,Thiruvannamalai,Cheyyar(Uzhavar Sandhai ),Bottle gourd,Bottle Gourd,Local,2026-07-21,2000,2400,2200.0
Tamil Nadu,Thiruvannamalai,Cheyyar(Uzhavar Sandhai ),Coconut,Coconut,Local,2026-07-21,4000,5000,4500.0
Tamil Nadu,Thiruvannamalai,Cheyyar(Uzhavar Sandhai ),Carrot,Pusakesar,Local,2026-07-21,7000,8000,7500.0
Tamil Nadu,Thiruvannamalai,Cheyyar(Uzhavar Sandhai ),Cabbage,Cabbage,Local,2026-07-21,2500,3000,2750.0
Tamil Nadu,Thiruvannamalai,Cheyyar(Uzhavar Sandhai ),Ridgeguard(Tori),Ridgeguard(Tori),Local,2026-07-21,3500,4200,3850.0
Tamil Nadu,Thiruvannamalai,Cheyyar(Uzhavar Sandhai ),Knool Khol,Knool Khol,Local,2026-07-21,5000,6000,5500.0
Tamil Nadu,Thiruvannamalai,Cheyyar(Uzhavar Sandhai ),Colacasia,Colacasia,Local,2026-07-21,2500,3000,2750.0
Tamil Nadu,Ariyalur,Ariyalur(Uzhavar Sandhai),Brinjal,Round,Local,2026-07-21,4500,5500,5000.0
Tamil Nadu,Ariyalur,Ariyalur(Uzhavar Sandhai),Bhindi(Ladies Finger),Bhindi,Local,2026-07-21,4000,4500,4250.0
Tamil Nadu,Ariyalur,Ariyalur(Uzhavar Sandhai),Amaranthus,Amaranthus,Local,2026-07-21,3000,3500,3250.0
Tamil Nadu,Ariyalur,Ariyalur(Uzhavar Sandhai),Green Chilli,Green Chilly,Local,2026-07-21,5000,5500,5250.0
Tamil Nadu,Ariyalur,Ariyalur(Uzhavar Sandhai),Snakeguard,Snakeguard,Local,2026-07-21,3000,3500,3250.0
Tamil Nadu,Ariyalur,Ariyalur(Uzhavar Sandhai),Mint(Pudina),Mint(Pudina),Local,2026-07-21,6000,6500,6250.0
Odisha,Sundergarh,Panposh APMC,Tomato,Hybrid,FAQ,2026-07-21,3500,4200,4000.0
Uttar Pradesh,Amroha,Hasanpur APMC,Bitter gourd,Bitter Gourd,FAQ,2026-07-21,1450,1520,1500.0
Uttar Pradesh,Amroha,Hasanpur APMC,Carrot,Carrot,FAQ,2026-07-21,1850,2020,2000.0
Punjab,Ludhiana,Doraha APMC,Capsicum,Capsicum,Local,2026-07-21,4000,6000,5500.0
Punjab,Ludhiana,Doraha APMC,Squash(Chappal Kadoo),Other,Local,2026-07-21,600,1000,800.0
Odisha,Sundergarh,Sargipali APMC,Capsicum,Other,FAQ,2026-07-21,9800,10300,10000.0
Odisha,Sundergarh,Sargipali APMC,Potato,Other,FAQ,2026-07-21,1000,1200,1100.0
Odisha,Sundergarh,Sargipali APMC,Pumpkin,Pumpkin,FAQ,2026-07-21,900,1200,1000.0
Uttar Pradesh,Khiri (Lakhimpur),Maigalganj APMC,Banana - Green,Banana - Green,FAQ,2026-07-21,1940,1975,1960.0
Uttar Pradesh,Khiri (Lakhimpur),Maigalganj APMC,Bhindi(Ladies Finger),Bhindi,FAQ,2026-07-21,2400,2430,2415.0
Uttar Pradesh,Khiri (Lakhimpur),Maigalganj APMC,Brinjal,Round/Long,FAQ,2026-07-21,1260,1300,1280.0
Himachal Pradesh,Kangra,SMY Baijnath,Bottle gourd,Bottle Gourd,Grade A,2026-07-21,3200,3400,3300.0
Himachal Pradesh,Kangra,SMY Baijnath,Cauliflower,Cauliflower,Grade A,2026-07-21,4500,5500,5000.0
Himachal Pradesh,Kangra,SMY Baijnath,Pumpkin,Pumpkin,Grade A,2026-07-21,2100,2400,2200.0
Himachal Pradesh,Kangra,SMY Baijnath,Raddish,Other,Grade A,2026-07-21,2500,2700,2600.0
Tamil Nadu,Coimbatore,Mettupalayam(Uzhavar Sandhai ),Pineapple,Pine Apple,Local,2026-07-21,3500,4000,3750.0
Tamil Nadu,Coimbatore,Mettupalayam(Uzhavar Sandhai ),Potato,Red Nanital,Local,2026-07-21,4000,7000,5500.0
Tamil Nadu,Coimbatore,Mettupalayam(Uzhavar Sandhai ),Brinjal,Round,Local,2026-07-21,4000,4800,4400.0
Tamil Nadu,Coimbatore,Mettupalayam(Uzhavar Sandhai ),Cluster beans,Cluster Beans,Local,2026-07-21,3500,4000,3750.0
Tamil Nadu,Coimbatore,Mettupalayam(Uzhavar Sandhai ),Amaranthus,Amaranthus,Local,2026-07-21,3500,4000,3750.0
Tamil Nadu,Coimbatore,Mettupalayam(Uzhavar Sandhai ),Cabbage,Cabbage,Local,2026-07-21,3000,3500,3250.0
Tamil Nadu,Coimbatore,Mettupalayam(Uzhavar Sandhai ),Beetroot,Beetroot,Local,2026-07-21,7000,7500,7250.0
Tamil Nadu,Coimbatore,Mettupalayam(Uzhavar Sandhai ),Thondekai,Thondekai,Local,2026-07-21,4000,4500,4250.0
Tamil Nadu,Coimbatore,Mettupalayam(Uzhavar Sandhai ),Knool Khol,Knool Khol,Local,2026-07-21,5000,6000,5500.0
Tamil Nadu,Coimbatore,Mettupalayam(Uzhavar Sandhai ),Lime,Lime,Local,2026-07-21,14000,16000,15000.0
Tamil Nadu,Coimbatore,Mettupalayam(Uzhavar Sandhai ),Guava,Guava Allahabad,Local,2026-07-21,5000,6000,5500.0
Tamil Nadu,Coimbatore,Mettupalayam(Uzhavar Sandhai ),Onion Green,Onion Green,Local,2026-07-21,5000,5800,5400.0
Tamil Nadu,Coimbatore,Mettupalayam(Uzhavar Sandhai ),Sweet Corn ,Sweet Corn ,Local,2026-07-21,3500,4000,3750.0
Tamil Nadu,Erode,Sathiyamagalam(Uzhavar Sandhai ),Brinjal,Round,Local,2026-07-21,4000,4600,4300.0
Tamil Nadu,Erode,Sathiyamagalam(Uzhavar Sandhai ),Bottle gourd,Bottle Gourd,Local,2026-07-21,1500,2000,1750.0
Tamil Nadu,Erode,Sathiyamagalam(Uzhavar Sandhai ),Banana - Green,Banana - Green,Local,2026-07-21,3000,3500,3250.0
Tamil Nadu,Erode,Sathiyamagalam(Uzhavar Sandhai ),Beans,Beans (Whole),Local,2026-07-21,10000,10500,10250.0
Tamil Nadu,Erode,Sathiyamagalam(Uzhavar Sandhai ),Ginger(Green),Green Ginger,Local,2026-07-21,15000,16000,15500.0
Tamil Nadu,Erode,Sathiyamagalam(Uzhavar Sandhai ),Coconut,Coconut,Local,2026-07-21,4400,4800,4600.0
Tamil Nadu,Erode,Sathiyamagalam(Uzhavar Sandhai ),Snakeguard,Snakeguard,Local,2026-07-21,4000,4500,4250.0
Tamil Nadu,Erode,Sathiyamagalam(Uzhavar Sandhai ),Lemon,Lemon,Local,2026-07-21,5500,6000,5750.0
Tamil Nadu,Erode,Sathiyamagalam(Uzhavar Sandhai ),Onion Green,Onion Green,Local,2026-07-21,5500,6000,5750.0
Tamil Nadu,Erode,Sathiyamagalam(Uzhavar Sandhai ),Mint(Pudina),Mint(Pudina),Local,2026-07-21,4500,5000,4750.0
Tamil Nadu,Namakkal,Tiruchengode APMC,Mango,Other,Local,2026-07-21,6200,7000,6600.0
Tamil Nadu,Namakkal,Tiruchengode APMC,Chikoos(Sapota),Sapota,Local,2026-07-21,4000,4500,4250.0
Tamil Nadu,Namakkal,Tiruchengode APMC,Bhindi(Ladies Finger),Bhindi,Local,2026-07-21,3800,4400,4100.0
Tamil Nadu,Namakkal,Tiruchengode APMC,Ridgeguard(Tori),Ridgeguard(Tori),Local,2026-07-21,6200,7000,6600.0
Tamil Nadu,Namakkal,Tiruchengode APMC,Jamun(Narale Hannu),Jamun,Local,2026-07-21,14000,16000,15000.0
Tamil Nadu,Namakkal,Tiruchengode APMC,Elephant Yam(Suran)/Amorphophallus,Elephant Yam (Suran),Local,2026-07-21,3000,3500,3250.0
Tamil Nadu,Ariyalur,Jeyankondam (Uzhavar Sandhai ),Onion,Bellary,Local,2026-07-21,3000,3500,3250.0
Tamil Nadu,Ariyalur,Jeyankondam (Uzhavar Sandhai ),Potato,Red Nanital,Local,2026-07-21,4000,4500,4250.0
Tamil Nadu,Coimbatore,RSPuram(Uzhavar Sandhai ),Mango,Neelam,Local,2026-07-21,7000,8000,7500.0
Tamil Nadu,Coimbatore,RSPuram(Uzhavar Sandhai ),Banana,Red Banana,Local,2026-07-21,7400,7800,7600.0
Tamil Nadu,Coimbatore,RSPuram(Uzhavar Sandhai ),Green Peas,Green Peas,Local,2026-07-21,25000,26000,25500.0
Tamil Nadu,Coimbatore,RSPuram(Uzhavar Sandhai ),Tomato,Local,Local,2026-07-21,1600,1900,1750.0
Tamil Nadu,Coimbatore,RSPuram(Uzhavar Sandhai ),Cluster beans,Cluster Beans,Local,2026-07-21,3500,4000,3750.0
Tamil Nadu,Coimbatore,RSPuram(Uzhavar Sandhai ),Bitter gourd,Other,Local,2026-07-21,6000,6500,6250.0
Tamil Nadu,Coimbatore,RSPuram(Uzhavar Sandhai ),Bhindi(Ladies Finger),Bhindi,Local,2026-07-21,4000,4500,4250.0
Tamil Nadu,Coimbatore,RSPuram(Uzhavar Sandhai ),Green Chilli,Green Chilly,Local,2026-07-21,4500,5000,4750.0
Tamil Nadu,Coimbatore,RSPuram(Uzhavar Sandhai ),Tapioca,Tapioca,Local,2026-07-21,2400,3000,2700.0
Tamil Nadu,Coimbatore,RSPuram(Uzhavar Sandhai ),Sweet Potato,Hosur Red,Local,2026-07-21,3500,4000,3750.0
Tamil Nadu,Coimbatore,RSPuram(Uzhavar Sandhai ),Cucumbar(Kheera),Cucumbar,Local,2026-07-21,3800,4200,4000.0
Tamil Nadu,Coimbatore,RSPuram(Uzhavar Sandhai ),Ridgeguard(Tori),Ridgeguard(Tori),Local,2026-07-21,4800,5400,5100.0
Tamil Nadu,Coimbatore,RSPuram(Uzhavar Sandhai ),Thondekai,Thondekai,Local,2026-07-21,4500,5400,4950.0
Tamil Nadu,Coimbatore,RSPuram(Uzhavar Sandhai ),Lemon,Lemon,Local,2026-07-21,7000,8000,7500.0
Tamil Nadu,Coimbatore,RSPuram(Uzhavar Sandhai ),Mashrooms,Mashrooms,Local,2026-07-21,21500,25000,23250.0
Tamil Nadu,Coimbatore,RSPuram(Uzhavar Sandhai ),Onion Green,Onion Green,Local,2026-07-21,5000,5600,5300.0
Bihar,Gaya,Gaya APMC,Tomato,Deshi,FAQ,2026-07-21,4550,4950,4700.0
Bihar,Gaya,Gaya APMC,Bitter gourd,Bitter Gourd,FAQ,2026-07-21,1650,2050,1840.0
Tamil Nadu,Coimbatore,Singanallur(Uzhavar Sandhai ),Apple,American,Local,2026-07-21,22000,26000,24000.0
Tamil Nadu,Coimbatore,Singanallur(Uzhavar Sandhai ),Green Peas,Green Peas,Local,2026-07-21,22000,26000,24000.0
Tamil Nadu,Coimbatore,Singanallur(Uzhavar Sandhai ),Cluster beans,Cluster Beans,Local,2026-07-21,4000,4400,4200.0
Tamil Nadu,Coimbatore,Singanallur(Uzhavar Sandhai ),Bottle gourd,Bottle Gourd,Local,2026-07-21,3000,3200,3100.0
Tamil Nadu,Coimbatore,Singanallur(Uzhavar Sandhai ),Ashgourd,Gouard,Local,2026-07-21,1500,2000,1750.0
Tamil Nadu,Coimbatore,Singanallur(Uzhavar Sandhai ),Bhindi(Ladies Finger),Bhindi,Local,2026-07-21,4500,5000,4750.0
Tamil Nadu,Coimbatore,Singanallur(Uzhavar Sandhai ),Amaranthus,Amaranthus,Local,2026-07-21,4500,5000,4750.0
Tamil Nadu,Coimbatore,Singanallur(Uzhavar Sandhai ),Ginger(Green),Green Ginger,Local,2026-07-21,15000,17000,16000.0
Tamil Nadu,Coimbatore,Singanallur(Uzhavar Sandhai ),Betal Leaves,Mysore,Local,2026-07-21,18000,21000,19500.0
Tamil Nadu,Coimbatore,Singanallur(Uzhavar Sandhai ),Drumstick,Drumstick,Local,2026-07-21,5500,6200,5850.0
Tamil Nadu,Coimbatore,Pollachi(Uzhavar Sandhai ),Coriander(Leaves),I Sort,Local,2026-07-21,7000,8000,7500.0
Tamil Nadu,Coimbatore,Pollachi(Uzhavar Sandhai ),Pumpkin,Pumpkin,Local,2026-07-21,2000,2500,2250.0
Tamil Nadu,Coimbatore,Pollachi(Uzhavar Sandhai ),Amaranthus,Amaranthus,Local,2026-07-21,3000,4000,3500.0
Tamil Nadu,Coimbatore,Pollachi(Uzhavar Sandhai ),Carrot,Pusakesar,Local,2026-07-21,6500,7500,7000.0
Tamil Nadu,Coimbatore,Pollachi(Uzhavar Sandhai ),Green Avare(W),Green Avare (W),Local,2026-07-21,6500,7500,7000.0
Tamil Nadu,Coimbatore,Pollachi(Uzhavar Sandhai ),Chow Chow,Chow Chow,Local,2026-07-21,3000,3500,3250.0
Tamil Nadu,Coimbatore,Pollachi(Uzhavar Sandhai ),Amla(Nelli Kai),Amla,Local,2026-07-21,7000,8000,7500.0
Tamil Nadu,Coimbatore,Pollachi(Uzhavar Sandhai ),Mint(Pudina),Mint(Pudina),Local,2026-07-21,6000,7000,6500.0
Tamil Nadu,Karur,Karur(Uzhavar Sandhai ),Brinjal,Other,Local,2026-07-21,6000,7000,6500.0
Tamil Nadu,Karur,Karur(Uzhavar Sandhai ),Cabbage,Cabbage,Local,2026-07-21,5500,6000,5750.0
Tamil Nadu,Karur,Karur(Uzhavar Sandhai ),Beetroot,Beetroot,Local,2026-07-21,7500,8000,7750.0
Tamil Nadu,Karur,Karur(Uzhavar Sandhai ),Thondekai,Thondekai,Local,2026-07-21,5500,6000,5750.0
Tamil Nadu,Karur,Karur(Uzhavar Sandhai ),Chow Chow,Chow Chow,Local,2026-07-21,3500,4000,3750.0
Tamil Nadu,Karur,Karur(Uzhavar Sandhai ),Elephant Yam(Suran)/Amorphophallus,Elephant Yam (Suran),Local,2026-07-21,3500,4000,3750.0
Tamil Nadu,Coimbatore,Kurichi(Uzhavar Sandhai ),Mango,Neelam,Local,2026-07-21,7000,8000,7500.0
Tamil Nadu,Coimbatore,Kurichi(Uzhavar Sandhai ),Coriander(Leaves),I Sort,Local,2026-07-21,7000,7500,7250.0
Tamil Nadu,Coimbatore,Kurichi(Uzhavar Sandhai ),Papaya,Papaya,Local,2026-07-21,3400,3800,3600.0
Tamil Nadu,Coimbatore,Kurichi(Uzhavar Sandhai ),Amaranthus,Amaranthus,Local,2026-07-21,4000,5000,4500.0
Tamil Nadu,Coimbatore,Kurichi(Uzhavar Sandhai ),Banana - Green,Banana - Green,Local,2026-07-21,3500,4000,3750.0
Tamil Nadu,Coimbatore,Kurichi(Uzhavar Sandhai ),Tapioca,Tapioca,Local,2026-07-21,3000,3500,3250.0
Tamil Nadu,Coimbatore,Kurichi(Uzhavar Sandhai ),Coconut,Coconut,Local,2026-07-21,5000,5300,5150.0
Tamil Nadu,Coimbatore,Kurichi(Uzhavar Sandhai ),Mango(Raw-Ripe),Mango - Raw-Ripe,Local,2026-07-21,3000,3500,3250.0
Tamil Nadu,Cuddalore,Chidambaram(Uzhavar Sandhai ),Banana,Besrai,Local,2026-07-21,4000,4000,4000.0
Tamil Nadu,Cuddalore,Chidambaram(Uzhavar Sandhai ),Potato,Red Nanital,Local,2026-07-21,4000,4000,4000.0
Tamil Nadu,Cuddalore,Chidambaram(Uzhavar Sandhai ),Tomato,Local,Local,2026-07-21,2000,2000,2000.0
Tamil Nadu,Cuddalore,Chidambaram(Uzhavar Sandhai ),Raddish,Raddish,Local,2026-07-21,4000,4000,4000.0
Tamil Nadu,Cuddalore,Cuddalore(Uzhavar Sandhai ),Banana - Green,Banana - Green,Local,2026-07-21,2000,3000,2500.0
Tamil Nadu,Cuddalore,Cuddalore(Uzhavar Sandhai ),Carrot,Pusakesar,Local,2026-07-21,7000,7000,7000.0
Tamil Nadu,Cuddalore,Cuddalore(Uzhavar Sandhai ),Snakeguard,Snakeguard,Local,2026-07-21,4500,4500,4500.0
Tamil Nadu,Cuddalore,Cuddalore(Uzhavar Sandhai ),Beetroot,Beetroot,Local,2026-07-21,5000,5000,5000.0
Bihar,Muzaffarpur,Bhagwanpur Mandi APMC,Bhindi(Ladies Finger),Bhindi,Grade C,2026-07-21,1600,1600,1600.0
Tamil Nadu,Kallakuruchi,Kallakurichi(Uzhavar Sandhai ),Onion,Bellary,Local,2026-07-21,4000,4000,4000.0
Tamil Nadu,Kallakuruchi,Kallakurichi(Uzhavar Sandhai ),Garlic,Garlic,Local,2026-07-21,31000,31000,31000.0
Tamil Nadu,Kallakuruchi,Kallakurichi(Uzhavar Sandhai ),Papaya,Papaya,Local,2026-07-21,3000,3000,3000.0
Tamil Nadu,Kallakuruchi,Kallakurichi(Uzhavar Sandhai ),Bitter gourd,Bitter Gourd,Local,2026-07-21,6000,6000,6000.0
Tamil Nadu,Kallakuruchi,Kallakurichi(Uzhavar Sandhai ),Ashgourd,Gouard,Local,2026-07-21,2000,2000,2000.0
Tamil Nadu,Kallakuruchi,Kallakurichi(Uzhavar Sandhai ),Tapioca,Tapioca,Local,2026-07-21,3000,3000,3000.0
Tamil Nadu,Kallakuruchi,Kallakurichi(Uzhavar Sandhai ),Ginger(Green),Green Ginger,Local,2026-07-21,25000,25000,25000.0
Tamil Nadu,Kallakuruchi,Kallakurichi(Uzhavar Sandhai ),Cabbage,Cabbage,Local,2026-07-21,5000,5000,5000.0
Tamil Nadu,Kallakuruchi,Kallakurichi(Uzhavar Sandhai ),Snakeguard,Snakeguard,Local,2026-07-21,5000,5000,5000.0
Tamil Nadu,Kallakuruchi,Kallakurichi(Uzhavar Sandhai ),Mango(Raw-Ripe),Mango - Raw-Ripe,Local,2026-07-21,2000,2000,2000.0
Tamil Nadu,Kallakuruchi,Kallakurichi(Uzhavar Sandhai ),Knool Khol,Knool Khol,Local,2026-07-21,7000,7000,7000.0
Tamil Nadu,Kallakuruchi,Kallakurichi(Uzhavar Sandhai ),Lemon,Lemon,Local,2026-07-21,7000,7000,7000.0
Bihar,Madhubani,Madhubani APMC,Brinjal,Brinjal,FAQ,2026-07-21,3400,3600,3500.0
Madhya Pradesh,Satna,Satna APMC,Wheat,Wheat,FAQ,2026-07-21,2490,2550,2550.0
Tamil Nadu,Nagercoil (Kannyiakumari),Vadaseri APMC,Banana,Besrai,Local,2026-07-21,4500,5000,4750.0
Tamil Nadu,Nagercoil (Kannyiakumari),Vadaseri APMC,Potato,Red Nanital,Local,2026-07-21,3000,3500,3250.0
Tamil Nadu,Nagercoil (Kannyiakumari),Vadaseri APMC,Green Chilli,Green Chilly,Local,2026-07-21,6000,6500,6250.0
Tamil Nadu,Nagercoil (Kannyiakumari),Vadaseri APMC,Tapioca,Tapioca,Local,2026-07-21,3500,4000,3750.0
Tamil Nadu,Nagercoil (Kannyiakumari),Vadaseri APMC,Ginger(Green),Green Ginger,Local,2026-07-21,18000,20000,19000.0
Tamil Nadu,Nagercoil (Kannyiakumari),Vadaseri APMC,Green Avare(W),Green Avare (W),Local,2026-07-21,4500,5000,4750.0
Tamil Nadu,Nagercoil (Kannyiakumari),Vadaseri APMC,Chow Chow,Chow Chow,Local,2026-07-21,4500,5000,4750.0
Tamil Nadu,Nagercoil (Kannyiakumari),Vadaseri APMC,Mango(Raw-Ripe),Mango - Raw-Ripe,Local,2026-07-21,3500,4000,3750.0
Tamil Nadu,Nagercoil (Kannyiakumari),Vadaseri APMC,Jack Fruit(Ripe),Jack Fruit,Local,2026-07-21,2200,2500,2350.0
Tamil Nadu,Nagercoil (Kannyiakumari),Vadaseri APMC,Tender Coconut,Tender Coconut,Local,2026-07-21,4500,5000,4750.0
Tamil Nadu,Pudukkottai,Karambakkudi(Uzhavar Sandhai ),Coriander(Leaves),I Sort,Local,2026-07-21,4000,5000,4500.0
Tamil Nadu,Pudukkottai,Karambakkudi(Uzhavar Sandhai ),Bottle gourd,Bottle Gourd,Local,2026-07-21,2000,2500,2250.0
Tamil Nadu,Pudukkottai,Karambakkudi(Uzhavar Sandhai ),Onion Green,Onion Green,Local,2026-07-21,6000,7000,6500.0
Tamil Nadu,Vellore,Thirupathur APMC,Bitter gourd,Bitter Gourd,Local,2026-07-21,5000,5000,5000.0
Tamil Nadu,Vellore,Thirupathur APMC,Amaranthus,Amaranthus,Local,2026-07-21,2000,2000,2000.0
Tamil Nadu,Vellore,Thirupathur APMC,Cowpea(Veg),Cowpea (Veg),Local,2026-07-21,6000,6000,6000.0
Tamil Nadu,Vellore,Thirupathur APMC,Tapioca,Tapioca,Local,2026-07-21,3000,3000,3000.0
Tamil Nadu,Vellore,Thirupathur APMC,Tender Coconut,Tender Coconut,Local,2026-07-21,3000,3000,3000.0
Tamil Nadu,Vellore,Thirupathur APMC,Mint(Pudina),Mint(Pudina),Local,2026-07-21,5000,5000,5000.0
Tamil Nadu,Salem,Athur(Uzhavar Sandhai ),Groundnut,Big (With Shell),Local,2026-07-21,6000,7000,6500.0
Tamil Nadu,Salem,Athur(Uzhavar Sandhai ),Onion,Bellary,Local,2026-07-21,3500,4200,3850.0
Tamil Nadu,Salem,Athur(Uzhavar Sandhai ),Ashgourd,Gouard,Local,2026-07-21,2000,2500,2250.0
Tamil Nadu,Salem,Athur(Uzhavar Sandhai ),Pumpkin,Pumpkin,Local,2026-07-21,2000,2500,2250.0
Tamil Nadu,Salem,Athur(Uzhavar Sandhai ),Banana - Green,Banana - Green,Local,2026-07-21,2000,2400,2200.0
Tamil Nadu,Salem,Athur(Uzhavar Sandhai ),Coconut,Coconut,Local,2026-07-21,5000,5500,5250.0
Tamil Nadu,Salem,Athur(Uzhavar Sandhai ),Cabbage,Cabbage,Local,2026-07-21,3500,4000,3750.0
Tamil Nadu,Salem,Athur(Uzhavar Sandhai ),Snakeguard,Snakeguard,Local,2026-07-21,3500,4000,3750.0
Tamil Nadu,Salem,Athur(Uzhavar Sandhai ),Beetroot,Beetroot,Local,2026-07-21,4500,6500,5500.0
Tamil Nadu,Salem,Athur(Uzhavar Sandhai ),Ridgeguard(Tori),Ridgeguard(Tori),Local,2026-07-21,4500,5000,4750.0
Tamil Nadu,Salem,Athur(Uzhavar Sandhai ),Thondekai,Thondekai,Local,2026-07-21,5000,5500,5250.0
Tamil Nadu,Salem,Athur(Uzhavar Sandhai ),Green Avare(W),Green Avare (W),Local,2026-07-21,7500,8000,7750.0
Tamil Nadu,Salem,Athur(Uzhavar Sandhai ),Jack Fruit(Ripe),Jack Fruit,Local,2026-07-21,2500,3000,2750.0
Tamil Nadu,Salem,Athur(Uzhavar Sandhai ),Jasmine,Jasmine,Local,2026-07-21,32000,36000,34000.0
Tamil Nadu,Salem,Athur(Uzhavar Sandhai ),Lemon,Lemon,Local,2026-07-21,3500,4000,3750.0
Tamil Nadu,Salem,Athur(Uzhavar Sandhai ),Tube Rose(Loose),Tube Rose (Loose),Local,2026-07-21,6000,10000,8000.0
Tamil Nadu,Virudhunagar,Srivilliputhur(Uzhavar Sandhai ),Banana,Besrai,Local,2026-07-21,3500,4000,3750.0
Tamil Nadu,Virudhunagar,Srivilliputhur(Uzhavar Sandhai ),Cauliflower,Ranchi,Local,2026-07-21,2500,3000,2750.0
Tamil Nadu,Virudhunagar,Srivilliputhur(Uzhavar Sandhai ),Bitter gourd,Bitter Gourd,Local,2026-07-21,5000,6000,5500.0
Tamil Nadu,Virudhunagar,Srivilliputhur(Uzhavar Sandhai ),Ginger(Green),Green Ginger,Local,2026-07-21,19000,20000,19500.0
Tamil Nadu,Virudhunagar,Srivilliputhur(Uzhavar Sandhai ),Carrot,Pusakesar,Local,2026-07-21,4500,5000,4750.0
Tamil Nadu,Virudhunagar,Srivilliputhur(Uzhavar Sandhai ),Beetroot,Beetroot,Local,2026-07-21,4500,5000,4750.0
Tamil Nadu,Virudhunagar,Srivilliputhur(Uzhavar Sandhai ),Tender Coconut,Tender Coconut,Local,2026-07-21,2000,2500,2250.0
Tamil Nadu,Virudhunagar,Srivilliputhur(Uzhavar Sandhai ),Elephant Yam(Suran)/Amorphophallus,Elephant Yam (Suran),Local,2026-07-21,4500,5000,4750.0
Tamil Nadu,Virudhunagar,Srivilliputhur(Uzhavar Sandhai ),Lemon,Lemon,Local,2026-07-21,5000,6000,5500.0
Tamil Nadu,Virudhunagar,Srivilliputhur(Uzhavar Sandhai ),Colacasia,Colacasia,Local,2026-07-21,5000,6000,5500.0
Tamil Nadu,Dharmapuri,Harur(Uzhavar Sandhai ),Papaya,Papaya,Local,2026-07-21,2000,2500,2250.0
Tamil Nadu,Dharmapuri,Harur(Uzhavar Sandhai ),Amaranthus,Amaranthus,Local,2026-07-21,2500,3000,2750.0
Tamil Nadu,Dharmapuri,Harur(Uzhavar Sandhai ),Green Avare(W),Other,Local,2026-07-21,5000,6000,5500.0
Tamil Nadu,Dharmapuri,Harur(Uzhavar Sandhai ),Lemon,Lemon,Local,2026-07-21,7000,8000,7500.0
Tamil Nadu,Dharmapuri,Harur(Uzhavar Sandhai ),Amla(Nelli Kai),Amla,Local,2026-07-21,5000,6000,5500.0
Tamil Nadu,Krishnagiri,Kaveripattinam(Uzhavar Sandhai ),Potato,Red Nanital,Local,2026-07-21,4000,4000,4000.0
Tamil Nadu,Krishnagiri,Kaveripattinam(Uzhavar Sandhai ),Ashgourd,Gouard,Local,2026-07-21,3500,3500,3500.0
Tamil Nadu,Krishnagiri,Kaveripattinam(Uzhavar Sandhai ),Amaranthus,Amaranthus,Local,2026-07-21,2000,2500,2250.0
Tamil Nadu,Krishnagiri,Kaveripattinam(Uzhavar Sandhai ),Green Chilli,Green Chilly,Local,2026-07-21,4000,4000,4000.0
Tamil Nadu,Krishnagiri,Kaveripattinam(Uzhavar Sandhai ),Banana - Green,Banana - Green,Local,2026-07-21,2500,3000,2750.0
Tamil Nadu,Krishnagiri,Kaveripattinam(Uzhavar Sandhai ),Ridgeguard(Tori),Ridgeguard(Tori),Local,2026-07-21,6000,6000,6000.0
Tamil Nadu,Krishnagiri,Kaveripattinam(Uzhavar Sandhai ),Green Avare(W),Green Avare (W),Local,2026-07-21,8000,8000,8000.0
Tamil Nadu,Krishnagiri,Kaveripattinam(Uzhavar Sandhai ),Mint(Pudina),Mint(Pudina),Local,2026-07-21,6000,6000,6000.0
Tamil Nadu,The Nilgiris,Coonoor(Uzhavar Sandhai ),Banana,Red Banana,Local,2026-07-21,7500,8000,7750.0
Tamil Nadu,The Nilgiris,Coonoor(Uzhavar Sandhai ),Bitter gourd,Other,Local,2026-07-21,6000,6600,6300.0
Tamil Nadu,The Nilgiris,Coonoor(Uzhavar Sandhai ),Cowpea(Veg),Cowpea (Veg),Local,2026-07-21,4000,4200,4100.0
Tamil Nadu,The Nilgiris,Coonoor(Uzhavar Sandhai ),Banana - Green,Banana - Green,Local,2026-07-21,4500,5000,4750.0
Tamil Nadu,The Nilgiris,Coonoor(Uzhavar Sandhai ),Tapioca,Tapioca,Local,2026-07-21,3500,4000,3750.0
Tamil Nadu,The Nilgiris,Coonoor(Uzhavar Sandhai ),Coconut,Coconut,Local,2026-07-21,5000,5400,5200.0
Tamil Nadu,The Nilgiris,Coonoor(Uzhavar Sandhai ),Cucumbar(Kheera),Cucumbar,Local,2026-07-21,4500,5000,4750.0
Tamil Nadu,The Nilgiris,Coonoor(Uzhavar Sandhai ),Thondekai,Thondekai,Local,2026-07-21,4500,5000,4750.0
Tamil Nadu,The Nilgiris,Coonoor(Uzhavar Sandhai ),Chow Chow,Chow Chow,Local,2026-07-21,2000,2500,2250.0
Tamil Nadu,The Nilgiris,Coonoor(Uzhavar Sandhai ),Drumstick,Drumstick,Local,2026-07-21,6000,6400,6200.0
Tamil Nadu,The Nilgiris,Coonoor(Uzhavar Sandhai ),Lime,Lime,Local,2026-07-21,13000,14000,13500.0
Tamil Nadu,The Nilgiris,Coonoor(Uzhavar Sandhai ),Elephant Yam(Suran)/Amorphophallus,Elephant Yam (Suran),Local,2026-07-21,3500,4000,3750.0
Tamil Nadu,The Nilgiris,Coonoor(Uzhavar Sandhai ),Turnip,Turnip,Local,2026-07-21,3000,3500,3250.0
Tamil Nadu,The Nilgiris,Coonoor(Uzhavar Sandhai ),Mint(Pudina),Mint(Pudina),Local,2026-07-21,5500,6000,5750.0
Tamil Nadu,The Nilgiris,Gudalur(Uzhavar Sandhai ),Brinjal,Round,Local,2026-07-21,5000,5500,5250.0
Tamil Nadu,The Nilgiris,Gudalur(Uzhavar Sandhai ),Tomato,Deshi,Local,2026-07-21,1800,2200,2000.0
Tamil Nadu,The Nilgiris,Gudalur(Uzhavar Sandhai ),Bitter gourd,Bitter Gourd,Local,2026-07-21,5500,5800,5650.0
Tamil Nadu,The Nilgiris,Gudalur(Uzhavar Sandhai ),Carrot,Pusakesar,Local,2026-07-21,4000,4500,4250.0
Uttarakhand,Dehradoon,Vikasnagar APMC,Tomato,Other,Medium,2026-07-21,800,1200,1200.0
Uttarakhand,Dehradoon,Vikasnagar APMC,Cauliflower,Other,Medium,2026-07-21,500,1500,1500.0
Uttarakhand,Dehradoon,Vikasnagar APMC,Bitter gourd,Other,Medium,2026-07-21,500,800,800.0
Uttarakhand,Dehradoon,Vikasnagar APMC,Pumpkin,Pumpkin,Medium,2026-07-21,500,500,500.0
Uttar Pradesh,Mau(Maunathbhanjan),Kopaganj APMC,Bhindi(Ladies Finger),Bhindi,FAQ,2026-07-21,1400,1480,1450.0
Uttar Pradesh,Mau(Maunathbhanjan),Kopaganj APMC,Bitter gourd,Bitter Gourd,FAQ,2026-07-21,1990,2100,2000.0
Haryana,Hissar,Hansi APMC,Cucumbar(Kheera),Other,FAQ,2026-07-21,2000,2500,2250.0
Haryana,Hissar,Hansi APMC,Bitter gourd,Other,FAQ,2026-07-21,1500,2000,1750.0
Haryana,Hissar,Hansi APMC,Onion,Other,FAQ,2026-07-21,2500,3000,2750.0
Haryana,Hissar,Hansi APMC,Pumpkin,Other,FAQ,2026-07-21,1000,1000,1000.0
Haryana,Hissar,Hansi APMC,Brinjal,Other,FAQ,2026-07-21,1200,1500,1350.0
Keralam,Idukki,Kattappana Market,Banana,Nendra Bale,Medium,2026-07-21,4500,5300,4800.0
Keralam,Idukki,Kattappana Market,Water Melon,Other,Medium,2026-07-21,1800,2300,2000.0
Keralam,Kollam,Anchal Market,Amaranthus,Amaranthus,Local,2026-07-21,4300,4300,4300.0
Keralam,Kollam,Anchal Market,Colacasia,Colacasia,Local,2026-07-21,5700,5700,5700.0
Keralam,Kollam,Anchal Market,Drumstick,Drumstick,Local,2026-07-21,7300,7300,7300.0
Keralam,Kollam,Anchal Market,Carrot,Carrot,Local,2026-07-21,5300,5300,5300.0
Keralam,Kollam,Anchal Market,Snakeguard,Snakeguard,Local,2026-07-21,4400,4400,4400.0
Keralam,Kollam,Anchal Market,Tomato,Tomato,Local,2026-07-21,4000,4000,4000.0
Tamil Nadu,Madurai,Chokkikulam(Uzhavar Sandhai ),Groundnut,Big (With Shell),Local,2026-07-21,6000,7000,6500.0
Tamil Nadu,Madurai,Chokkikulam(Uzhavar Sandhai ),Onion,Bellary,Local,2026-07-21,3000,4200,3600.0
Tamil Nadu,Madurai,Chokkikulam(Uzhavar Sandhai ),Garlic,Garlic,Local,2026-07-21,13000,14000,13500.0
Tamil Nadu,Madurai,Chokkikulam(Uzhavar Sandhai ),Cauliflower,Ranchi,Local,2026-07-21,3000,3500,3250.0
Tamil Nadu,Madurai,Chokkikulam(Uzhavar Sandhai ),Coriander(Leaves),I Sort,Local,2026-07-21,8500,9000,8750.0
Tamil Nadu,Madurai,Chokkikulam(Uzhavar Sandhai ),Green Peas,Green Peas,Local,2026-07-21,22000,24000,23000.0
Tamil Nadu,Madurai,Chokkikulam(Uzhavar Sandhai ),Chikoos(Sapota),Sapota,Local,2026-07-21,4000,6000,5000.0
Tamil Nadu,Madurai,Chokkikulam(Uzhavar Sandhai ),Bitter gourd,Bitter Gourd,Local,2026-07-21,6500,7500,7000.0
Tamil Nadu,Madurai,Chokkikulam(Uzhavar Sandhai ),Green Chilli,Green Chilly,Local,2026-07-21,3600,4000,3800.0
Tamil Nadu,Madurai,Chokkikulam(Uzhavar Sandhai ),Banana - Green,Banana - Green,Local,2026-07-21,2000,2400,2200.0
Tamil Nadu,Madurai,Chokkikulam(Uzhavar Sandhai ),Sweet Potato,Hosur Red,Local,2026-07-21,3600,4000,3800.0
Tamil Nadu,Madurai,Chokkikulam(Uzhavar Sandhai ),Cabbage,Cabbage,Local,2026-07-21,3600,4000,3800.0
Tamil Nadu,Madurai,Chokkikulam(Uzhavar Sandhai ),Beetroot,Beetroot,Local,2026-07-21,4000,5500,4750.0
Tamil Nadu,Madurai,Chokkikulam(Uzhavar Sandhai ),Raddish,Raddish,Local,2026-07-21,3000,3400,3200.0
Tamil Nadu,Madurai,Chokkikulam(Uzhavar Sandhai ),Thondekai,Thondekai,Local,2026-07-21,4500,6500,5500.0
Tamil Nadu,Madurai,Chokkikulam(Uzhavar Sandhai ),Chow Chow,Chow Chow,Local,2026-07-21,2400,3000,2700.0
Tamil Nadu,Madurai,Chokkikulam(Uzhavar Sandhai ),Drumstick,Drumstick,Local,2026-07-21,6000,8000,7000.0
Tamil Nadu,Madurai,Chokkikulam(Uzhavar Sandhai ),Colacasia,Colacasia,Local,2026-07-21,4000,5000,4500.0
Tamil Nadu,Madurai,Chokkikulam(Uzhavar Sandhai ),Mint(Pudina),Mint(Pudina),Local,2026-07-21,6000,6500,6250.0
Keralam,Alappuzha,Harippad Market,Banana - Green,Other,FAQ,2026-07-21,5000,5500,5000.0
Keralam,Alappuzha,Harippad Market,Bhindi(Ladies Finger),Other,FAQ,2026-07-21,4500,5000,4500.0
Keralam,Alappuzha,Harippad Market,Brinjal,Brinjal,FAQ,2026-07-21,6000,6500,6000.0
Keralam,Alappuzha,Harippad Market,Cabbage,Cabbage,FAQ,2026-07-21,4500,5000,4500.0
Tamil Nadu,Cuddalore,Viruthachalam(Uzhavar Sandhai ),Amaranthus,Amaranthus,Local,2026-07-21,2000,2500,2250.0
Tamil Nadu,Cuddalore,Viruthachalam(Uzhavar Sandhai ),Beans,Beans (Whole),Local,2026-07-21,7000,7000,7000.0
Tamil Nadu,Cuddalore,Viruthachalam(Uzhavar Sandhai ),Beetroot,Beetroot,Local,2026-07-21,6000,6000,6000.0
Tamil Nadu,Cuddalore,Viruthachalam(Uzhavar Sandhai ),Chow Chow,Chow Chow,Local,2026-07-21,4000,4000,4000.0
Tamil Nadu,Cuddalore,Viruthachalam(Uzhavar Sandhai ),Drumstick,Drumstick,Local,2026-07-21,6000,6000,6000.0
Tamil Nadu,Dharmapuri,Dharmapuri(Uzhavar Sandhai ),Banana,Besrai,Local,2026-07-21,4600,5000,4800.0
Tamil Nadu,Dharmapuri,Dharmapuri(Uzhavar Sandhai ),Cauliflower,Ranchi,Local,2026-07-21,3300,3500,3400.0
Tamil Nadu,Dharmapuri,Dharmapuri(Uzhavar Sandhai ),Brinjal,Round,Local,2026-07-21,2800,3000,2900.0
Tamil Nadu,Dharmapuri,Dharmapuri(Uzhavar Sandhai ),Papaya,Papaya,Local,2026-07-21,3300,3500,3400.0
Tamil Nadu,Dharmapuri,Dharmapuri(Uzhavar Sandhai ),Banana - Green,Banana - Green,Local,2026-07-21,2800,3000,2900.0
Tamil Nadu,Dharmapuri,Dharmapuri(Uzhavar Sandhai ),Beans,Beans (Whole),Local,2026-07-21,7200,7600,7400.0
Tamil Nadu,Dharmapuri,Dharmapuri(Uzhavar Sandhai ),Knool Khol,Knool Khol,Local,2026-07-21,5500,6000,5750.0
Tamil Nadu,Dharmapuri,Dharmapuri(Uzhavar Sandhai ),Lemon,Lemon,Local,2026-07-21,10000,10500,10250.0
Tamil Nadu,Dharmapuri,Dharmapuri(Uzhavar Sandhai ),Mint(Pudina),Mint(Pudina),Local,2026-07-21,7500,8000,7750.0
Tamil Nadu,Dharmapuri,Karimangalam(Uzhavar Sandhai),Coriander(Leaves),I Sort,Local,2026-07-21,7000,8000,7500.0
Tamil Nadu,Dharmapuri,Karimangalam(Uzhavar Sandhai),Cluster beans,Cluster Beans,Local,2026-07-21,3800,4000,3900.0
Tamil Nadu,Dharmapuri,Karimangalam(Uzhavar Sandhai),Coconut,Coconut,Local,2026-07-21,5500,6000,5750.0
Tamil Nadu,Dharmapuri,Karimangalam(Uzhavar Sandhai),Cucumbar(Kheera),Cucumbar,Local,2026-07-21,3800,4000,3900.0
Tamil Nadu,Dharmapuri,Karimangalam(Uzhavar Sandhai),Ridgeguard(Tori),Ridgeguard(Tori),Local,2026-07-21,4500,5000,4750.0
Tamil Nadu,Dharmapuri,Karimangalam(Uzhavar Sandhai),Onion Green,Onion Green,Local,2026-07-21,4500,5000,4750.0
Tamil Nadu,Dharmapuri,Palacode(Uzhavar Sandhai ),Potato,Other,Local,2026-07-21,2600,3000,2800.0
Tamil Nadu,Dharmapuri,Palacode(Uzhavar Sandhai ),Coriander(Leaves),I Sort,Local,2026-07-21,10000,10500,10250.0
Tamil Nadu,Dharmapuri,Palacode(Uzhavar Sandhai ),Ashgourd,Gouard,Local,2026-07-21,1800,2000,1900.0
Tamil Nadu,Dharmapuri,Palacode(Uzhavar Sandhai ),Pumpkin,Pumpkin,Local,2026-07-21,1600,1800,1700.0
Tamil Nadu,Dharmapuri,Palacode(Uzhavar Sandhai ),Cowpea(Veg),Cowpea (Veg),Local,2026-07-21,5000,5500,5250.0
Tamil Nadu,Dharmapuri,Palacode(Uzhavar Sandhai ),Banana - Green,Banana - Green,Local,2026-07-21,2500,3000,2750.0
Tamil Nadu,Dharmapuri,Palacode(Uzhavar Sandhai ),Beans,Beans (Whole),Local,2026-07-21,7200,7600,7400.0
Tamil Nadu,Dharmapuri,Palacode(Uzhavar Sandhai ),Ginger(Green),Green Ginger,Local,2026-07-21,23200,23600,23400.0
Tamil Nadu,Dharmapuri,Palacode(Uzhavar Sandhai ),Cabbage,Cabbage,Local,2026-07-21,3800,4000,3900.0
Tamil Nadu,Dharmapuri,Palacode(Uzhavar Sandhai ),Beetroot,Beetroot,Local,2026-07-21,4800,5000,4900.0
Tamil Nadu,Dharmapuri,Palacode(Uzhavar Sandhai ),Cucumbar(Kheera),Cucumbar,Local,2026-07-21,4200,4600,4400.0
Tamil Nadu,Dharmapuri,Palacode(Uzhavar Sandhai ),Raddish,Raddish,Local,2026-07-21,2200,2500,2350.0
Tamil Nadu,Dharmapuri,Palacode(Uzhavar Sandhai ),Guava,Guava Allahabad,Local,2026-07-21,5600,6000,5800.0
Tamil Nadu,Dharmapuri,Palacode(Uzhavar Sandhai ),Onion Green,Onion Green,Local,2026-07-21,4000,4400,4200.0
Tamil Nadu,Dharmapuri,Palacode(Uzhavar Sandhai ),Mint(Pudina),Mint(Pudina),Local,2026-07-21,6000,6500,6250.0
Tamil Nadu,Dharmapuri,Pennagaram(Uzhavar Sandhai ),Mango,Safeda,Local,2026-07-21,3600,4000,3800.0
Tamil Nadu,Dharmapuri,Pennagaram(Uzhavar Sandhai ),Cluster beans,Cluster Beans,Local,2026-07-21,3700,4000,3850.0
Tamil Nadu,Dharmapuri,Pennagaram(Uzhavar Sandhai ),Pumpkin,Pumpkin,Local,2026-07-21,1800,2000,1900.0
Tamil Nadu,Dharmapuri,Pennagaram(Uzhavar Sandhai ),Beans,Beans (Whole),Local,2026-07-21,7500,8000,7750.0
Tamil Nadu,Dharmapuri,Pennagaram(Uzhavar Sandhai ),Cabbage,Cabbage,Local,2026-07-21,4600,5000,4800.0
Tamil Nadu,Dharmapuri,Pennagaram(Uzhavar Sandhai ),Ridgeguard(Tori),Ridgeguard(Tori),Local,2026-07-21,4200,4500,4350.0
Tamil Nadu,Dharmapuri,Pennagaram(Uzhavar Sandhai ),Lemon,Lemon,Local,2026-07-21,7500,8000,7750.0
Tamil Nadu,Erode,Periyar Nagar(Uzhavar Sandhai ),Banana,Besrai,Local,2026-07-21,2000,2600,2300.0
Tamil Nadu,Erode,Periyar Nagar(Uzhavar Sandhai ),Brinjal,Other,Local,2026-07-21,4000,4500,4250.0
Tamil Nadu,Erode,Periyar Nagar(Uzhavar Sandhai ),Cluster beans,Cluster Beans,Local,2026-07-21,3200,3600,3400.0
Tamil Nadu,Erode,Periyar Nagar(Uzhavar Sandhai ),Snakeguard,Snakeguard,Local,2026-07-21,3800,4200,4000.0
Tamil Nadu,Erode,Perundurai(Uzhavar Sandhai ),Onion,Bellary,Local,2026-07-21,3500,3800,3650.0
Tamil Nadu,Erode,Perundurai(Uzhavar Sandhai ),Potato,Other,Local,2026-07-21,3200,3500,3350.0
Tamil Nadu,Erode,Perundurai(Uzhavar Sandhai ),Raddish,Raddish,Local,2026-07-21,3000,3500,3250.0
Tamil Nadu,Erode,Perundurai(Uzhavar Sandhai ),Chow Chow,Chow Chow,Local,2026-07-21,2000,2400,2200.0
Tamil Nadu,Erode,Perundurai(Uzhavar Sandhai ),Drumstick,Drumstick,Local,2026-07-21,6000,6500,6250.0
Tamil Nadu,Erode,Perundurai(Uzhavar Sandhai ),Mango(Raw-Ripe),Mango - Raw-Ripe,Local,2026-07-21,2200,2500,2350.0
Tamil Nadu,Erode,Perundurai(Uzhavar Sandhai ),Onion Green,Onion Green,Local,2026-07-21,5500,6000,5750.0
Tamil Nadu,Erode,Thalavadi(Uzhavar Sandhai ),Banana,Red Banana,Local,2026-07-21,5500,6000,5750.0
Tamil Nadu,Erode,Thalavadi(Uzhavar Sandhai ),Brinjal,Round,Local,2026-07-21,3000,3500,3250.0
Tamil Nadu,Erode,Thalavadi(Uzhavar Sandhai ),Coriander(Leaves),I Sort,Local,2026-07-21,4400,4800,4600.0
Tamil Nadu,Erode,Thalavadi(Uzhavar Sandhai ),Bottle gourd,Bottle Gourd,Local,2026-07-21,1400,1800,1600.0
Tamil Nadu,Erode,Thalavadi(Uzhavar Sandhai ),Chow Chow,Chow Chow,Local,2026-07-21,2400,2800,2600.0
Tamil Nadu,Erode,Thalavadi(Uzhavar Sandhai ),Guava,Guava Allahabad,Local,2026-07-21,5000,5500,5250.0
Tamil Nadu,Kallakuruchi,Sankarapuram(Uzhavar Sandhai ),Onion,Bellary,Local,2026-07-21,4000,4000,4000.0
Tamil Nadu,Kallakuruchi,Sankarapuram(Uzhavar Sandhai ),Coriander(Leaves),I Sort,Local,2026-07-21,6000,6000,6000.0
Tamil Nadu,Kallakuruchi,Sankarapuram(Uzhavar Sandhai ),Papaya,Papaya,Local,2026-07-21,3000,3000,3000.0
Tamil Nadu,Kallakuruchi,Sankarapuram(Uzhavar Sandhai ),Banana - Green,Banana - Green,Local,2026-07-21,3000,3000,3000.0
Tamil Nadu,Kallakuruchi,Sankarapuram(Uzhavar Sandhai ),Beans,Beans (Whole),Local,2026-07-21,8000,8000,8000.0
Tamil Nadu,Kallakuruchi,Sankarapuram(Uzhavar Sandhai ),Tapioca,Tapioca,Local,2026-07-21,3000,3000,3000.0
Tamil Nadu,Kallakuruchi,Sankarapuram(Uzhavar Sandhai ),Ginger(Green),Green Ginger,Local,2026-07-21,24000,24000,24000.0
Tamil Nadu,Kallakuruchi,Sankarapuram(Uzhavar Sandhai ),Beetroot,Beetroot,Local,2026-07-21,6000,6000,6000.0
Tamil Nadu,Kallakuruchi,Sankarapuram(Uzhavar Sandhai ),Mango(Raw-Ripe),Mango - Raw-Ripe,Local,2026-07-21,2000,2000,2000.0
Tamil Nadu,Kallakuruchi,Sankarapuram(Uzhavar Sandhai ),Lemon,Lemon,Local,2026-07-21,7000,7000,7000.0
Tamil Nadu,Kallakuruchi,Sankarapuram(Uzhavar Sandhai ),Onion Green,Onion Green,Local,2026-07-21,5000,5000,5000.0
Tamil Nadu,Kallakuruchi,Sankarapuram(Uzhavar Sandhai ),Baby Corn,Baby Corn,Grade A,2026-07-21,3000,3000,3000.0
Tamil Nadu,Kancheepuram,Kancheepuram(Uzhavar Sandhai ),Groundnut,Big (With Shell),Local,2026-07-21,6500,7000,6750.0
Tamil Nadu,Kancheepuram,Kancheepuram(Uzhavar Sandhai ),Banana,Red Banana,Local,2026-07-21,6000,6500,6250.0
Tamil Nadu,Kancheepuram,Kancheepuram(Uzhavar Sandhai ),Garlic,Garlic,Local,2026-07-21,18000,24000,21000.0
Tamil Nadu,Kancheepuram,Kancheepuram(Uzhavar Sandhai ),Bottle gourd,Bottle Gourd,Local,2026-07-21,2500,3500,3000.0
Tamil Nadu,Kancheepuram,Kancheepuram(Uzhavar Sandhai ),Banana - Green,Banana - Green,Local,2026-07-21,3500,4000,3750.0
Tamil Nadu,Kancheepuram,Kancheepuram(Uzhavar Sandhai ),Sweet Potato,Hosur Red,Local,2026-07-21,3000,3500,3250.0
Tamil Nadu,Kancheepuram,Kancheepuram(Uzhavar Sandhai ),Tender Coconut,Tender Coconut,Local,2026-07-21,2200,2800,2500.0
Tamil Nadu,Kancheepuram,Kancheepuram(Uzhavar Sandhai ),Sweet Corn ,Sweet Corn ,Local,2026-07-21,3000,3500,3250.0
Tamil Nadu,Kancheepuram,Kundrathur(Uzhavar Sandhai ),Cluster beans,Cluster Beans,Local,2026-07-21,4500,4500,4500.0
Tamil Nadu,Kancheepuram,Kundrathur(Uzhavar Sandhai ),Banana - Green,Banana - Green,Local,2026-07-21,3000,3000,3000.0
Tamil Nadu,Kancheepuram,Kundrathur(Uzhavar Sandhai ),Snakeguard,Snakeguard,Local,2026-07-21,4000,4000,4000.0
Tamil Nadu,Kancheepuram,Kundrathur(Uzhavar Sandhai ),Capsicum,Capsicum,Local,2026-07-21,5000,5000,5000.0
Tamil Nadu,Kancheepuram,Padappai(Uzhavar Sandhai ),Onion,Bellary,Local,2026-07-21,3200,4000,3600.0
Tamil Nadu,Kancheepuram,Padappai(Uzhavar Sandhai ),Banana - Green,Banana - Green,Local,2026-07-21,3000,3500,3250.0
Tamil Nadu,Kancheepuram,Padappai(Uzhavar Sandhai ),Raddish,Raddish,Local,2026-07-21,4000,5000,4500.0
Tamil Nadu,Kancheepuram,Padappai(Uzhavar Sandhai ),Lemon,Lemon,Local,2026-07-21,6000,7000,6500.0
Tamil Nadu,Kancheepuram,Padappai(Uzhavar Sandhai ),Mint(Pudina),Mint(Pudina),Local,2026-07-21,3500,4500,4000.0
Tamil Nadu,Kancheepuram,Sunguvarchatram(Uzhavar Sandhai ),Ashgourd,Gouard,Local,2026-07-21,2000,2000,2000.0
Tamil Nadu,Kancheepuram,Sunguvarchatram(Uzhavar Sandhai ),Coconut,Coconut,Local,2026-07-21,5000,6000,5500.0
Tamil Nadu,Kancheepuram,Sunguvarchatram(Uzhavar Sandhai ),Mango(Raw-Ripe),Mango - Raw-Ripe,Local,2026-07-21,2000,2000,2000.0
Tamil Nadu,Krishnagiri,Avallapalli(Uzhavar Sandhai ),Green Peas,Green Peas,Local,2026-07-21,12000,14000,13000.0
Tamil Nadu,Krishnagiri,Avallapalli(Uzhavar Sandhai ),Cluster beans,Cluster Beans,Local,2026-07-21,4500,5000,4750.0
Tamil Nadu,Krishnagiri,Avallapalli(Uzhavar Sandhai ),Green Chilli,Green Chilly,Local,2026-07-21,5000,6000,5500.0
Tamil Nadu,Krishnagiri,Avallapalli(Uzhavar Sandhai ),Cowpea(Veg),Cowpea (Veg),Local,2026-07-21,5000,6000,5500.0
Tamil Nadu,Krishnagiri,Avallapalli(Uzhavar Sandhai ),Ginger(Green),Green Ginger,Local,2026-07-21,16000,18000,17000.0
Tamil Nadu,Krishnagiri,Avallapalli(Uzhavar Sandhai ),Cucumbar(Kheera),Cucumbar,Local,2026-07-21,4000,4500,4250.0
Tamil Nadu,Krishnagiri,Avallapalli(Uzhavar Sandhai ),Raddish,Raddish,Local,2026-07-21,3500,4000,3750.0
Tamil Nadu,Krishnagiri,Avallapalli(Uzhavar Sandhai ),Chow Chow,Chow Chow,Local,2026-07-21,3000,3500,3250.0
Tamil Nadu,Krishnagiri,Hosur(Uzhavar Sandhai ),Garlic,Garlic,Local,2026-07-21,22000,24000,23000.0
Tamil Nadu,Krishnagiri,Hosur(Uzhavar Sandhai ),Chikoos(Sapota),Sapota,Local,2026-07-21,7000,8000,7500.0
Tamil Nadu,Krishnagiri,Hosur(Uzhavar Sandhai ),Water Melon,Water Melon,Local,2026-07-21,3000,3500,3250.0
Tamil Nadu,Krishnagiri,Hosur(Uzhavar Sandhai ),Bhindi(Ladies Finger),Bhindi,Local,2026-07-21,3500,4000,3750.0
Tamil Nadu,Krishnagiri,Hosur(Uzhavar Sandhai ),Banana - Green,Banana - Green,Local,2026-07-21,4000,5000,4500.0
Tamil Nadu,Krishnagiri,Hosur(Uzhavar Sandhai ),Beans,Beans (Whole),Local,2026-07-21,5000,6000,5500.0
Tamil Nadu,Krishnagiri,Hosur(Uzhavar Sandhai ),Coconut,Coconut,Local,2026-07-21,5000,5500,5250.0
Tamil Nadu,Krishnagiri,Hosur(Uzhavar Sandhai ),Cucumbar(Kheera),Cucumbar,Local,2026-07-21,3500,4000,3750.0
Tamil Nadu,Krishnagiri,Hosur(Uzhavar Sandhai ),Mango(Raw-Ripe),Mango - Raw-Ripe,Local,2026-07-21,2500,3000,2750.0
Tamil Nadu,Krishnagiri,Hosur(Uzhavar Sandhai ),Karbuja(Musk Melon),Karbhuja,Local,2026-07-21,3000,3500,3250.0
Tamil Nadu,Krishnagiri,Hosur(Uzhavar Sandhai ),Indian Beans(Seam),Indian Beans (Seam),Local,2026-07-21,5000,6000,5500.0
Tamil Nadu,Krishnagiri,Hosur(Uzhavar Sandhai ),Mint(Pudina),Mint(Pudina),Local,2026-07-21,3500,4000,3750.0
Tamil Nadu,Krishnagiri,Krishnagiri(Uzhavar Sandhai ),Garlic,Garlic,Local,2026-07-21,21000,22000,21500.0
Tamil Nadu,Krishnagiri,Krishnagiri(Uzhavar Sandhai ),Cauliflower,Ranchi,Local,2026-07-21,3000,4000,3500.0
Tamil Nadu,Krishnagiri,Krishnagiri(Uzhavar Sandhai ),Coconut,Coconut,Local,2026-07-21,4000,5000,4500.0
Tamil Nadu,Krishnagiri,Krishnagiri(Uzhavar Sandhai ),Ridgeguard(Tori),Ridgeguard(Tori),Local,2026-07-21,2500,3000,2750.0
Tamil Nadu,Krishnagiri,Krishnagiri(Uzhavar Sandhai ),Raddish,Raddish,Local,2026-07-21,2500,3000,2750.0
Tamil Nadu,Krishnagiri,Krishnagiri(Uzhavar Sandhai ),Knool Khol,Knool Khol,Local,2026-07-21,4000,5000,4500.0
Tamil Nadu,Krishnagiri,Krishnagiri(Uzhavar Sandhai ),Guava,Guava Allahabad,Local,2026-07-21,5000,6000,5500.0
Tamil Nadu,Krishnagiri,Krishnagiri(Uzhavar Sandhai ),Tender Coconut,Tender Coconut,Local,2026-07-21,3000,4000,3500.0
Tamil Nadu,Madurai,Anaiyur(Uzhavar Sandhai ),Bottle gourd,Bottle Gourd,Local,2026-07-21,3400,3600,3500.0
Tamil Nadu,Madurai,Anaiyur(Uzhavar Sandhai ),Green Chilli,Green Chilly,Local,2026-07-21,3500,4000,3750.0
Tamil Nadu,Madurai,Anaiyur(Uzhavar Sandhai ),Banana - Green,Banana - Green,Local,2026-07-21,2000,2200,2100.0
Tamil Nadu,Madurai,Anaiyur(Uzhavar Sandhai ),Green Avare(W),Green Avare (W),Local,2026-07-21,7000,9000,8000.0
Tamil Nadu,Madurai,Usilampatti(Uzhavar Sandhai ),Onion,Bellary,Local,2026-07-21,4000,4200,4100.0
Tamil Nadu,Madurai,Usilampatti(Uzhavar Sandhai ),Green Chilli,Green Chilly,Local,2026-07-21,3500,4000,3750.0
Tamil Nadu,Madurai,Usilampatti(Uzhavar Sandhai ),Onion Green,Onion Green,Local,2026-07-21,5500,6500,6000.0
Tamil Nadu,Nagapattinam,Nagapattinam(Uzhavar Sandhai ),Banana,Karpura,Local,2026-07-21,6500,7000,6750.0
Tamil Nadu,Nagapattinam,Nagapattinam(Uzhavar Sandhai ),Onion,Bellary,Local,2026-07-21,3100,3500,3300.0
Tamil Nadu,Nagapattinam,Nagapattinam(Uzhavar Sandhai ),Potato,Red Nanital,Local,2026-07-21,3300,3800,3550.0
Tamil Nadu,Nagapattinam,Nagapattinam(Uzhavar Sandhai ),Garlic,Garlic,Local,2026-07-21,18300,18300,18300.0
Tamil Nadu,Nagapattinam,Nagapattinam(Uzhavar Sandhai ),Cluster beans,Cluster Beans,Local,2026-07-21,4000,4500,4250.0
Tamil Nadu,Nagapattinam,Nagapattinam(Uzhavar Sandhai ),Bottle gourd,Bottle Gourd,Local,2026-07-21,3200,3200,3200.0
Tamil Nadu,Nagapattinam,Nagapattinam(Uzhavar Sandhai ),Green Chilli,Green Chilly,Local,2026-07-21,3800,4500,4150.0
Tamil Nadu,Nagapattinam,Nagapattinam(Uzhavar Sandhai ),Banana - Green,Banana - Green,Local,2026-07-21,2800,3300,3050.0
Tamil Nadu,Nagapattinam,Nagapattinam(Uzhavar Sandhai ),Ginger(Green),Green Ginger,Local,2026-07-21,16200,16200,16200.0
Tamil Nadu,Nagapattinam,Nagapattinam(Uzhavar Sandhai ),Carrot,Pusakesar,Local,2026-07-21,6900,7500,7200.0
Tamil Nadu,Nagapattinam,Nagapattinam(Uzhavar Sandhai ),Raddish,Raddish,Local,2026-07-21,3800,4300,4050.0
Tamil Nadu,Nagapattinam,Nagapattinam(Uzhavar Sandhai ),Chow Chow,Chow Chow,Local,2026-07-21,2800,2800,2800.0
Tamil Nadu,Nagapattinam,Sirkali(Uzhavar Sandhai ),Brinjal,Round,Local,2026-07-21,5000,5500,5250.0
Tamil Nadu,Nagapattinam,Sirkali(Uzhavar Sandhai ),Coriander(Leaves),I Sort,Local,2026-07-21,3500,4000,3750.0
Tamil Nadu,Nagapattinam,Sirkali(Uzhavar Sandhai ),Tomato,Deshi,Local,2026-07-21,2000,2500,2250.0
Tamil Nadu,Nagapattinam,Sirkali(Uzhavar Sandhai ),Bottle gourd,Bottle Gourd,Local,2026-07-21,2500,3000,2750.0
Tamil Nadu,Nagapattinam,Sirkali(Uzhavar Sandhai ),Ashgourd,Gouard,Local,2026-07-21,2500,3000,2750.0
Tamil Nadu,Nagapattinam,Sirkali(Uzhavar Sandhai ),Amaranthus,Amaranthus,Local,2026-07-21,1500,2000,1750.0
Tamil Nadu,Nagapattinam,Sirkali(Uzhavar Sandhai ),Cabbage,Cabbage,Local,2026-07-21,3500,4000,3750.0
Tamil Nadu,Nagapattinam,Sirkali(Uzhavar Sandhai ),Guava,Guava Allahabad,Local,2026-07-21,4000,5000,4500.0
Tamil Nadu,Nagapattinam,Vedaranyam(Uzhavar Sandhai),Bottle gourd,Bottle Gourd,Local,2026-07-21,2800,3000,2900.0
Tamil Nadu,Nagapattinam,Vedaranyam(Uzhavar Sandhai),Coconut,Coconut,Local,2026-07-21,4500,5000,4750.0
Tamil Nadu,Nagapattinam,Vedaranyam(Uzhavar Sandhai),Cabbage,Cabbage,Local,2026-07-21,3400,3600,3500.0
Tamil Nadu,Nagapattinam,Vedaranyam(Uzhavar Sandhai),Snakeguard,Snakeguard,Local,2026-07-21,3000,3200,3100.0
Tamil Nadu,Namakkal,Kumarapalayam(Uzhavar Sandhai ),Cauliflower,Ranchi,Local,2026-07-21,3000,3500,3250.0
Tamil Nadu,Namakkal,Kumarapalayam(Uzhavar Sandhai ),Tomato,Deshi,Local,2026-07-21,2000,2400,2200.0
Tamil Nadu,Namakkal,Kumarapalayam(Uzhavar Sandhai ),Bitter gourd,Bitter Gourd,Local,2026-07-21,6000,6500,6250.0
Tamil Nadu,Namakkal,Kumarapalayam(Uzhavar Sandhai ),Pumpkin,Pumpkin,Local,2026-07-21,2400,2800,2600.0
Tamil Nadu,Namakkal,Kumarapalayam(Uzhavar Sandhai ),Bhindi(Ladies Finger),Bhindi,Local,2026-07-21,3500,4000,3750.0
Tamil Nadu,Namakkal,Kumarapalayam(Uzhavar Sandhai ),Amaranthus,Amaranthus,Local,2026-07-21,3000,3500,3250.0
Tamil Nadu,Namakkal,Kumarapalayam(Uzhavar Sandhai ),Carrot,Pusakesar,Local,2026-07-21,7500,8000,7750.0
Tamil Nadu,Namakkal,Kumarapalayam(Uzhavar Sandhai ),Beetroot,Beetroot,Local,2026-07-21,6500,7000,6750.0
Tamil Nadu,Namakkal,Kumarapalayam(Uzhavar Sandhai ),Onion Green,Onion Green,Local,2026-07-21,4500,5000,4750.0
Tamil Nadu,Namakkal,Mohanur(Uzhavar Sandhai ),Banana,Red Banana,Local,2026-07-21,6000,6600,6300.0
Tamil Nadu,Namakkal,Mohanur(Uzhavar Sandhai ),Onion,Bellary,Local,2026-07-21,3500,4500,4000.0
Tamil Nadu,Namakkal,Mohanur(Uzhavar Sandhai ),Coriander(Leaves),I Sort,Local,2026-07-21,7000,8000,7500.0
Tamil Nadu,Namakkal,Mohanur(Uzhavar Sandhai ),Beetroot,Beetroot,Local,2026-07-21,5000,6000,5500.0
Tamil Nadu,Namakkal,Mohanur(Uzhavar Sandhai ),Chow Chow,Chow Chow,Local,2026-07-21,3500,4000,3750.0
Tamil Nadu,Namakkal,Mohanur(Uzhavar Sandhai ),Mango(Raw-Ripe),Mango - Raw-Ripe,Local,2026-07-21,2500,3000,2750.0
Tamil Nadu,Namakkal,Mohanur(Uzhavar Sandhai ),Lemon,Lemon,Local,2026-07-21,4400,4800,4600.0
Tamil Nadu,Namakkal,Namakkal(Uzhavar Sandhai ),Cauliflower,Ranchi,Local,2026-07-21,2000,3500,2750.0
Tamil Nadu,Namakkal,Namakkal(Uzhavar Sandhai ),Green Peas,Green Peas,Local,2026-07-21,19000,19500,19250.0
Tamil Nadu,Namakkal,Namakkal(Uzhavar Sandhai ),Chikoos(Sapota),Sapota,Local,2026-07-21,4000,4500,4250.0
Tamil Nadu,Namakkal,Namakkal(Uzhavar Sandhai ),Papaya,Papaya,Local,2026-07-21,2500,3000,2750.0
Tamil Nadu,Namakkal,Namakkal(Uzhavar Sandhai ),Ashgourd,Gouard,Local,2026-07-21,2000,2600,2300.0
Tamil Nadu,Namakkal,Namakkal(Uzhavar Sandhai ),Bhindi(Ladies Finger),Bhindi,Local,2026-07-21,3500,4200,3850.0
Tamil Nadu,Namakkal,Namakkal(Uzhavar Sandhai ),Beans,Beans (Whole),Local,2026-07-21,6000,6500,6250.0
Tamil Nadu,Namakkal,Namakkal(Uzhavar Sandhai ),Tapioca,Tapioca,Local,2026-07-21,2500,3000,2750.0
Tamil Nadu,Namakkal,Namakkal(Uzhavar Sandhai ),Betal Leaves,Mysore,Local,2026-07-21,12000,13000,12500.0
Tamil Nadu,Namakkal,Namakkal(Uzhavar Sandhai ),Cabbage,Cabbage,Local,2026-07-21,3000,3500,3250.0
Tamil Nadu,Namakkal,Namakkal(Uzhavar Sandhai ),Snakeguard,Snakeguard,Local,2026-07-21,5000,6000,5500.0
Tamil Nadu,Namakkal,Namakkal(Uzhavar Sandhai ),Ridgeguard(Tori),Ridgeguard(Tori),Local,2026-07-21,5000,6000,5500.0
Tamil Nadu,Namakkal,Namakkal(Uzhavar Sandhai ),Green Avare(W),Other,Local,2026-07-21,8000,10000,9000.0
Tamil Nadu,Namakkal,Namakkal(Uzhavar Sandhai ),Jack Fruit(Ripe),Jack Fruit,Local,2026-07-21,2000,2500,2250.0
Tamil Nadu,Namakkal,Paramathivelur(Uzhavar Sandhai ),Onion,Bellary,Local,2026-07-21,3500,4000,3750.0
Tamil Nadu,Namakkal,Paramathivelur(Uzhavar Sandhai ),Banana - Green,Banana - Green,Local,2026-07-21,2200,2800,2500.0
Tamil Nadu,Namakkal,Paramathivelur(Uzhavar Sandhai ),Beans,Beans (Whole),Local,2026-07-21,10000,11000,10500.0
Tamil Nadu,Namakkal,Paramathivelur(Uzhavar Sandhai ),Ginger(Green),Green Ginger,Local,2026-07-21,20000,21000,20500.0
Tamil Nadu,Namakkal,Paramathivelur(Uzhavar Sandhai ),Snakeguard,Snakeguard,Local,2026-07-21,6000,7000,6500.0
Tamil Nadu,Namakkal,Paramathivelur(Uzhavar Sandhai ),Beetroot,Beetroot,Local,2026-07-21,8000,10000,9000.0
Tamil Nadu,Namakkal,Paramathivelur(Uzhavar Sandhai ),Ridgeguard(Tori),Ridgeguard(Tori),Local,2026-07-21,6000,7000,6500.0
Tamil Nadu,Namakkal,Paramathivelur(Uzhavar Sandhai ),Raddish,Raddish,Local,2026-07-21,3500,4000,3750.0
Tamil Nadu,Namakkal,Paramathivelur(Uzhavar Sandhai ),Guava,Guava Allahabad,Local,2026-07-21,6000,7000,6500.0
Tamil Nadu,Namakkal,Paramathivelur(Uzhavar Sandhai ),Tender Coconut,Tender Coconut,Local,2026-07-21,3000,3500,3250.0
Tamil Nadu,Namakkal,Paramathivelur(Uzhavar Sandhai ),Onion Green,Onion Green,Local,2026-07-21,5000,5500,5250.0
Tamil Nadu,Namakkal,Rasipuram(Uzhavar Sandhai ),Banana,Red Banana,Local,2026-07-21,5500,6000,5750.0
Tamil Nadu,Namakkal,Rasipuram(Uzhavar Sandhai ),Chikoos(Sapota),Sapota,Local,2026-07-21,3500,4000,3750.0
Tamil Nadu,Namakkal,Rasipuram(Uzhavar Sandhai ),Bottle gourd,Bottle Gourd,Local,2026-07-21,2000,2200,2100.0
Tamil Nadu,Namakkal,Rasipuram(Uzhavar Sandhai ),Pumpkin,Pumpkin,Local,2026-07-21,2600,3000,2800.0
Tamil Nadu,Namakkal,Rasipuram(Uzhavar Sandhai ),Green Chilli,Green Chilly,Local,2026-07-21,6200,6800,6500.0
Tamil Nadu,Namakkal,Rasipuram(Uzhavar Sandhai ),Banana - Green,Banana - Green,Local,2026-07-21,3500,4000,3750.0
Tamil Nadu,Namakkal,Rasipuram(Uzhavar Sandhai ),Beans,Beans (Whole),Local,2026-07-21,7000,8000,7500.0
Tamil Nadu,Namakkal,Rasipuram(Uzhavar Sandhai ),Beetroot,Beetroot,Local,2026-07-21,6000,7000,6500.0
Tamil Nadu,Namakkal,Rasipuram(Uzhavar Sandhai ),Ridgeguard(Tori),Ridgeguard(Tori),Local,2026-07-21,6500,7000,6750.0
Tamil Nadu,Namakkal,Rasipuram(Uzhavar Sandhai ),Raddish,Raddish,Local,2026-07-21,3000,3500,3250.0
Tamil Nadu,Namakkal,Rasipuram(Uzhavar Sandhai ),Marigold(Calcutta),Marigold(Calcutta),Local,2026-07-21,26000,28000,27000.0
Tamil Nadu,Namakkal,Rasipuram(Uzhavar Sandhai ),Elephant Yam(Suran)/Amorphophallus,Elephant Yam (Suran),Local,2026-07-21,3500,4000,3750.0
Tamil Nadu,Madurai,Palanganatham(Uzhavar Sandhai ),Apple,American,Local,2026-07-21,18000,26000,22000.0
Tamil Nadu,Madurai,Palanganatham(Uzhavar Sandhai ),Cluster beans,Cluster Beans,Local,2026-07-21,3500,4200,3850.0
Tamil Nadu,Madurai,Palanganatham(Uzhavar Sandhai ),Cabbage,Cabbage,Local,2026-07-21,3600,4000,3800.0
Tamil Nadu,Madurai,Palanganatham(Uzhavar Sandhai ),Snakeguard,Snakeguard,Local,2026-07-21,3600,4200,3900.0
Tamil Nadu,Madurai,Palanganatham(Uzhavar Sandhai ),Raddish,Raddish,Local,2026-07-21,3000,3400,3200.0
Tamil Nadu,Madurai,Palanganatham(Uzhavar Sandhai ),Capsicum,Capsicum,Local,2026-07-21,8000,10000,9000.0
Tamil Nadu,Madurai,Palanganatham(Uzhavar Sandhai ),Mango(Raw-Ripe),Mango - Raw-Ripe,Local,2026-07-21,2000,3000,2500.0
Tamil Nadu,Madurai,Palanganatham(Uzhavar Sandhai ),Lime,Lime,Local,2026-07-21,14000,16000,15000.0
Tamil Nadu,Madurai,Palanganatham(Uzhavar Sandhai ),Elephant Yam(Suran)/Amorphophallus,Elephant Yam (Suran),Local,2026-07-21,4500,5500,5000.0
Tamil Nadu,Madurai,Anna nagar(Uzhavar Sandhai ),Pineapple,Pine Apple,Local,2026-07-21,7000,7000,7000.0
Tamil Nadu,Madurai,Anna nagar(Uzhavar Sandhai ),Garlic,Garlic,Local,2026-07-21,14000,14000,14000.0
Tamil Nadu,Madurai,Anna nagar(Uzhavar Sandhai ),Cauliflower,Ranchi,Local,2026-07-21,4000,4500,4250.0
Tamil Nadu,Madurai,Anna nagar(Uzhavar Sandhai ),Papaya,Papaya,Local,2026-07-21,4000,4000,4000.0
Tamil Nadu,Madurai,Anna nagar(Uzhavar Sandhai ),Cowpea(Veg),Cowpea (Veg),Local,2026-07-21,5000,5600,5300.0
Tamil Nadu,Madurai,Anna nagar(Uzhavar Sandhai ),Beans,Beans (Whole),Local,2026-07-21,6400,7000,6700.0
Tamil Nadu,Madurai,Anna nagar(Uzhavar Sandhai ),Carrot,Pusakesar,Local,2026-07-21,9000,9000,9000.0
Tamil Nadu,Madurai,Anna nagar(Uzhavar Sandhai ),Cabbage,Cabbage,Local,2026-07-21,4600,4600,4600.0
Tamil Nadu,Madurai,Anna nagar(Uzhavar Sandhai ),Raddish,Raddish,Local,2026-07-21,3600,4000,3800.0
Tamil Nadu,Madurai,Anna nagar(Uzhavar Sandhai ),Chow Chow,Chow Chow,Local,2026-07-21,3600,3600,3600.0
Tamil Nadu,Madurai,Anna nagar(Uzhavar Sandhai ),Mango(Raw-Ripe),Mango - Raw-Ripe,Local,2026-07-21,3600,4000,3800.0
Tamil Nadu,Madurai,Anna nagar(Uzhavar Sandhai ),Tamarind Fruit,Tamarind Fruit,Local,2026-07-21,14000,14000,14000.0
Tamil Nadu,Madurai,Anna nagar(Uzhavar Sandhai ),Mashrooms,Mashrooms,Local,2026-07-21,22000,22000,22000.0
Tamil Nadu,Madurai,Anna nagar(Uzhavar Sandhai ),Turnip,Turnip,Local,2026-07-21,8000,9000,8500.0
Tamil Nadu,Madurai,Anna nagar(Uzhavar Sandhai ),Amla(Nelli Kai),Amla,Local,2026-07-21,6000,6500,6250.0
Tamil Nadu,Perambalur,Perambalur(Uzhavar Sandhai ),Potato,Other,Local,2026-07-21,2800,3000,2900.0
Tamil Nadu,Perambalur,Perambalur(Uzhavar Sandhai ),Coriander(Leaves),I Sort,Local,2026-07-21,5500,5500,5500.0
Tamil Nadu,Perambalur,Perambalur(Uzhavar Sandhai ),Mousambi(Sweet Lime),Mousambi,Local,2026-07-21,9000,10000,9500.0
Tamil Nadu,Perambalur,Perambalur(Uzhavar Sandhai ),Bitter gourd,Bitter Gourd,Local,2026-07-21,6000,6400,6200.0
Tamil Nadu,Perambalur,Perambalur(Uzhavar Sandhai ),Pumpkin,Pumpkin,Local,2026-07-21,2000,2400,2200.0
Tamil Nadu,Perambalur,Perambalur(Uzhavar Sandhai ),Beetroot,Beetroot,Local,2026-07-21,6000,6000,6000.0
Tamil Nadu,Perambalur,Perambalur(Uzhavar Sandhai ),Ridgeguard(Tori),Ridgeguard(Tori),Local,2026-07-21,5600,6000,5800.0
Tamil Nadu,Perambalur,Perambalur(Uzhavar Sandhai ),Thondekai,Thondekai,Local,2026-07-21,5800,5800,5800.0
Tamil Nadu,Perambalur,Perambalur(Uzhavar Sandhai ),Green Avare(W),Green Avare (W),Local,2026-07-21,6800,8400,7600.0
Tamil Nadu,Perambalur,Perambalur(Uzhavar Sandhai ),Pomegranate,Pomogranate,Local,2026-07-21,22000,24000,23000.0
Tamil Nadu,Perambalur,Perambalur(Uzhavar Sandhai ),Mashrooms,Mashrooms,Local,2026-07-21,18000,20000,19000.0
Tamil Nadu,Ranipet,Arcot(Uzhavar Sandhai ),Groundnut,Big (With Shell),Local,2026-07-21,8000,8000,8000.0
Tamil Nadu,Ranipet,Arcot(Uzhavar Sandhai ),Cauliflower,Ranchi,Local,2026-07-21,3000,4000,3500.0
Tamil Nadu,Ranipet,Arcot(Uzhavar Sandhai ),Bottle gourd,Bottle Gourd,Local,2026-07-21,3500,3500,3500.0
Tamil Nadu,Ranipet,Arcot(Uzhavar Sandhai ),Beans,Beans (Whole),Local,2026-07-21,6000,6000,6000.0
Tamil Nadu,Ranipet,Arcot(Uzhavar Sandhai ),Ginger(Green),Green Ginger,Local,2026-07-21,18000,18000,18000.0
Tamil Nadu,Ranipet,Ranipettai(Uzhavar Sandhai ),Papaya,Papaya,Local,2026-07-21,4000,4000,4000.0
Tamil Nadu,Ranipet,Ranipettai(Uzhavar Sandhai ),Bottle gourd,Bottle Gourd,Local,2026-07-21,3000,3600,3300.0
Tamil Nadu,Ranipet,Ranipettai(Uzhavar Sandhai ),Amaranthus,Amaranthus,Local,2026-07-21,3000,3000,3000.0
Tamil Nadu,Ranipet,Ranipettai(Uzhavar Sandhai ),Coconut,Coconut,Local,2026-07-21,4000,5000,4500.0
Tamil Nadu,Ranipet,Ranipettai(Uzhavar Sandhai ),Jasmine,Jasmine,Local,2026-07-21,54000,54000,54000.0
Tamil Nadu,Ranipet,Ranipettai(Uzhavar Sandhai ),Elephant Yam(Suran)/Amorphophallus,Elephant Yam (Suran),Local,2026-07-21,5000,6000,5500.0
Tamil Nadu,Ranipet,Ranipettai(Uzhavar Sandhai ),Rose(Local),Rose (Local),Local,2026-07-21,14000,24000,19000.0
Tamil Nadu,Salem,Ammapet(Uzhavar Sandhai ),Banana,Red Banana,Local,2026-07-21,6500,7000,6750.0
Tamil Nadu,Salem,Ammapet(Uzhavar Sandhai ),Cauliflower,Ranchi,Local,2026-07-21,2500,3000,2750.0
Tamil Nadu,Salem,Ammapet(Uzhavar Sandhai ),Tomato,Local,Local,2026-07-21,1500,1800,1650.0
Tamil Nadu,Salem,Ammapet(Uzhavar Sandhai ),Bottle gourd,Bottle Gourd,Local,2026-07-21,2500,3000,2750.0
Tamil Nadu,Salem,Ammapet(Uzhavar Sandhai ),Pumpkin,Pumpkin,Local,2026-07-21,2000,2400,2200.0
Tamil Nadu,Salem,Ammapet(Uzhavar Sandhai ),Tapioca,Tapioca,Local,2026-07-21,2500,3000,2750.0
Tamil Nadu,Salem,Ammapet(Uzhavar Sandhai ),Coconut,Coconut,Local,2026-07-21,4500,5500,5000.0
Tamil Nadu,Salem,Ammapet(Uzhavar Sandhai ),Carrot,Pusakesar,Local,2026-07-21,8400,8600,8500.0
Tamil Nadu,Salem,Ammapet(Uzhavar Sandhai ),Raddish,Raddish,Local,2026-07-21,3000,3500,3250.0
Tamil Nadu,Salem,Ammapet(Uzhavar Sandhai ),Thondekai,Thondekai,Local,2026-07-21,4000,4500,4250.0
Tamil Nadu,Salem,Ammapet(Uzhavar Sandhai ),Elephant Yam(Suran)/Amorphophallus,Elephant Yam (Suran),Local,2026-07-21,3500,4000,3750.0
Tamil Nadu,Salem,Ammapet(Uzhavar Sandhai ),Sweet Corn ,Sweet Corn ,Local,2026-07-21,3000,4000,3500.0
Tamil Nadu,Salem,Mecheri(Uzhavar Sandhai),Cluster beans,Cluster Beans,Local,2026-07-21,3000,3500,3250.0
Tamil Nadu,Salem,Mecheri(Uzhavar Sandhai),Cowpea(Veg),Cowpea (Veg),Local,2026-07-21,5500,6000,5750.0
Tamil Nadu,Salem,Mecheri(Uzhavar Sandhai),Coconut,Coconut,Local,2026-07-21,4500,5000,4750.0
Tamil Nadu,Salem,Mecheri(Uzhavar Sandhai),Mint(Pudina),Mint(Pudina),Local,2026-07-21,3000,3500,3250.0
Tamil Nadu,Salem,Mettur(Uzhavar Sandhai ),Brinjal,Other,Local,2026-07-21,3000,4000,3500.0
Tamil Nadu,Salem,Mettur(Uzhavar Sandhai ),Ashgourd,Gouard,Local,2026-07-21,2000,2500,2250.0
Tamil Nadu,Salem,Mettur(Uzhavar Sandhai ),Bhindi(Ladies Finger),Bhindi,Local,2026-07-21,2000,2500,2250.0
Tamil Nadu,Salem,Mettur(Uzhavar Sandhai ),Ginger(Green),Green Ginger,Local,2026-07-21,15000,18000,16500.0
Tamil Nadu,Salem,Mettur(Uzhavar Sandhai ),Cucumbar(Kheera),Cucumbar,Local,2026-07-21,3500,4000,3750.0
Tamil Nadu,Salem,Mettur(Uzhavar Sandhai ),Marigold(Calcutta),Marigold(Calcutta),Local,2026-07-21,25000,28000,26500.0
Tamil Nadu,Salem,Mettur(Uzhavar Sandhai ),Mint(Pudina),Mint(Pudina),Local,2026-07-21,4000,5000,4500.0
Tamil Nadu,Salem,Sooramangalam(Uzhavar Sandhai ),Cowpea(Veg),Cowpea (Veg),Local,2026-07-21,4000,4500,4250.0
Tamil Nadu,Salem,Sooramangalam(Uzhavar Sandhai ),Ginger(Green),Green Ginger,Local,2026-07-21,16000,17000,16500.0
Tamil Nadu,Salem,Sooramangalam(Uzhavar Sandhai ),Coconut,Coconut,Local,2026-07-21,5000,5500,5250.0
Tamil Nadu,Salem,Sooramangalam(Uzhavar Sandhai ),Capsicum,Capsicum,Local,2026-07-21,8500,8800,8650.0
Tamil Nadu,Salem,Sooramangalam(Uzhavar Sandhai ),Green Avare(W),Other,Local,2026-07-21,6600,7000,6800.0
Tamil Nadu,Salem,Sooramangalam(Uzhavar Sandhai ),Mango(Raw-Ripe),Mango - Raw-Ripe,Local,2026-07-21,2500,3000,2750.0
Tamil Nadu,Salem,Sooramangalam(Uzhavar Sandhai ),Guava,Guava Allahabad,Local,2026-07-21,6000,6500,6250.0
Tamil Nadu,Salem,Sooramangalam(Uzhavar Sandhai ),Yam(Ratalu),Yam (Ratalu),Local,2026-07-21,8000,8500,8250.0
Tamil Nadu,Salem,Thammampatti (Uzhavar Sandhai ),Onion,Bellary,Local,2026-07-21,3800,4200,4000.0
Tamil Nadu,Salem,Thammampatti (Uzhavar Sandhai ),Potato,Other,Local,2026-07-21,2800,3000,2900.0
Tamil Nadu,Salem,Thammampatti (Uzhavar Sandhai ),Coriander(Leaves),I Sort,Local,2026-07-21,3500,4000,3750.0
Tamil Nadu,Salem,Thammampatti (Uzhavar Sandhai ),Banana - Green,Banana - Green,Local,2026-07-21,2000,2500,2250.0
Tamil Nadu,Salem,Thammampatti (Uzhavar Sandhai ),Beans,Beans (Whole),Local,2026-07-21,6000,6000,6000.0
Tamil Nadu,Salem,Thammampatti (Uzhavar Sandhai ),Thondekai,Thondekai,Local,2026-07-21,4500,5000,4750.0
Tamil Nadu,Salem,Thammampatti (Uzhavar Sandhai ),Tender Coconut,Tender Coconut,Local,2026-07-21,3000,4000,3500.0
Tamil Nadu,Salem,Thammampatti (Uzhavar Sandhai ),Tamarind Fruit,Tamarind Fruit,Local,2026-07-21,13000,14000,13500.0
Tamil Nadu,Salem,Thathakapatti(Uzhavar Sandhai ),Groundnut,Big (With Shell),Local,2026-07-21,7000,8000,7500.0
Tamil Nadu,Salem,Thathakapatti(Uzhavar Sandhai ),Banana,Besrai,Local,2026-07-21,4000,7000,5500.0
Tamil Nadu,Salem,Thathakapatti(Uzhavar Sandhai ),Cauliflower,Ranchi,Local,2026-07-21,2000,2500,2250.0
Tamil Nadu,Salem,Thathakapatti(Uzhavar Sandhai ),Brinjal,Round,Local,2026-07-21,4500,5000,4750.0
Tamil Nadu,Salem,Thathakapatti(Uzhavar Sandhai ),Papaya,Papaya,Local,2026-07-21,3000,3500,3250.0
Tamil Nadu,Salem,Thathakapatti(Uzhavar Sandhai ),Bottle gourd,Bottle Gourd,Local,2026-07-21,2500,3000,2750.0
Tamil Nadu,Salem,Thathakapatti(Uzhavar Sandhai ),Carrot,Pusakesar,Local,2026-07-21,8000,8400,8200.0
Tamil Nadu,Salem,Thathakapatti(Uzhavar Sandhai ),Snakeguard,Snakeguard,Local,2026-07-21,3600,3800,3700.0
Tamil Nadu,Salem,Thathakapatti(Uzhavar Sandhai ),Raddish,Raddish,Local,2026-07-21,3000,3500,3250.0
Tamil Nadu,Salem,Thathakapatti(Uzhavar Sandhai ),Capsicum,Capsicum,Local,2026-07-21,8500,9000,8750.0
Tamil Nadu,Salem,Thathakapatti(Uzhavar Sandhai ),Green Avare(W),Green Avare (W),Local,2026-07-21,7000,8000,7500.0
Tamil Nadu,Salem,Thathakapatti(Uzhavar Sandhai ),Guava,Guava Allahabad,Local,2026-07-21,5000,6000,5500.0
Tamil Nadu,Salem,Thathakapatti(Uzhavar Sandhai ),Pomegranate,Pomogranate,Local,2026-07-21,15000,20000,17500.0
Tamil Nadu,Pudukkottai,Pudukottai(Uzhavar Sandhai ),Mango,Neelam,Local,2026-07-21,3500,4000,3750.0
Tamil Nadu,Pudukkottai,Pudukottai(Uzhavar Sandhai ),Banana,Red Banana,Local,2026-07-21,7000,8000,7500.0
Tamil Nadu,Pudukkottai,Pudukottai(Uzhavar Sandhai ),Onion,Bellary,Local,2026-07-21,4000,5000,4500.0
Tamil Nadu,Pudukkottai,Pudukottai(Uzhavar Sandhai ),Bitter gourd,Other,Local,2026-07-21,10800,11000,10900.0
Tamil Nadu,Pudukkottai,Pudukottai(Uzhavar Sandhai ),Ashgourd,Gouard,Local,2026-07-21,1200,1500,1350.0
Tamil Nadu,Pudukkottai,Pudukottai(Uzhavar Sandhai ),Raddish,Raddish,Local,2026-07-21,3500,4000,3750.0
Tamil Nadu,Pudukkottai,Pudukottai(Uzhavar Sandhai ),Capsicum,Capsicum,Local,2026-07-21,8000,9000,8500.0
Tamil Nadu,Pudukkottai,Pudukottai(Uzhavar Sandhai ),Green Avare(W),Other,Local,2026-07-21,8000,9000,8500.0
Tamil Nadu,Pudukkottai,Pudukottai(Uzhavar Sandhai ),Jack Fruit(Ripe),Jack Fruit,Local,2026-07-21,1500,2000,1750.0
Tamil Nadu,Pudukkottai,Pudukottai(Uzhavar Sandhai ),Guava,Guava Allahabad,Local,2026-07-21,7000,8000,7500.0
Tamil Nadu,Pudukkottai,Pudukottai(Uzhavar Sandhai ),Colacasia,Colacasia,Local,2026-07-21,4600,5000,4800.0
Tamil Nadu,Pudukkottai,Pudukottai(Uzhavar Sandhai ),Amla(Nelli Kai),Amla,Local,2026-07-21,5000,6000,5500.0
Tamil Nadu,Pudukkottai,Pudukottai(Uzhavar Sandhai ),Mint(Pudina),Mint(Pudina),Local,2026-07-21,3000,4000,3500.0
Tamil Nadu,Thanjavur,Tirukattupalli(Uzhavar Sandhai ),Brinjal,Round,Local,2026-07-21,4400,5600,5000.0
Tamil Nadu,Thanjavur,Tirukattupalli(Uzhavar Sandhai ),Ashgourd,Gouard,Local,2026-07-21,2400,2400,2400.0
Tamil Nadu,Thanjavur,Tirukattupalli(Uzhavar Sandhai ),Coconut,Coconut,Local,2026-07-21,6000,6000,6000.0
Tamil Nadu,The Nilgiris,Udhagamandalam(Uzhavar Sandhai ),Onion,Bellary,Local,2026-07-21,3800,4200,4000.0
Tamil Nadu,The Nilgiris,Udhagamandalam(Uzhavar Sandhai ),Garlic,Garlic,Local,2026-07-21,20000,22000,21000.0
Tamil Nadu,The Nilgiris,Udhagamandalam(Uzhavar Sandhai ),Cauliflower,Ranchi,Local,2026-07-21,4000,4500,4250.0
Tamil Nadu,The Nilgiris,Udhagamandalam(Uzhavar Sandhai ),Green Peas,Green Peas,Local,2026-07-21,10000,13000,11500.0
Tamil Nadu,The Nilgiris,Udhagamandalam(Uzhavar Sandhai ),Bhindi(Ladies Finger),Bhindi,Local,2026-07-21,4000,4500,4250.0
Tamil Nadu,The Nilgiris,Udhagamandalam(Uzhavar Sandhai ),Lemon,Lemon,Local,2026-07-21,7000,8000,7500.0
Tamil Nadu,The Nilgiris,Udhagamandalam(Uzhavar Sandhai ),Amla(Nelli Kai),Amla,Local,2026-07-21,8000,9000,8500.0
Tamil Nadu,The Nilgiris,Udhagamandalam(Uzhavar Sandhai ),Mint(Pudina),Mint(Pudina),Local,2026-07-21,5500,6000,5750.0
Tamil Nadu,Theni,Andipatti(Uzhavar Sandhai ),Bitter gourd,Bitter Gourd,Local,2026-07-21,5400,5800,5600.0
Tamil Nadu,Theni,Andipatti(Uzhavar Sandhai ),Beans,Beans (Whole),Local,2026-07-21,7800,8400,8100.0
Tamil Nadu,Theni,Andipatti(Uzhavar Sandhai ),Cabbage,Cabbage,Local,2026-07-21,3500,4000,3750.0
Tamil Nadu,Theni,Andipatti(Uzhavar Sandhai ),Beetroot,Beetroot,Local,2026-07-21,4000,4400,4200.0
Tamil Nadu,Theni,Andipatti(Uzhavar Sandhai ),Drumstick,Drumstick,Local,2026-07-21,4600,5000,4800.0
Tamil Nadu,Theni,Andipatti(Uzhavar Sandhai ),Elephant Yam(Suran)/Amorphophallus,Elephant Yam (Suran),Local,2026-07-21,3600,4000,3800.0
Tamil Nadu,Theni,Andipatti(Uzhavar Sandhai ),Indian Beans(Seam),Indian Beans (Seam),Local,2026-07-21,5000,5400,5200.0
Tamil Nadu,Theni,Andipatti(Uzhavar Sandhai ),Onion Green,Onion Green,Local,2026-07-21,6200,6500,6350.0
Tamil Nadu,Theni,Bodinayakanur(Uzhavar Sandhai ),Papaya,Papaya,Local,2026-07-21,3000,3000,3000.0
Tamil Nadu,Theni,Bodinayakanur(Uzhavar Sandhai ),Bottle gourd,Bottle Gourd,Local,2026-07-21,1400,1400,1400.0
Tamil Nadu,Theni,Bodinayakanur(Uzhavar Sandhai ),Amaranthus,Amaranthus,Local,2026-07-21,2500,2500,2500.0
Tamil Nadu,Theni,Bodinayakanur(Uzhavar Sandhai ),Green Chilli,Green Chilly,Local,2026-07-21,4800,4800,4800.0
Tamil Nadu,Theni,Bodinayakanur(Uzhavar Sandhai ),Banana - Green,Banana - Green,Local,2026-07-21,3000,3000,3000.0
Tamil Nadu,Theni,Bodinayakanur(Uzhavar Sandhai ),Lemon,Lemon,Local,2026-07-21,4000,4000,4000.0
Tamil Nadu,Theni,Chinnamanur(Uzhavar Sandhai ),Cauliflower,Ranchi,Local,2026-07-21,2500,3500,3000.0
Tamil Nadu,Theni,Chinnamanur(Uzhavar Sandhai ),Beans,Beans (Whole),Local,2026-07-21,6000,8400,7200.0
Tamil Nadu,Theni,Chinnamanur(Uzhavar Sandhai ),Carrot,Pusakesar,Local,2026-07-21,8400,8400,8400.0
Tamil Nadu,Theni,Chinnamanur(Uzhavar Sandhai ),Mango(Raw-Ripe),Mango - Raw-Ripe,Local,2026-07-21,3200,3200,3200.0
Tamil Nadu,Theni,Kambam(Uzhavar Sandhai ),Banana,Red Banana,Local,2026-07-21,6000,6000,6000.0
Tamil Nadu,Theni,Kambam(Uzhavar Sandhai ),Cauliflower,Ranchi,Local,2026-07-21,2500,3000,2750.0
Tamil Nadu,Theni,Kambam(Uzhavar Sandhai ),Tomato,Other,Local,2026-07-21,2200,2300,2250.0
Tamil Nadu,Theni,Kambam(Uzhavar Sandhai ),Bhindi(Ladies Finger),Bhindi,Local,2026-07-21,2800,3000,2900.0
Tamil Nadu,Theni,Kambam(Uzhavar Sandhai ),Raddish,Raddish,Local,2026-07-21,3400,3400,3400.0
Tamil Nadu,Theni,Kambam(Uzhavar Sandhai ),Mango(Raw-Ripe),Mango - Raw-Ripe,Local,2026-07-21,3000,3000,3000.0
Tamil Nadu,Theni,Kambam(Uzhavar Sandhai ),Elephant Yam(Suran)/Amorphophallus,Elephant Yam (Suran),Local,2026-07-21,3800,3800,3800.0
Tamil Nadu,Theni,Kambam(Uzhavar Sandhai ),Lemon,Lemon,Local,2026-07-21,4000,4400,4200.0
Tamil Nadu,Theni,Theni(Uzhavar Sandhai ),Banana,Red Banana,Local,2026-07-21,5000,6000,5500.0
Tamil Nadu,Theni,Theni(Uzhavar Sandhai ),Cauliflower,Ranchi,Local,2026-07-21,2000,3000,2500.0
Tamil Nadu,Theni,Theni(Uzhavar Sandhai ),Coriander(Leaves),I Sort,Local,2026-07-21,7000,7000,7000.0
Tamil Nadu,Theni,Theni(Uzhavar Sandhai ),Bhindi(Ladies Finger),Bhindi,Local,2026-07-21,3000,3300,3150.0
Tamil Nadu,Theni,Theni(Uzhavar Sandhai ),Coconut,Coconut,Local,2026-07-21,5000,5000,5000.0
Tamil Nadu,Theni,Theni(Uzhavar Sandhai ),Carrot,Pusakesar,Local,2026-07-21,8000,8000,8000.0
Tamil Nadu,Theni,Theni(Uzhavar Sandhai ),Ridgeguard(Tori),Ridgeguard(Tori),Local,2026-07-21,5500,5800,5650.0
Tamil Nadu,Theni,Theni(Uzhavar Sandhai ),Drumstick,Drumstick,Local,2026-07-21,3000,5000,4000.0
Tamil Nadu,Theni,Theni(Uzhavar Sandhai ),Lime,Lime,Local,2026-07-21,12500,15500,14000.0
Tamil Nadu,Theni,Theni(Uzhavar Sandhai ),Yam(Ratalu),Yam (Ratalu),Local,2026-07-21,7500,7500,7500.0
Tamil Nadu,Theni,Theni(Uzhavar Sandhai ),Indian Beans(Seam),Indian Beans (Seam),Local,2026-07-21,5400,5400,5400.0
Tamil Nadu,Theni,Theni(Uzhavar Sandhai ),Lemon,Lemon,Local,2026-07-21,4000,4500,4250.0
Tamil Nadu,Thiruchirappalli,Thuraiyur APMC,Potato,Other,Local,2026-07-21,2600,3000,2800.0
Tamil Nadu,Thiruchirappalli,Thuraiyur APMC,Cauliflower,Ranchi,Local,2026-07-21,4000,5000,4500.0
Tamil Nadu,Thiruchirappalli,Thuraiyur APMC,Coriander(Leaves),I Sort,Local,2026-07-21,4600,5200,4900.0
Tamil Nadu,Thiruchirappalli,Thuraiyur APMC,Papaya,Papaya,Local,2026-07-21,3000,4000,3500.0
Tamil Nadu,Thiruchirappalli,Thuraiyur APMC,Cluster beans,Cluster Beans,Local,2026-07-21,4000,5000,4500.0
Tamil Nadu,Thiruchirappalli,Thuraiyur APMC,Amaranthus,Amaranthus,Local,2026-07-21,1600,2000,1800.0
Tamil Nadu,Thiruchirappalli,Thuraiyur APMC,Snakeguard,Snakeguard,Local,2026-07-21,4500,5600,5050.0
Tamil Nadu,Thiruchirappalli,Thuraiyur APMC,Raddish,Raddish,Local,2026-07-21,3500,4000,3750.0
Tamil Nadu,Thiruchirappalli,Thuraiyur APMC,Thondekai,Thondekai,Local,2026-07-21,4000,4500,4250.0
Tamil Nadu,Thiruchirappalli,Thuraiyur APMC,Drumstick,Drumstick,Local,2026-07-21,5500,6500,6000.0
Tamil Nadu,Thiruchirappalli,Thuraiyur APMC,Mango(Raw-Ripe),Mango - Raw-Ripe,Local,2026-07-21,2500,3000,2750.0
Tamil Nadu,Thiruchirappalli,Thuraiyur APMC,Elephant Yam(Suran)/Amorphophallus,Elephant Yam (Suran),Local,2026-07-21,4000,4500,4250.0
Tamil Nadu,Thiruchirappalli,Thuraiyur APMC,Amla(Nelli Kai),Amla,Local,2026-07-21,6000,7000,6500.0
Tamil Nadu,Thiruchirappalli,Thuraiyur APMC,Onion Green,Onion Green,Local,2026-07-21,6000,7000,6500.0
Tamil Nadu,Thirunelveli,Kandiyaperi(Uzhavar Sandhai ),Brinjal,Other,Local,2026-07-21,4500,5000,4750.0
Tamil Nadu,Thirunelveli,Kandiyaperi(Uzhavar Sandhai ),Bottle gourd,Bottle Gourd,Local,2026-07-21,1000,1200,1100.0
Tamil Nadu,Thirunelveli,Kandiyaperi(Uzhavar Sandhai ),Pumpkin,Pumpkin,Local,2026-07-21,1000,1200,1100.0
Tamil Nadu,Thirunelveli,Kandiyaperi(Uzhavar Sandhai ),Onion Green,Onion Green,Local,2026-07-21,4500,6500,5500.0
Tamil Nadu,Thirunelveli,Melapalayam(Uzhavar Sandhai ),Onion,Bellary,Local,2026-07-21,3200,3800,3500.0
Tamil Nadu,Thirunelveli,Melapalayam(Uzhavar Sandhai ),Beetroot,Beetroot,Local,2026-07-21,4800,7000,5900.0
Tamil Nadu,Thirunelveli,Melapalayam(Uzhavar Sandhai ),Green Avare(W),Other,Local,2026-07-21,7000,7500,7250.0
Tamil Nadu,Thirunelveli,NGO Colony(Uzhavar Sandhai ),Banana,Besrai,Local,2026-07-21,5000,6000,5500.0
Tamil Nadu,Thirunelveli,NGO Colony(Uzhavar Sandhai ),Pumpkin,Pumpkin,Local,2026-07-21,1000,1200,1100.0
Tamil Nadu,Thirunelveli,NGO Colony(Uzhavar Sandhai ),Amaranthus,Amaranthus,Local,2026-07-21,1000,1500,1250.0
Tamil Nadu,Thirunelveli,NGO Colony(Uzhavar Sandhai ),Coconut,Coconut,Local,2026-07-21,5000,5700,5350.0
Tamil Nadu,Thirunelveli,NGO Colony(Uzhavar Sandhai ),Cabbage,Cabbage,Local,2026-07-21,3500,4400,3950.0
Tamil Nadu,Thirunelveli,NGO Colony(Uzhavar Sandhai ),Raddish,Raddish,Local,2026-07-21,3500,4000,3750.0
Tamil Nadu,Thirunelveli,NGO Colony(Uzhavar Sandhai ),Lemon,Lemon,Local,2026-07-21,5000,5500,5250.0
Tamil Nadu,Thirunelveli,NGO Colony(Uzhavar Sandhai ),Onion Green,Onion Green,Local,2026-07-21,6000,6500,6250.0
Tamil Nadu,Thirunelveli,NGO Colony(Uzhavar Sandhai ),Mint(Pudina),Mint(Pudina),Local,2026-07-21,6000,8000,7000.0
Tamil Nadu,Thirunelveli,Palayamkottai(Uzhavar Sandhai ),Banana,Red Banana,Local,2026-07-21,9000,10000,9500.0
Tamil Nadu,Thirunelveli,Palayamkottai(Uzhavar Sandhai ),Onion,Bellary,Local,2026-07-21,3400,3800,3600.0
Tamil Nadu,Thirunelveli,Palayamkottai(Uzhavar Sandhai ),Garlic,Garlic,Local,2026-07-21,24000,30000,27000.0
Tamil Nadu,Thirunelveli,Palayamkottai(Uzhavar Sandhai ),Bitter gourd,Other,Local,2026-07-21,5500,6500,6000.0
Tamil Nadu,Thirunelveli,Palayamkottai(Uzhavar Sandhai ),Bhindi(Ladies Finger),Bhindi,Local,2026-07-21,2600,3000,2800.0
Tamil Nadu,Thirunelveli,Palayamkottai(Uzhavar Sandhai ),Coconut,Coconut,Local,2026-07-21,5400,5700,5550.0
Tamil Nadu,Thirunelveli,Palayamkottai(Uzhavar Sandhai ),Sweet Potato,Hosur Red,Local,2026-07-21,3500,4000,3750.0
Tamil Nadu,Thirunelveli,Palayamkottai(Uzhavar Sandhai ),Beetroot,Beetroot,Local,2026-07-21,4800,7000,5900.0
Tamil Nadu,Thirunelveli,Palayamkottai(Uzhavar Sandhai ),Mango(Raw-Ripe),Mango - Raw-Ripe,Local,2026-07-21,2500,3000,2750.0
Tamil Nadu,Thirunelveli,Palayamkottai(Uzhavar Sandhai ),Amla(Nelli Kai),Amla,Local,2026-07-21,5000,5500,5250.0
Tamil Nadu,Thirupur,Kangayam(Uzhavar Sandhai ),Amaranthus,Amaranthus,Local,2026-07-21,2000,2500,2250.0
Tamil Nadu,Thirupur,Kangayam(Uzhavar Sandhai ),Coconut,Coconut,Local,2026-07-21,4500,4800,4650.0
Tamil Nadu,Thirupur,Tiruppur (South) (Uzhavar Sandhai ),Onion,Bellary,Local,2026-07-21,3000,4000,3500.0
Tamil Nadu,Thirupur,Tiruppur (South) (Uzhavar Sandhai ),Brinjal,Other,Local,2026-07-21,7000,8000,7500.0
Tamil Nadu,Thirupur,Tiruppur (South) (Uzhavar Sandhai ),Tomato,Local,Local,2026-07-21,1500,1800,1650.0
Tamil Nadu,Thirupur,Tiruppur (South) (Uzhavar Sandhai ),Bottle gourd,Bottle Gourd,Local,2026-07-21,1500,2000,1750.0
Tamil Nadu,Thirupur,Tiruppur (South) (Uzhavar Sandhai ),Beans,Beans (Whole),Local,2026-07-21,7000,8000,7500.0
Tamil Nadu,Thirupur,Tiruppur (South) (Uzhavar Sandhai ),Snakeguard,Snakeguard,Local,2026-07-21,3500,4000,3750.0
Tamil Nadu,Thirupur,Tiruppur (South) (Uzhavar Sandhai ),Raddish,Raddish,Local,2026-07-21,3000,4000,3500.0
Tamil Nadu,Thiruvannamalai,Keelpennathur(Uzhavar Sandhai ),Jasmine,Jasmine,Local,2026-07-21,34000,35000,34500.0
Tamil Nadu,Thiruvannamalai,Keelpennathur(Uzhavar Sandhai ),Rose(Local),Rose (Local),Local,2026-07-21,17000,18000,17500.0
Tamil Nadu,Thiruvannamalai,Tamarainagar(Uzhavar Sandhai ),Pumpkin,Pumpkin,Local,2026-07-21,2000,2500,2250.0
Tamil Nadu,Thiruvannamalai,Tamarainagar(Uzhavar Sandhai ),Amaranthus,Amaranthus,Local,2026-07-21,3000,4000,3500.0
Tamil Nadu,Thiruvannamalai,Tamarainagar(Uzhavar Sandhai ),Green Chilli,Green Chilly,Local,2026-07-21,6000,7200,6600.0
Tamil Nadu,Thiruvannamalai,Tamarainagar(Uzhavar Sandhai ),Banana - Green,Banana - Green,Local,2026-07-21,3600,4200,3900.0
Tamil Nadu,Thiruvannamalai,Tamarainagar(Uzhavar Sandhai ),Cucumbar(Kheera),Cucumbar,Local,2026-07-21,3500,4000,3750.0
Tamil Nadu,Thiruvannamalai,Tamarainagar(Uzhavar Sandhai ),Mango(Raw-Ripe),Mango - Raw-Ripe,Local,2026-07-21,2000,2500,2250.0
Tamil Nadu,Thiruvannamalai,Tamarainagar(Uzhavar Sandhai ),Karbuja(Musk Melon),Karbhuja,Local,2026-07-21,3000,3600,3300.0
Tamil Nadu,Thiruvannamalai,Tamarainagar(Uzhavar Sandhai ),Fig(Anjura/Anjeer),Anjura,Local,2026-07-21,5000,6000,5500.0
Tamil Nadu,Thiruvannamalai,Tamarainagar(Uzhavar Sandhai ),Elephant Yam(Suran)/Amorphophallus,Elephant Yam (Suran),Local,2026-07-21,4000,4800,4400.0
Tamil Nadu,Thiruvannamalai,Tamarainagar(Uzhavar Sandhai ),Lemon,Lemon,Local,2026-07-21,5000,6000,5500.0
Tamil Nadu,Thiruvannamalai,Tamarainagar(Uzhavar Sandhai ),Mint(Pudina),Mint(Pudina),Local,2026-07-21,4000,5000,4500.0
Tamil Nadu,Thiruvannamalai,Vandavasi(Uzhavar Sandhai ),Papaya,Papaya,Local,2026-07-21,3500,4000,3750.0
Tamil Nadu,Thiruvannamalai,Vandavasi(Uzhavar Sandhai ),Banana - Green,Banana - Green,Local,2026-07-21,1600,2000,1800.0
Tamil Nadu,Thiruvannamalai,Vandavasi(Uzhavar Sandhai ),Knool Khol,Knool Khol,Local,2026-07-21,5000,6000,5500.0
Tamil Nadu,Thiruvannamalai,Vandavasi(Uzhavar Sandhai ),Colacasia,Colacasia,Local,2026-07-21,2500,3000,2750.0
Tamil Nadu,Thiruvannamalai,Vandavasi(Uzhavar Sandhai ),Mint(Pudina),Mint(Pudina),Local,2026-07-21,3800,4500,4150.0
Tamil Nadu,Thiruvarur,Muthupettai(Uzhavar Sandhai ),Onion,Bellary,Local,2026-07-21,3600,3600,3600.0
Tamil Nadu,Thiruvarur,Muthupettai(Uzhavar Sandhai ),Beetroot,Beetroot,Local,2026-07-21,4000,4000,4000.0
Tamil Nadu,Thiruvarur,Muthupettai(Uzhavar Sandhai ),Lime,Lime,Local,2026-07-21,3000,3000,3000.0
Tamil Nadu,Thiruvarur,Tiruvarur(Uzhavar Sandhai ),Coriander(Leaves),I Sort,Local,2026-07-21,6000,6000,6000.0
Tamil Nadu,Thiruvarur,Tiruvarur(Uzhavar Sandhai ),Pumpkin,Pumpkin,Local,2026-07-21,2500,2500,2500.0
Tamil Nadu,Thiruvarur,Tiruvarur(Uzhavar Sandhai ),Amaranthus,Amaranthus,Local,2026-07-21,1500,2000,1750.0
Tamil Nadu,Thiruvarur,Tiruvarur(Uzhavar Sandhai ),Coconut,Coconut,Local,2026-07-21,4500,4500,4500.0
Tamil Nadu,Thiruvarur,Tiruvarur(Uzhavar Sandhai ),Snakeguard,Snakeguard,Local,2026-07-21,4000,4000,4000.0
Tamil Nadu,Thiruvarur,Tiruvarur(Uzhavar Sandhai ),Mango(Raw-Ripe),Mango - Raw-Ripe,Local,2026-07-21,2000,2000,2000.0
Tamil Nadu,Thiruvarur,Tiruvarur(Uzhavar Sandhai ),Mint(Pudina),Mint(Pudina),Local,2026-07-21,7000,7000,7000.0
Tamil Nadu,Thiruvarur,Valangaiman APMC,Bitter gourd,Bitter Gourd,Local,2026-07-21,6000,6000,6000.0
Tamil Nadu,Thiruvellore,Tiruthani(Uzhavar Sandhai ),Brinjal,Round,Local,2026-07-21,6000,6000,6000.0
Tamil Nadu,Thiruvellore,Tiruthani(Uzhavar Sandhai ),Bottle gourd,Bottle Gourd,Local,2026-07-21,3000,3000,3000.0
Tamil Nadu,Thiruvellore,Tiruthani(Uzhavar Sandhai ),Bhindi(Ladies Finger),Bhindi,Local,2026-07-21,4000,4000,4000.0
Tamil Nadu,Thiruvellore,Tiruthani(Uzhavar Sandhai ),Carrot,Pusakesar,Local,2026-07-21,7000,7000,7000.0
Tamil Nadu,Thiruvellore,Tiruthani(Uzhavar Sandhai ),Cabbage,Cabbage,Local,2026-07-21,4000,4000,4000.0
Tamil Nadu,Thiruvellore,Tiruthani(Uzhavar Sandhai ),Ridgeguard(Tori),Ridgeguard(Tori),Local,2026-07-21,5000,5000,5000.0
Tamil Nadu,Thiruvellore,Tiruthani(Uzhavar Sandhai ),Chow Chow,Chow Chow,Local,2026-07-21,4000,4000,4000.0
Tamil Nadu,Thiruvellore,Tiruthani(Uzhavar Sandhai ),Mango(Raw-Ripe),Mango - Raw-Ripe,Local,2026-07-21,2000,2000,2000.0
Tamil Nadu,Villupuram,Tindivanam APMC,Coriander(Leaves),I Sort,Local,2026-07-21,6000,6000,6000.0
Tamil Nadu,Villupuram,Tindivanam APMC,Papaya,Papaya,Local,2026-07-21,4000,4000,4000.0
Tamil Nadu,Villupuram,Tindivanam APMC,Bhindi(Ladies Finger),Bhindi,Local,2026-07-21,4000,4000,4000.0
Tamil Nadu,Villupuram,Tindivanam APMC,Banana - Green,Banana - Green,Local,2026-07-21,5000,5000,5000.0
Tamil Nadu,Villupuram,Tindivanam APMC,Mango(Raw-Ripe),Mango - Raw-Ripe,Local,2026-07-21,2000,2000,2000.0
Tamil Nadu,Villupuram,Tindivanam APMC,Knool Khol,Knool Khol,Local,2026-07-21,5800,5800,5800.0
Tamil Nadu,Villupuram,Tindivanam APMC,Sweet Corn ,Sweet Corn ,Local,2026-07-21,3800,3800,3800.0
Tamil Nadu,Villupuram,Ulundurpettai APMC,Potato,Red Nanital,Local,2026-07-21,4000,4000,4000.0
Tamil Nadu,Villupuram,Ulundurpettai APMC,Amaranthus,Amaranthus,Local,2026-07-21,2500,2500,2500.0
Tamil Nadu,Villupuram,Ulundurpettai APMC,Ginger(Green),Green Ginger,Local,2026-07-21,18000,18000,18000.0
Tamil Nadu,Villupuram,Ulundurpettai APMC,Ridgeguard(Tori),Ridgeguard(Tori),Local,2026-07-21,6000,6000,6000.0
Tamil Nadu,Villupuram,Ulundurpettai APMC,Raddish,Raddish,Local,2026-07-21,4000,4000,4000.0
Tamil Nadu,Villupuram,Ulundurpettai APMC,Yam(Ratalu),Yam (Ratalu),Local,2026-07-21,3000,3000,3000.0
Maharashtra,Ratnagiri,Ratnagiri (Nachane) APMC,Cauliflower,Other,Local,2026-07-21,3000,4000,3500.0
Maharashtra,Ratnagiri,Ratnagiri (Nachane) APMC,Guar,Other,Local,2026-07-21,6000,7000,6500.0
Maharashtra,Ratnagiri,Ratnagiri (Nachane) APMC,Cucumbar(Kheera),Other,Local,2026-07-21,2000,3000,2500.0
Maharashtra,Ratnagiri,Ratnagiri (Nachane) APMC,Chilly Capsicum,Other,Local,2026-07-21,5000,6000,5500.0
Maharashtra,Ratnagiri,Ratnagiri (Nachane) APMC,Tomato,Other,Local,2026-07-21,1000,1700,1500.0
Tamil Nadu,Madurai,Thirumangalam(Uzhavar Sandhai ),Ashgourd,Gouard,Local,2026-07-21,2400,2600,2500.0
Tamil Nadu,Madurai,Thirumangalam(Uzhavar Sandhai ),Bhindi(Ladies Finger),Bhindi,Local,2026-07-21,2500,3600,3050.0
Tamil Nadu,Madurai,Thirumangalam(Uzhavar Sandhai ),Raddish,Raddish,Local,2026-07-21,3000,3400,3200.0
Tamil Nadu,Madurai,Thirumangalam(Uzhavar Sandhai ),Drumstick,Drumstick,Local,2026-07-21,7000,8000,7500.0
Tamil Nadu,Madurai,Thirumangalam(Uzhavar Sandhai ),Amla(Nelli Kai),Amla,Local,2026-07-21,5000,6500,5750.0
Tamil Nadu,Madurai,Thirumangalam(Uzhavar Sandhai ),Onion Green,Onion Green,Local,2026-07-21,5500,6500,6000.0
Tamil Nadu,Madurai,Melur(Uzhavar Sandhai ),Banana,Besrai,Local,2026-07-21,3500,4000,3750.0
Tamil Nadu,Madurai,Melur(Uzhavar Sandhai ),Onion,Bellary,Local,2026-07-21,4000,4200,4100.0
Tamil Nadu,Madurai,Melur(Uzhavar Sandhai ),Coriander(Leaves),I Sort,Local,2026-07-21,8500,9000,8750.0
Tamil Nadu,Madurai,Melur(Uzhavar Sandhai ),Bitter gourd,Other,Local,2026-07-21,6000,6500,6250.0
Tamil Nadu,Madurai,Melur(Uzhavar Sandhai ),Tapioca,Tapioca,Local,2026-07-21,3000,4000,3500.0
Tamil Nadu,Madurai,Melur(Uzhavar Sandhai ),Yam(Ratalu),Yam (Ratalu),Local,2026-07-21,8000,9000,8500.0
Tamil Nadu,Vellore,Perampet(Uzhavar Sandhai),Potato,Red Nanital,Local,2026-07-21,3000,3000,3000.0
Tamil Nadu,Vellore,Perampet(Uzhavar Sandhai),Tomato,Deshi,Local,2026-07-21,1500,1800,1650.0
Tamil Nadu,Vellore,Perampet(Uzhavar Sandhai),Ashgourd,Gouard,Local,2026-07-21,2500,2500,2500.0
Tamil Nadu,Vellore,Perampet(Uzhavar Sandhai),Bhindi(Ladies Finger),Bhindi,Local,2026-07-21,3000,3000,3000.0
Tamil Nadu,Vellore,Perampet(Uzhavar Sandhai),Mango(Raw-Ripe),Mango - Raw-Ripe,Local,2026-07-21,2000,2000,2000.0
Tamil Nadu,Vellore,Perampet(Uzhavar Sandhai),Knool Khol,Knool Khol,Local,2026-07-21,5600,5600,5600.0
Tamil Nadu,Vellore,Perampet(Uzhavar Sandhai),Onion Green,Onion Green,Local,2026-07-21,5000,6000,5500.0
Tamil Nadu,Vellore,Perampet(Uzhavar Sandhai),Sweet Corn ,Sweet Corn ,Local,2026-07-21,3000,3000,3000.0
Gujarat,Surat,Songadh(Umrada) APMC,Bhindi(Ladies Finger),Bhindi,FAQ,2026-07-21,1500,3000,2500.0
Gujarat,Amreli,Damnagar APMC,Cabbage,Cabbage,Local,2026-07-21,3500,3500,3500.0
Gujarat,Amreli,Damnagar APMC,Bhindi(Ladies Finger),Bhindi,Local,2026-07-21,4000,4000,4000.0
Tamil Nadu,Karur,Gandhigramam(Uzhavar Sandhai),Banana,Other,Local,2026-07-21,5000,6000,5500.0
Tamil Nadu,Karur,Gandhigramam(Uzhavar Sandhai),Chikoos(Sapota),Sapota,Local,2026-07-21,4500,5000,4750.0
Tamil Nadu,Karur,Gandhigramam(Uzhavar Sandhai),Pumpkin,Pumpkin,Local,2026-07-21,2500,3000,2750.0
Tamil Nadu,Karur,Gandhigramam(Uzhavar Sandhai),Ginger(Green),Green Ginger,Local,2026-07-21,19000,20000,19500.0
Tamil Nadu,Karur,Gandhigramam(Uzhavar Sandhai),Sweet Potato,Hosur Red,Local,2026-07-21,3500,4000,3750.0
Tamil Nadu,Karur,Gandhigramam(Uzhavar Sandhai),Thondekai,Thondekai,Local,2026-07-21,5500,6000,5750.0
Tamil Nadu,Karur,Gandhigramam(Uzhavar Sandhai),Elephant Yam(Suran)/Amorphophallus,Elephant Yam (Suran),Local,2026-07-21,3000,4000,3500.0
Tamil Nadu,Karur,Gandhigramam(Uzhavar Sandhai),Onion Green,Onion Green,Local,2026-07-21,6000,6500,6250.0
Tamil Nadu,Salem,Vazhapadi(Uzhavar Sandhai),Mango,Neelam,Local,2026-07-21,5000,5000,5000.0
Tamil Nadu,Salem,Vazhapadi(Uzhavar Sandhai),Banana,Red Banana,Local,2026-07-21,8000,8000,8000.0
Tamil Nadu,Salem,Vazhapadi(Uzhavar Sandhai),Garlic,Garlic,Local,2026-07-21,20000,20000,20000.0
Tamil Nadu,Salem,Vazhapadi(Uzhavar Sandhai),Papaya,Papaya,Local,2026-07-21,4000,4000,4000.0
Tamil Nadu,Salem,Vazhapadi(Uzhavar Sandhai),Tomato,Deshi,Local,2026-07-21,1400,1800,1600.0
Tamil Nadu,Salem,Vazhapadi(Uzhavar Sandhai),Bitter gourd,Bitter Gourd,Local,2026-07-21,5500,6000,5750.0
Tamil Nadu,Salem,Vazhapadi(Uzhavar Sandhai),Pumpkin,Pumpkin,Local,2026-07-21,2500,2500,2500.0
Tamil Nadu,Salem,Vazhapadi(Uzhavar Sandhai),Amaranthus,Amaranthus,Local,2026-07-21,2000,2500,2250.0
Tamil Nadu,Salem,Vazhapadi(Uzhavar Sandhai),Banana - Green,Banana - Green,Local,2026-07-21,2500,2500,2500.0
Tamil Nadu,Salem,Vazhapadi(Uzhavar Sandhai),Elephant Yam(Suran)/Amorphophallus,Elephant Yam (Suran),Local,2026-07-21,3000,3000,3000.0
Tamil Nadu,Pudukkottai,Aranthangi(Uzhavar Sandhai ),Tomato,Deshi,Local,2026-07-21,2000,2500,2250.0
Tamil Nadu,Pudukkottai,Aranthangi(Uzhavar Sandhai ),Cluster beans,Cluster Beans,Local,2026-07-21,3500,4000,3750.0
Tamil Nadu,Pudukkottai,Aranthangi(Uzhavar Sandhai ),Bitter gourd,Bitter Gourd,Local,2026-07-21,7500,8000,7750.0
Tamil Nadu,Pudukkottai,Aranthangi(Uzhavar Sandhai ),Ashgourd,Gouard,Local,2026-07-21,1000,1500,1250.0
Tamil Nadu,Pudukkottai,Aranthangi(Uzhavar Sandhai ),Mint(Pudina),Mint(Pudina),Local,2026-07-21,3500,4000,3750.0
Tamil Nadu,Coimbatore,Sulur(Uzhavar Sandhai ),Banana - Green,Banana - Green,Local,2026-07-21,3400,4000,3700.0
Tamil Nadu,Coimbatore,Sulur(Uzhavar Sandhai ),Cabbage,Cabbage,Local,2026-07-21,3400,3800,3600.0
Tamil Nadu,Coimbatore,Sulur(Uzhavar Sandhai ),Beetroot,Beetroot,Local,2026-07-21,5000,8500,6750.0
Tamil Nadu,Coimbatore,Sulur(Uzhavar Sandhai ),Thondekai,Thondekai,Local,2026-07-21,5000,5800,5400.0
Tamil Nadu,Coimbatore,Sulur(Uzhavar Sandhai ),Drumstick,Drumstick,Local,2026-07-21,5400,6200,5800.0
Tamil Nadu,Pudukkottai,Gandarvakottai(Uzhavar Sandhai ),Banana,Red Banana,Local,2026-07-21,6500,7000,6750.0
Tamil Nadu,Pudukkottai,Gandarvakottai(Uzhavar Sandhai ),Bhindi(Ladies Finger),Bhindi,Local,2026-07-21,3500,4000,3750.0
Tamil Nadu,Pudukkottai,Gandarvakottai(Uzhavar Sandhai ),Green Chilli,Green Chilly,Local,2026-07-21,4500,5000,4750.0
Tamil Nadu,Pudukkottai,Gandarvakottai(Uzhavar Sandhai ),Raddish,Raddish,Local,2026-07-21,3500,4000,3750.0
Tamil Nadu,Pudukkottai,Gandarvakottai(Uzhavar Sandhai ),Green Avare(W),Green Avare (W),Local,2026-07-21,7500,8000,7750.0
Tamil Nadu,Cuddalore,Panruti(Uzhavar Sandhai ),Onion,Bellary,Local,2026-07-21,3500,4000,3750.0
Tamil Nadu,Cuddalore,Panruti(Uzhavar Sandhai ),Potato,Red Nanital,Local,2026-07-21,3000,3000,3000.0
Tamil Nadu,Cuddalore,Panruti(Uzhavar Sandhai ),Bitter gourd,Bitter Gourd,Local,2026-07-21,6000,6000,6000.0
Tamil Nadu,Cuddalore,Panruti(Uzhavar Sandhai ),Green Chilli,Green Chilly,Local,2026-07-21,4000,4000,4000.0
Tamil Nadu,Cuddalore,Vadalur(Uzhavar Sandhai ),Cluster beans,Cluster Beans,Local,2026-07-21,6000,6000,6000.0
Tamil Nadu,Cuddalore,Vadalur(Uzhavar Sandhai ),Bitter gourd,Other,Local,2026-07-21,7000,7000,7000.0
Tamil Nadu,Cuddalore,Vadalur(Uzhavar Sandhai ),Pumpkin,Pumpkin,Local,2026-07-21,3000,3000,3000.0
Tamil Nadu,Cuddalore,Vadalur(Uzhavar Sandhai ),Cucumbar(Kheera),Cucumbar,Local,2026-07-21,4000,4000,4000.0
Tamil Nadu,Cuddalore,Vadalur(Uzhavar Sandhai ),Ridgeguard(Tori),Ridgeguard(Tori),Local,2026-07-21,7000,7000,7000.0
Tamil Nadu,Cuddalore,Vadalur(Uzhavar Sandhai ),Green Avare(W),Other,Local,2026-07-21,7000,7000,7000.0
Tamil Nadu,Cuddalore,Vadalur(Uzhavar Sandhai ),Chow Chow,Chow Chow,Local,2026-07-21,4000,4000,4000.0
Tamil Nadu,Cuddalore,Vadalur(Uzhavar Sandhai ),Mango(Raw-Ripe),Mango - Raw-Ripe,Local,2026-07-21,3000,3000,3000.0
Tamil Nadu,Dharmapuri,AJattihalli(Uzhavar Sandhai ),Onion,Bellary,Local,2026-07-21,3000,3800,3400.0
Tamil Nadu,Dharmapuri,AJattihalli(Uzhavar Sandhai ),Banana - Green,Banana - Green,Local,2026-07-21,2500,2500,2500.0
Tamil Nadu,Dharmapuri,AJattihalli(Uzhavar Sandhai ),Carrot,Pusakesar,Local,2026-07-21,8000,8000,8000.0
Tamil Nadu,Dharmapuri,AJattihalli(Uzhavar Sandhai ),Cucumbar(Kheera),Cucumbar,Local,2026-07-21,4600,4600,4600.0
Tamil Nadu,Dharmapuri,AJattihalli(Uzhavar Sandhai ),Capsicum,Capsicum,Local,2026-07-21,9400,9400,9400.0
Tamil Nadu,Dharmapuri,AJattihalli(Uzhavar Sandhai ),Onion Green,Onion Green,Local,2026-07-21,5600,5600,5600.0
Tamil Nadu,Karur,Kulithalai(Uzhavar Sandhai ),Coriander(Leaves),I Sort,Local,2026-07-21,5000,5500,5250.0
Tamil Nadu,Karur,Kulithalai(Uzhavar Sandhai ),Tomato,Deshi,Local,2026-07-21,2200,2500,2350.0
Tamil Nadu,Karur,Kulithalai(Uzhavar Sandhai ),Cluster beans,Cluster Beans,Local,2026-07-21,3600,4000,3800.0
Tamil Nadu,Karur,Kulithalai(Uzhavar Sandhai ),Pumpkin,Pumpkin,Local,2026-07-21,2000,2500,2250.0
Tamil Nadu,Karur,Kulithalai(Uzhavar Sandhai ),Cowpea(Veg),Cowpea (Veg),Local,2026-07-21,2500,3000,2750.0
Tamil Nadu,Karur,Kulithalai(Uzhavar Sandhai ),Banana - Green,Banana - Green,Local,2026-07-21,3500,4000,3750.0
Tamil Nadu,Karur,Kulithalai(Uzhavar Sandhai ),Betal Leaves,Mysore,Local,2026-07-21,9000,10000,9500.0
Tamil Nadu,Karur,Kulithalai(Uzhavar Sandhai ),Mango(Raw-Ripe),Mango - Raw-Ripe,Local,2026-07-21,2500,3000,2750.0
Tamil Nadu,Karur,Kulithalai(Uzhavar Sandhai ),Elephant Yam(Suran)/Amorphophallus,Elephant Yam (Suran),Local,2026-07-21,5000,5500,5250.0
Tamil Nadu,Karur,Kulithalai(Uzhavar Sandhai ),Mashrooms,Mashrooms,Local,2026-07-21,16000,20000,18000.0
Tamil Nadu,Karur,Kulithalai(Uzhavar Sandhai ),Onion Green,Onion Green,Local,2026-07-21,5500,6000,5750.0
Tamil Nadu,Karur,Kulithalai(Uzhavar Sandhai ),Sweet Corn ,Sweet Corn ,Local,2026-07-21,3500,4000,3750.0
Tamil Nadu,Karur,Pallapatti (Uzhavar Sandhai ),Chikoos(Sapota),Sapota,Local,2026-07-21,3500,4000,3750.0
Tamil Nadu,Karur,Pallapatti (Uzhavar Sandhai ),Papaya,Papaya,Local,2026-07-21,2500,3000,2750.0
Tamil Nadu,Karur,Pallapatti (Uzhavar Sandhai ),Ashgourd,Gouard,Local,2026-07-21,2000,2500,2250.0
Tamil Nadu,Karur,Pallapatti (Uzhavar Sandhai ),Bhindi(Ladies Finger),Bhindi,Local,2026-07-21,4000,4500,4250.0
Tamil Nadu,Karur,Pallapatti (Uzhavar Sandhai ),Banana - Green,Banana - Green,Local,2026-07-21,2500,3000,2750.0
Tamil Nadu,Karur,Pallapatti (Uzhavar Sandhai ),Snakeguard,Snakeguard,Local,2026-07-21,4500,5000,4750.0
Tamil Nadu,Karur,Pallapatti (Uzhavar Sandhai ),Ridgeguard(Tori),Ridgeguard(Tori),Local,2026-07-21,6500,7000,6750.0
Tamil Nadu,Karur,Pallapatti (Uzhavar Sandhai ),Green Avare(W),Other,Local,2026-07-21,8000,10000,9000.0
Tamil Nadu,Karur,Pallapatti (Uzhavar Sandhai ),Drumstick,Drumstick,Local,2026-07-21,5500,6000,5750.0
Tamil Nadu,Karur,Pallapatti (Uzhavar Sandhai ),Guava,Guava Allahabad,Local,2026-07-21,5500,6000,5750.0
Tamil Nadu,Karur,Pallapatti (Uzhavar Sandhai ),Amla(Nelli Kai),Amla,Local,2026-07-21,6500,7000,6750.0
Tamil Nadu,Karur,Velayuthampalayam(Uzhavar Sandhai ),Coriander(Leaves),I Sort,Local,2026-07-21,6000,7000,6500.0
Tamil Nadu,Karur,Velayuthampalayam(Uzhavar Sandhai ),Ginger(Green),Green Ginger,Local,2026-07-21,18000,20000,19000.0
Tamil Nadu,Karur,Velayuthampalayam(Uzhavar Sandhai ),Coconut,Coconut,Local,2026-07-21,4500,5500,5000.0
Tamil Nadu,Karur,Velayuthampalayam(Uzhavar Sandhai ),Snakeguard,Snakeguard,Local,2026-07-21,4000,5000,4500.0
Tamil Nadu,Karur,Vengamedu(Uzhavar Sandhai ),Brinjal,Other,Local,2026-07-21,6000,7000,6500.0
Tamil Nadu,Karur,Vengamedu(Uzhavar Sandhai ),Coriander(Leaves),I Sort,Local,2026-07-21,6500,7000,6750.0
Tamil Nadu,Karur,Vengamedu(Uzhavar Sandhai ),Bottle gourd,Bottle Gourd,Local,2026-07-21,2000,2500,2250.0
Tamil Nadu,Karur,Vengamedu(Uzhavar Sandhai ),Amaranthus,Amaranthus,Local,2026-07-21,2000,2500,2250.0
Tamil Nadu,Karur,Vengamedu(Uzhavar Sandhai ),Banana - Green,Banana - Green,Local,2026-07-21,2500,3000,2750.0
Tamil Nadu,Karur,Vengamedu(Uzhavar Sandhai ),Coconut,Coconut,Local,2026-07-21,5000,5500,5250.0
Tamil Nadu,Karur,Vengamedu(Uzhavar Sandhai ),Raddish,Raddish,Local,2026-07-21,3500,4000,3750.0
Tamil Nadu,Karur,Vengamedu(Uzhavar Sandhai ),Drumstick,Drumstick,Local,2026-07-21,4500,5000,4750.0
Tamil Nadu,Theni,Devaram(Uzhavar Sandhai ),Banana,Besrai,Local,2026-07-21,2500,6000,4250.0
Tamil Nadu,Theni,Devaram(Uzhavar Sandhai ),Onion,Bellary,Local,2026-07-21,3800,3800,3800.0
Tamil Nadu,Theni,Devaram(Uzhavar Sandhai ),Tapioca,Tapioca,Local,2026-07-21,2500,2500,2500.0
Tamil Nadu,Theni,Devaram(Uzhavar Sandhai ),Snakeguard,Snakeguard,Local,2026-07-21,2800,2800,2800.0
Tamil Nadu,Theni,Devaram(Uzhavar Sandhai ),Raddish,Raddish,Local,2026-07-21,3400,3400,3400.0
Tamil Nadu,Theni,Devaram(Uzhavar Sandhai ),Drumstick,Drumstick,Local,2026-07-21,3500,4500,4000.0
Tamil Nadu,Theni,Devaram(Uzhavar Sandhai ),Onion Green,Onion Green,Local,2026-07-21,4500,5500,5000.0
Tamil Nadu,Salem,Attayampatti(Uzhavar Sandhai ),Tomato,Deshi,Local,2026-07-21,1500,1800,1650.0
Tamil Nadu,Salem,Attayampatti(Uzhavar Sandhai ),Ashgourd,Gouard,Local,2026-07-21,2400,2400,2400.0
Tamil Nadu,Salem,Attayampatti(Uzhavar Sandhai ),Green Chilli,Green Chilly,Local,2026-07-21,4000,4000,4000.0
Tamil Nadu,Salem,Attayampatti(Uzhavar Sandhai ),Banana - Green,Banana - Green,Local,2026-07-21,2400,2400,2400.0
Tamil Nadu,Salem,Attayampatti(Uzhavar Sandhai ),Raddish,Raddish,Local,2026-07-21,2800,3000,2900.0
Tamil Nadu,Salem,Attayampatti(Uzhavar Sandhai ),Elephant Yam(Suran)/Amorphophallus,Elephant Yam (Suran),Local,2026-07-21,3500,4000,3750.0
Tamil Nadu,Sivaganga,Sivagangai (Uzhavar Sandhai ),Coriander(Leaves),I Sort,Local,2026-07-21,8600,9200,8900.0
Tamil Nadu,Sivaganga,Sivagangai (Uzhavar Sandhai ),Cluster beans,Cluster Beans,Local,2026-07-21,4000,4400,4200.0
Tamil Nadu,Sivaganga,Sivagangai (Uzhavar Sandhai ),Cabbage,Cabbage,Local,2026-07-21,3200,3800,3500.0
Tamil Nadu,Sivaganga,Sivagangai (Uzhavar Sandhai ),Beetroot,Beetroot,Local,2026-07-21,4200,5600,4900.0
Tamil Nadu,Sivaganga,Sivagangai (Uzhavar Sandhai ),Yam(Ratalu),Yam (Ratalu),Local,2026-07-21,8200,9200,8700.0
Tamil Nadu,Sivaganga,Sivagangai (Uzhavar Sandhai ),Indian Beans(Seam),Indian Beans (Seam),Local,2026-07-21,6200,6200,6200.0
Tamil Nadu,Sivaganga,Sivagangai (Uzhavar Sandhai ),Onion Green,Onion Green,Local,2026-07-21,5600,6600,6100.0
Tamil Nadu,Sivaganga,Devakottai (Uzhavar Sandhai ),Onion,Bellary,Local,2026-07-21,4200,4400,4300.0
Tamil Nadu,Sivaganga,Devakottai (Uzhavar Sandhai ),Papaya,Papaya,Local,2026-07-21,3800,4200,4000.0
Tamil Nadu,Sivaganga,Devakottai (Uzhavar Sandhai ),Tomato,Deshi,Local,2026-07-21,1800,2400,2100.0
Tamil Nadu,Sivaganga,Devakottai (Uzhavar Sandhai ),Bhindi(Ladies Finger),Bhindi,Local,2026-07-21,2800,3800,3300.0
Tamil Nadu,Sivaganga,Devakottai (Uzhavar Sandhai ),Green Chilli,Green Chilly,Local,2026-07-21,3600,4200,3900.0
Tamil Nadu,Sivaganga,Devakottai (Uzhavar Sandhai ),Ginger(Green),Green Ginger,Local,2026-07-21,16500,22000,19250.0
Tamil Nadu,Sivaganga,Devakottai (Uzhavar Sandhai ),Beetroot,Beetroot,Local,2026-07-21,4400,5600,5000.0
Tamil Nadu,Sivaganga,Devakottai (Uzhavar Sandhai ),Guava,Guava Allahabad,Local,2026-07-21,7400,8200,7800.0
Tamil Nadu,Sivaganga,Devakottai (Uzhavar Sandhai ),Elephant Yam(Suran)/Amorphophallus,Elephant Yam (Suran),Local,2026-07-21,4400,4600,4500.0
Tamil Nadu,Salem,Edapadi (Uzhavar Sandhai ),Mousambi(Sweet Lime),Mousambi,Local,2026-07-21,2800,3000,2900.0
Tamil Nadu,Salem,Edapadi (Uzhavar Sandhai ),Pumpkin,Pumpkin,Local,2026-07-21,2200,2500,2350.0
Tamil Nadu,Salem,Edapadi (Uzhavar Sandhai ),Green Chilli,Green Chilly,Local,2026-07-21,4200,4600,4400.0
Tamil Nadu,Salem,Elampillai(Uzhavar Sandhai ),Groundnut,Big (With Shell),Local,2026-07-21,7000,7000,7000.0
Tamil Nadu,Salem,Elampillai(Uzhavar Sandhai ),Cauliflower,Ranchi,Local,2026-07-21,3000,3000,3000.0
Tamil Nadu,Salem,Elampillai(Uzhavar Sandhai ),Papaya,Papaya,Local,2026-07-21,3000,3000,3000.0
Tamil Nadu,Salem,Elampillai(Uzhavar Sandhai ),Ridgeguard(Tori),Ridgeguard(Tori),Local,2026-07-21,5000,5000,5000.0
Tamil Nadu,Salem,Elampillai(Uzhavar Sandhai ),Mango(Raw-Ripe),Mango - Raw-Ripe,Local,2026-07-21,2000,2000,2000.0
Tamil Nadu,Salem,Elampillai(Uzhavar Sandhai ),Knool Khol,Knool Khol,Local,2026-07-21,6000,6000,6000.0
Tamil Nadu,Salem,Elampillai(Uzhavar Sandhai ),Guava,Guava Allahabad,Local,2026-07-21,4000,6000,5000.0
Tamil Nadu,Salem,Elampillai(Uzhavar Sandhai ),Onion Green,Onion Green,Local,2026-07-21,5000,5600,5300.0
Tamil Nadu,Salem,Hasthampatti(Uzhavar Sandhai ),Coriander(Leaves),I Sort,Local,2026-07-21,3000,3500,3250.0
Tamil Nadu,Salem,Hasthampatti(Uzhavar Sandhai ),Bottle gourd,Bottle Gourd,Local,2026-07-21,2500,3000,2750.0
Tamil Nadu,Salem,Hasthampatti(Uzhavar Sandhai ),Bhindi(Ladies Finger),Bhindi,Local,2026-07-21,3000,3500,3250.0
Tamil Nadu,Salem,Hasthampatti(Uzhavar Sandhai ),Amaranthus,Amaranthus,Local,2026-07-21,2000,2400,2200.0
Tamil Nadu,Salem,Hasthampatti(Uzhavar Sandhai ),Ridgeguard(Tori),Ridgeguard(Tori),Local,2026-07-21,4500,5000,4750.0
Tamil Nadu,Salem,Hasthampatti(Uzhavar Sandhai ),Raddish,Raddish,Local,2026-07-21,3000,3500,3250.0
Tamil Nadu,Salem,Hasthampatti(Uzhavar Sandhai ),Green Avare(W),Other,Local,2026-07-21,6500,7000,6750.0
Tamil Nadu,Salem,Hasthampatti(Uzhavar Sandhai ),Chow Chow,Chow Chow,Local,2026-07-21,3000,3500,3250.0
Tamil Nadu,Salem,Hasthampatti(Uzhavar Sandhai ),Guava,Guava Allahabad,Local,2026-07-21,5000,6000,5500.0
Tamil Nadu,Salem,Jalagandapuram(Uzhavar Sandhai ),Apple,American,Local,2026-07-21,22000,24000,23000.0
Tamil Nadu,Salem,Jalagandapuram(Uzhavar Sandhai ),Brinjal,Round,Local,2026-07-21,5000,5400,5200.0
Tamil Nadu,Salem,Jalagandapuram(Uzhavar Sandhai ),Papaya,Papaya,Local,2026-07-21,2500,3000,2750.0
Tamil Nadu,Salem,Jalagandapuram(Uzhavar Sandhai ),Bottle gourd,Bottle Gourd,Local,2026-07-21,2000,2500,2250.0
Tamil Nadu,Salem,Jalagandapuram(Uzhavar Sandhai ),Amaranthus,Amaranthus,Local,2026-07-21,2000,2400,2200.0
Tamil Nadu,Salem,Jalagandapuram(Uzhavar Sandhai ),Beans,Beans (Whole),Local,2026-07-21,6500,7000,6750.0
Tamil Nadu,Salem,Jalagandapuram(Uzhavar Sandhai ),Green Avare(W),Other,Local,2026-07-21,7000,8000,7500.0
Tamil Nadu,Salem,Jalagandapuram(Uzhavar Sandhai ),Lime,Lime,Local,2026-07-21,3000,3500,3250.0
Tamil Nadu,Sivaganga,Singampunari(Uzhavar Sandhai ),Ashgourd,Gouard,Local,2026-07-21,2600,2800,2700.0
Tamil Nadu,Sivaganga,Singampunari(Uzhavar Sandhai ),Pumpkin,Pumpkin,Local,2026-07-21,2200,2600,2400.0
Tamil Nadu,Sivaganga,Singampunari(Uzhavar Sandhai ),Bhindi(Ladies Finger),Bhindi,Local,2026-07-21,2600,3800,3200.0
Tamil Nadu,Sivaganga,Singampunari(Uzhavar Sandhai ),Beetroot,Beetroot,Local,2026-07-21,4200,5600,4900.0
Tamil Nadu,Sivaganga,Singampunari(Uzhavar Sandhai ),Chow Chow,Chow Chow,Local,2026-07-21,2600,3200,2900.0
Tamil Nadu,Sivaganga,Singampunari(Uzhavar Sandhai ),Lemon,Lemon,Local,2026-07-21,6000,8000,7000.0
Tamil Nadu,Sivaganga,Karaikudi(Uzhavar Sandhai ),Potato,Red Nanital,Local,2026-07-21,6000,6500,6250.0
Tamil Nadu,Sivaganga,Karaikudi(Uzhavar Sandhai ),Cauliflower,Ranchi,Local,2026-07-21,3500,4000,3750.0
Tamil Nadu,Sivaganga,Karaikudi(Uzhavar Sandhai ),Bitter gourd,Bitter Gourd,Local,2026-07-21,6000,7000,6500.0
Tamil Nadu,Sivaganga,Karaikudi(Uzhavar Sandhai ),Snakeguard,Snakeguard,Local,2026-07-21,3400,4000,3700.0
Tamil Nadu,Sivaganga,Karaikudi(Uzhavar Sandhai ),Beetroot,Beetroot,Local,2026-07-21,5500,6000,5750.0
Tamil Nadu,Sivaganga,Karaikudi(Uzhavar Sandhai ),Ridgeguard(Tori),Ridgeguard(Tori),Local,2026-07-21,5000,6000,5500.0
Tamil Nadu,Sivaganga,Karaikudi(Uzhavar Sandhai ),Capsicum,Capsicum,Local,2026-07-21,9500,10000,9750.0
Tamil Nadu,Sivaganga,Karaikudi(Uzhavar Sandhai ),Green Avare(W),Green Avare (W),Local,2026-07-21,6500,7500,7000.0
Tamil Nadu,Sivaganga,Karaikudi(Uzhavar Sandhai ),Drumstick,Drumstick,Local,2026-07-21,7500,8500,8000.0
Tamil Nadu,Sivaganga,Karaikudi(Uzhavar Sandhai ),Mango(Raw-Ripe),Mango - Raw-Ripe,Local,2026-07-21,2500,3500,3000.0
Tamil Nadu,Sivaganga,Karaikudi(Uzhavar Sandhai ),Guava,Guava Allahabad,Local,2026-07-21,7500,8500,8000.0
Tamil Nadu,Sivaganga,Karaikudi(Uzhavar Sandhai ),Lemon,Lemon,Local,2026-07-21,6500,8500,7500.0
Tamil Nadu,Sivaganga,Tirupatthur(Uzhavar Sandhai ),Bitter gourd,Bitter Gourd,Local,2026-07-21,6400,6600,6500.0
Tamil Nadu,Sivaganga,Tirupatthur(Uzhavar Sandhai ),Banana - Green,Banana - Green,Local,2026-07-21,3000,3000,3000.0
Tamil Nadu,Sivaganga,Tirupatthur(Uzhavar Sandhai ),Ginger(Green),Green Ginger,Local,2026-07-21,17000,22000,19500.0
Tamil Nadu,Sivaganga,Tirupatthur(Uzhavar Sandhai ),Beetroot,Beetroot,Local,2026-07-21,4600,5600,5100.0
Tamil Nadu,Sivaganga,Tirupatthur(Uzhavar Sandhai ),Ridgeguard(Tori),Ridgeguard(Tori),Local,2026-07-21,4400,6000,5200.0
Tamil Nadu,Sivaganga,Tirupatthur(Uzhavar Sandhai ),Raddish,Raddish,Local,2026-07-21,3400,3600,3500.0
Tamil Nadu,Sivaganga,Tirupatthur(Uzhavar Sandhai ),Mango(Raw-Ripe),Mango - Raw-Ripe,Local,2026-07-21,2600,3200,2900.0
Tamil Nadu,Thanjavur,Pattukottai(Uzhavar Sandhai ),Banana,Besrai,Local,2026-07-21,3500,3500,3500.0
Tamil Nadu,Thanjavur,Pattukottai(Uzhavar Sandhai ),Garlic,Garlic,Local,2026-07-21,16000,16000,16000.0
Tamil Nadu,Thanjavur,Pattukottai(Uzhavar Sandhai ),Ashgourd,Gouard,Local,2026-07-21,3000,3000,3000.0
Tamil Nadu,Thanjavur,Pattukottai(Uzhavar Sandhai ),Amaranthus,Amaranthus,Local,2026-07-21,2000,2000,2000.0
Tamil Nadu,Thanjavur,Pattukottai(Uzhavar Sandhai ),Carrot,Pusakesar,Local,2026-07-21,8800,8800,8800.0
Tamil Nadu,Thanjavur,Pattukottai(Uzhavar Sandhai ),Snakeguard,Snakeguard,Local,2026-07-21,4400,4400,4400.0
Tamil Nadu,Thanjavur,Pattukottai(Uzhavar Sandhai ),Beetroot,Beetroot,Local,2026-07-21,5800,5800,5800.0
Tamil Nadu,Thanjavur,Pattukottai(Uzhavar Sandhai ),Ridgeguard(Tori),Ridgeguard(Tori),Local,2026-07-21,5600,5600,5600.0
Tamil Nadu,Thanjavur,Pattukottai(Uzhavar Sandhai ),Chow Chow,Chow Chow,Local,2026-07-21,4400,4400,4400.0
Tamil Nadu,Thanjavur,Pattukottai(Uzhavar Sandhai ),Elephant Yam(Suran)/Amorphophallus,Elephant Yam (Suran),Local,2026-07-21,4500,4500,4500.0
Tamil Nadu,Thanjavur,Thanjavur(Uzhavar Sandhai ),Orange,Darjeeling,Local,2026-07-21,18000,18000,18000.0
Tamil Nadu,Thanjavur,Thanjavur(Uzhavar Sandhai ),Potato,Red Nanital,Local,2026-07-21,2800,2800,2800.0
Tamil Nadu,Thanjavur,Thanjavur(Uzhavar Sandhai ),Coriander(Leaves),I Sort,Local,2026-07-21,5500,5500,5500.0
Tamil Nadu,Thanjavur,Thanjavur(Uzhavar Sandhai ),Papaya,Papaya,Local,2026-07-21,5000,5000,5000.0
Tamil Nadu,Thanjavur,Thanjavur(Uzhavar Sandhai ),Amaranthus,Amaranthus,Local,2026-07-21,2000,2000,2000.0
Tamil Nadu,Thanjavur,Thanjavur(Uzhavar Sandhai ),Banana - Green,Banana - Green,Local,2026-07-21,4000,4000,4000.0
Tamil Nadu,Thanjavur,Thanjavur(Uzhavar Sandhai ),Coconut,Coconut,Local,2026-07-21,6000,6000,6000.0
Tamil Nadu,Thanjavur,Thanjavur(Uzhavar Sandhai ),Betal Leaves,Mysore,Local,2026-07-21,18000,18000,18000.0
Tamil Nadu,Thanjavur,Thanjavur(Uzhavar Sandhai ),Elephant Yam(Suran)/Amorphophallus,Elephant Yam (Suran),Local,2026-07-21,4600,4600,4600.0
Tamil Nadu,Thanjavur,Thanjavur(Uzhavar Sandhai ),Mint(Pudina),Mint(Pudina),Local,2026-07-21,7000,7000,7000.0
Tamil Nadu,Thanjavur,Thanjavur(Uzhavar Sandhai ),Rose(Local),Rose (Local),Local,2026-07-21,20000,20000,20000.0
Tamil Nadu,Thiruchirappalli,Lalgudi(Uzhavar Sandhai ),Banana,Poovan,Local,2026-07-21,4000,5000,4500.0
Tamil Nadu,Thiruchirappalli,Lalgudi(Uzhavar Sandhai ),Coriander(Leaves),I Sort,Local,2026-07-21,5000,5000,5000.0
Tamil Nadu,Thiruchirappalli,Lalgudi(Uzhavar Sandhai ),Papaya,Papaya,Local,2026-07-21,4000,4000,4000.0
Tamil Nadu,Thiruchirappalli,Lalgudi(Uzhavar Sandhai ),Tomato,Local,Local,2026-07-21,2000,2000,2000.0
Tamil Nadu,Thiruchirappalli,Lalgudi(Uzhavar Sandhai ),Amaranthus,Amaranthus,Local,2026-07-21,1000,1000,1000.0
Tamil Nadu,Thiruchirappalli,Lalgudi(Uzhavar Sandhai ),Coconut,Coconut,Local,2026-07-21,6000,6000,6000.0
Tamil Nadu,Thiruchirappalli,Lalgudi(Uzhavar Sandhai ),Sweet Potato,Hosur Red,Local,2026-07-21,5000,5000,5000.0
Tamil Nadu,Thiruchirappalli,Lalgudi(Uzhavar Sandhai ),Cabbage,Cabbage,Local,2026-07-21,4600,4600,4600.0
Tamil Nadu,Thiruchirappalli,Lalgudi(Uzhavar Sandhai ),Ridgeguard(Tori),Ridgeguard(Tori),Local,2026-07-21,6000,6000,6000.0
Tamil Nadu,Thiruchirappalli,Lalgudi(Uzhavar Sandhai ),Lemon,Lemon,Local,2026-07-21,8000,8000,8000.0
Tamil Nadu,Thiruchirappalli,Lalgudi(Uzhavar Sandhai ),Amla(Nelli Kai),Amla,Local,2026-07-21,8000,8000,8000.0
Tamil Nadu,Thiruchirappalli,Manapparai(Uzhavar Sandhai ),Banana,Poovan,Local,2026-07-21,4000,5000,4500.0
Tamil Nadu,Thiruchirappalli,Manapparai(Uzhavar Sandhai ),Garlic,Garlic,Local,2026-07-21,20000,20000,20000.0
Tamil Nadu,Thiruchirappalli,Manapparai(Uzhavar Sandhai ),Green Chilli,Green Chilly,Local,2026-07-21,4600,4600,4600.0
Tamil Nadu,Thiruchirappalli,Manapparai(Uzhavar Sandhai ),Cowpea(Veg),Cowpea (Veg),Local,2026-07-21,5000,5000,5000.0
Tamil Nadu,Thiruchirappalli,Manapparai(Uzhavar Sandhai ),Ginger(Green),Green Ginger,Local,2026-07-21,18000,18000,18000.0
Tamil Nadu,Thiruchirappalli,Manapparai(Uzhavar Sandhai ),Green Avare(W),Other,Local,2026-07-21,7000,7000,7000.0
Tamil Nadu,Thiruchirappalli,Manapparai(Uzhavar Sandhai ),Chow Chow,Chow Chow,Local,2026-07-21,3600,3600,3600.0
Tamil Nadu,Thiruchirappalli,Musiri(Uzhavar Sandhai ),Brinjal,Other,Local,2026-07-21,4000,4600,4300.0
Tamil Nadu,Thiruchirappalli,Musiri(Uzhavar Sandhai ),Bottle gourd,Bottle Gourd,Local,2026-07-21,2000,2500,2250.0
Tamil Nadu,Thiruchirappalli,Musiri(Uzhavar Sandhai ),Pumpkin,Pumpkin,Local,2026-07-21,1500,2000,1750.0
Tamil Nadu,Thiruchirappalli,Musiri(Uzhavar Sandhai ),Green Chilli,Green Chilly,Local,2026-07-21,3500,4000,3750.0
Tamil Nadu,Thiruchirappalli,Musiri(Uzhavar Sandhai ),Carrot,Pusakesar,Local,2026-07-21,8000,9000,8500.0
Tamil Nadu,Thiruchirappalli,Musiri(Uzhavar Sandhai ),Snakeguard,Snakeguard,Local,2026-07-21,4500,5000,4750.0
Tamil Nadu,Thiruchirappalli,Musiri(Uzhavar Sandhai ),Thondekai,Thondekai,Local,2026-07-21,4500,5000,4750.0
Tamil Nadu,Thiruchirappalli,Musiri(Uzhavar Sandhai ),Green Avare(W),Green Avare (W),Local,2026-07-21,6000,7000,6500.0
Tamil Nadu,Thiruchirappalli,Musiri(Uzhavar Sandhai ),Knool Khol,Knool Khol,Local,2026-07-21,3000,3600,3300.0
Tamil Nadu,Thiruchirappalli,Musiri(Uzhavar Sandhai ),Lime,Lime,Local,2026-07-21,4000,4000,4000.0
Tamil Nadu,Thiruchirappalli,Musiri(Uzhavar Sandhai ),Indian Beans(Seam),Indian Beans (Seam),Local,2026-07-21,6000,7000,6500.0
Tamil Nadu,Thiruchirappalli,Musiri(Uzhavar Sandhai ),Colacasia,Colacasia,Local,2026-07-21,4000,4600,4300.0
Tamil Nadu,Thiruchirappalli,Musiri(Uzhavar Sandhai ),Mint(Pudina),Mint(Pudina),Local,2026-07-21,6000,6500,6250.0
Tamil Nadu,Thiruchirappalli,Musiri(Uzhavar Sandhai ),Sweet Corn ,Sweet Corn ,Local,2026-07-21,3000,3000,3000.0
Tamil Nadu,Thiruchirappalli,Thiruverumbur(Uzhavar Sandhai ),Cauliflower,Ranchi,Local,2026-07-21,4000,5000,4500.0
Tamil Nadu,Thiruchirappalli,Thiruverumbur(Uzhavar Sandhai ),Coriander(Leaves),I Sort,Local,2026-07-21,5400,5400,5400.0
Tamil Nadu,Thiruchirappalli,Thiruverumbur(Uzhavar Sandhai ),Bhindi(Ladies Finger),Bhindi,Local,2026-07-21,4000,4000,4000.0
Tamil Nadu,Thiruchirappalli,Thiruverumbur(Uzhavar Sandhai ),Banana - Green,Banana - Green,Local,2026-07-21,2500,2500,2500.0
Tamil Nadu,Thiruchirappalli,Thiruverumbur(Uzhavar Sandhai ),Beans,Beans (Whole),Local,2026-07-21,6400,6400,6400.0
Tamil Nadu,Thiruchirappalli,Thiruverumbur(Uzhavar Sandhai ),Ginger(Green),Green Ginger,Local,2026-07-21,20000,20000,20000.0
Tamil Nadu,Thiruchirappalli,Thiruverumbur(Uzhavar Sandhai ),Coconut,Coconut,Local,2026-07-21,6600,6600,6600.0
Tamil Nadu,Thiruchirappalli,Thiruverumbur(Uzhavar Sandhai ),Sweet Potato,Hosur Red,Local,2026-07-21,5000,5000,5000.0
Tamil Nadu,Thiruchirappalli,Thiruverumbur(Uzhavar Sandhai ),Beetroot,Beetroot,Local,2026-07-21,5000,5000,5000.0
Tamil Nadu,Thiruchirappalli,Thiruverumbur(Uzhavar Sandhai ),Raddish,Raddish,Local,2026-07-21,4000,4000,4000.0
Tamil Nadu,Thiruchirappalli,Thiruverumbur(Uzhavar Sandhai ),Green Avare(W),Other,Local,2026-07-21,7000,7000,7000.0
Tamil Nadu,Thiruchirappalli,Thiruverumbur(Uzhavar Sandhai ),Mango(Raw-Ripe),Mango - Raw-Ripe,Local,2026-07-21,3600,4000,3800.0
Tamil Nadu,Villupuram,Gingee(Uzhavar Sandhai ),Brinjal,Round,Local,2026-07-21,5000,5000,5000.0
Tamil Nadu,Villupuram,Gingee(Uzhavar Sandhai ),Carrot,Pusakesar,Local,2026-07-21,7500,7500,7500.0
Tamil Nadu,Villupuram,Gingee(Uzhavar Sandhai ),Snakeguard,Snakeguard,Local,2026-07-21,5000,5000,5000.0
Tamil Nadu,Villupuram,Gingee(Uzhavar Sandhai ),Thondekai,Thondekai,Local,2026-07-21,3500,4500,4000.0
Tamil Nadu,Villupuram,Gingee(Uzhavar Sandhai ),Knool Khol,Knool Khol,Local,2026-07-21,6000,6000,6000.0
Tamil Nadu,Villupuram,Gingee(Uzhavar Sandhai ),Lemon,Lemon,Local,2026-07-21,10000,10000,10000.0
Tamil Nadu,Villupuram,Gingee(Uzhavar Sandhai ),Amla(Nelli Kai),Amla,Local,2026-07-21,8000,8000,8000.0
Tamil Nadu,Villupuram,Gingee(Uzhavar Sandhai ),Onion Green,Onion Green,Local,2026-07-21,7000,7000,7000.0
Tamil Nadu,Villupuram,Gingee(Uzhavar Sandhai ),Mint(Pudina),Mint(Pudina),Local,2026-07-21,4000,4000,4000.0
Tamil Nadu,Virudhunagar,Rajapalayam(Uzhavar Sandhai ),Tomato,Deshi,Local,2026-07-21,1500,1800,1650.0
Tamil Nadu,Virudhunagar,Rajapalayam(Uzhavar Sandhai ),Bitter gourd,Bitter Gourd,Local,2026-07-21,6000,7000,6500.0
Tamil Nadu,Virudhunagar,Rajapalayam(Uzhavar Sandhai ),Pumpkin,Pumpkin,Local,2026-07-21,3500,4000,3750.0
Tamil Nadu,Virudhunagar,Rajapalayam(Uzhavar Sandhai ),Ridgeguard(Tori),Ridgeguard(Tori),Local,2026-07-21,5000,6000,5500.0
Tamil Nadu,Virudhunagar,Rajapalayam(Uzhavar Sandhai ),Drumstick,Drumstick,Local,2026-07-21,6000,7000,6500.0
Tamil Nadu,Virudhunagar,Rajapalayam(Uzhavar Sandhai ),Colacasia,Colacasia,Local,2026-07-21,5000,6000,5500.0
Tamil Nadu,Virudhunagar,Kariyapatti(Uzhavar Sandhai ),Tomato,Deshi,Local,2026-07-21,1800,2000,1900.0
Tamil Nadu,Virudhunagar,Kariyapatti(Uzhavar Sandhai ),Cluster beans,Cluster Beans,Local,2026-07-21,3000,3500,3250.0
Tamil Nadu,Virudhunagar,Kariyapatti(Uzhavar Sandhai ),Banana - Green,Banana - Green,Local,2026-07-21,3000,3500,3250.0
Tamil Nadu,Virudhunagar,Kariyapatti(Uzhavar Sandhai ),Beans,Beans (Whole),Local,2026-07-21,9000,10000,9500.0
Tamil Nadu,Virudhunagar,Kariyapatti(Uzhavar Sandhai ),Ginger(Green),Green Ginger,Local,2026-07-21,19000,20000,19500.0
Tamil Nadu,Virudhunagar,Kariyapatti(Uzhavar Sandhai ),Carrot,Pusakesar,Local,2026-07-21,7500,8000,7750.0
Tamil Nadu,Virudhunagar,Kariyapatti(Uzhavar Sandhai ),Ridgeguard(Tori),Ridgeguard(Tori),Local,2026-07-21,6500,7000,6750.0
Tamil Nadu,Virudhunagar,Kariyapatti(Uzhavar Sandhai ),Chow Chow,Chow Chow,Local,2026-07-21,3000,3500,3250.0
Tamil Nadu,Virudhunagar,Kariyapatti(Uzhavar Sandhai ),Guava,Guava Allahabad,Local,2026-07-21,3500,4000,3750.0
Tamil Nadu,Virudhunagar,Kariyapatti(Uzhavar Sandhai ),Yam(Ratalu),Yam (Ratalu),Local,2026-07-21,9000,10000,9500.0
Tamil Nadu,Virudhunagar,Sathur(Uzhavar Sandhai ),Coriander(Leaves),I Sort,Local,2026-07-21,7000,8000,7500.0
Tamil Nadu,Virudhunagar,Sathur(Uzhavar Sandhai ),Cluster beans,Cluster Beans,Local,2026-07-21,3500,4000,3750.0
Tamil Nadu,Virudhunagar,Sathur(Uzhavar Sandhai ),Raddish,Raddish,Local,2026-07-21,3000,3500,3250.0
Tamil Nadu,Virudhunagar,Sathur(Uzhavar Sandhai ),Green Avare(W),Green Avare (W),Local,2026-07-21,7500,8000,7750.0
Tamil Nadu,Virudhunagar,Sathur(Uzhavar Sandhai ),Drumstick,Drumstick,Local,2026-07-21,5500,6000,5750.0
Tamil Nadu,Virudhunagar,Thalavaipuram(Uzhavar Sandhai ),Cauliflower,Ranchi,Local,2026-07-21,2500,3000,2750.0
Tamil Nadu,Virudhunagar,Thalavaipuram(Uzhavar Sandhai ),Papaya,Papaya,Local,2026-07-21,3000,3500,3250.0
Tamil Nadu,Virudhunagar,Thalavaipuram(Uzhavar Sandhai ),Bitter gourd,Bitter Gourd,Local,2026-07-21,6000,7000,6500.0
Tamil Nadu,Virudhunagar,Thalavaipuram(Uzhavar Sandhai ),Pumpkin,Pumpkin,Local,2026-07-21,2500,3000,2750.0
Tamil Nadu,Virudhunagar,Thalavaipuram(Uzhavar Sandhai ),Bhindi(Ladies Finger),Bhindi,Local,2026-07-21,2000,2500,2250.0
Tamil Nadu,Virudhunagar,Thalavaipuram(Uzhavar Sandhai ),Green Chilli,Green Chilly,Local,2026-07-21,6000,7000,6500.0
Tamil Nadu,Virudhunagar,Thalavaipuram(Uzhavar Sandhai ),Ginger(Green),Green Ginger,Local,2026-07-21,18000,20000,19000.0
Tamil Nadu,Virudhunagar,Thalavaipuram(Uzhavar Sandhai ),Snakeguard,Snakeguard,Local,2026-07-21,4500,5000,4750.0
Tamil Nadu,Virudhunagar,Thalavaipuram(Uzhavar Sandhai ),Beetroot,Beetroot,Local,2026-07-21,4500,5500,5000.0
Tamil Nadu,Virudhunagar,Thalavaipuram(Uzhavar Sandhai ),Ridgeguard(Tori),Ridgeguard(Tori),Local,2026-07-21,5000,6000,5500.0
Tamil Nadu,Virudhunagar,Thalavaipuram(Uzhavar Sandhai ),Lime,Lime,Local,2026-07-21,18000,20000,19000.0
Tamil Nadu,Virudhunagar,Thalavaipuram(Uzhavar Sandhai ),Lemon,Lemon,Local,2026-07-21,5000,6000,5500.0
Tamil Nadu,Chengalpattu,Madhuranthagam(Uzhavar Sandhai ),Garlic,Garlic,Local,2026-07-21,16000,16000,16000.0
Tamil Nadu,Chengalpattu,Madhuranthagam(Uzhavar Sandhai ),Bhindi(Ladies Finger),Bhindi,Local,2026-07-21,5000,5000,5000.0
Tamil Nadu,Chengalpattu,Madhuranthagam(Uzhavar Sandhai ),Ginger(Green),Green Ginger,Local,2026-07-21,18000,18000,18000.0
Tamil Nadu,Chengalpattu,Madhuranthagam(Uzhavar Sandhai ),Ridgeguard(Tori),Ridgeguard(Tori),Local,2026-07-21,4000,4000,4000.0
Tamil Nadu,Chengalpattu,Madhuranthagam(Uzhavar Sandhai ),Green Avare(W),Green Avare (W),Local,2026-07-21,7000,7000,7000.0
Tamil Nadu,Chengalpattu,Nanganallur(Uzhavar Sandhai ),Onion,Bellary,Local,2026-07-21,2500,3000,2750.0
Tamil Nadu,Chengalpattu,Nanganallur(Uzhavar Sandhai ),Potato,Red Nanital,Local,2026-07-21,3000,4000,3500.0
Tamil Nadu,Chengalpattu,Nanganallur(Uzhavar Sandhai ),Garlic,Garlic,Local,2026-07-21,19000,20000,19500.0
Tamil Nadu,Chengalpattu,Nanganallur(Uzhavar Sandhai ),Green Chilli,Green Chilly,Local,2026-07-21,5000,6000,5500.0
Tamil Nadu,Chengalpattu,Nanganallur(Uzhavar Sandhai ),Banana - Green,Banana - Green,Local,2026-07-21,3500,4000,3750.0
Tamil Nadu,Chengalpattu,Nanganallur(Uzhavar Sandhai ),Beetroot,Beetroot,Local,2026-07-21,5000,6000,5500.0
Tamil Nadu,Chengalpattu,Nanganallur(Uzhavar Sandhai ),Raddish,Raddish,Local,2026-07-21,5000,6000,5500.0
Tamil Nadu,Chengalpattu,Nanganallur(Uzhavar Sandhai ),Drumstick,Drumstick,Local,2026-07-21,6000,7000,6500.0
Tamil Nadu,Chengalpattu,Nanganallur(Uzhavar Sandhai ),Pomegranate,Pomogranate,Local,2026-07-21,15000,16000,15500.0
Tamil Nadu,Chengalpattu,Nanganallur(Uzhavar Sandhai ),Marigold(Calcutta),Marigold(Calcutta),Local,2026-07-21,35000,36000,35500.0
Tamil Nadu,Chengalpattu,Nanganallur(Uzhavar Sandhai ),Rose(Local),Rose (Local),Local,2026-07-21,17000,18000,17500.0
Tamil Nadu,Chengalpattu,Pallavaram(Uzhavar Sandhai ),Coriander(Leaves),I Sort,Local,2026-07-21,8000,9000,8500.0
Tamil Nadu,Chengalpattu,Pallavaram(Uzhavar Sandhai ),Tomato,Other,Local,2026-07-21,1700,2000,1850.0
Tamil Nadu,Chengalpattu,Pallavaram(Uzhavar Sandhai ),Cluster beans,Cluster Beans,Local,2026-07-21,4000,5000,4500.0
Tamil Nadu,Chengalpattu,Pallavaram(Uzhavar Sandhai ),Bitter gourd,Other,Local,2026-07-21,6000,7000,6500.0
Tamil Nadu,Chengalpattu,Pallavaram(Uzhavar Sandhai ),Tapioca,Tapioca,Local,2026-07-21,3500,4000,3750.0
Tamil Nadu,Chengalpattu,Pallavaram(Uzhavar Sandhai ),Ginger(Green),Green Ginger,Local,2026-07-21,15000,18000,16500.0
Tamil Nadu,Chengalpattu,Pallavaram(Uzhavar Sandhai ),Green Avare(W),Other,Local,2026-07-21,6000,7000,6500.0
Tamil Nadu,Chengalpattu,Pallavaram(Uzhavar Sandhai ),Indian Beans(Seam),Indian Beans (Seam),Local,2026-07-21,9000,10000,9500.0
Tamil Nadu,Chengalpattu,Pallavaram(Uzhavar Sandhai ),Amla(Nelli Kai),Amla,Local,2026-07-21,10000,12000,11000.0
Tamil Nadu,Chengalpattu,Pallavaram(Uzhavar Sandhai ),Sweet Corn ,Sweet Corn ,Local,2026-07-21,4000,5000,4500.0
Tamil Nadu,Nagercoil (Kannyiakumari),Myladi(Uzhavar Sandhai ),Mango,Safeda,Local,2026-07-21,4500,5000,4750.0
Tamil Nadu,Nagercoil (Kannyiakumari),Myladi(Uzhavar Sandhai ),Potato,Red Nanital,Local,2026-07-21,2500,3000,2750.0
Tamil Nadu,Nagercoil (Kannyiakumari),Myladi(Uzhavar Sandhai ),Papaya,Papaya,Local,2026-07-21,2500,3000,2750.0
Tamil Nadu,Nagercoil (Kannyiakumari),Myladi(Uzhavar Sandhai ),Cluster beans,Cluster Beans,Local,2026-07-21,4000,4500,4250.0
Tamil Nadu,Nagercoil (Kannyiakumari),Myladi(Uzhavar Sandhai ),Coconut,Coconut,Local,2026-07-21,4200,4500,4350.0
Tamil Nadu,Nagercoil (Kannyiakumari),Myladi(Uzhavar Sandhai ),Tamarind Fruit,Tamarind Fruit,Local,2026-07-21,14000,15000,14500.0
Tamil Nadu,Chengalpattu,Jameenrayapettai(Uzhavar Sandhai ),Grapes,Annabesahai,Local,2026-07-21,10000,11000,10500.0
Tamil Nadu,Chengalpattu,Jameenrayapettai(Uzhavar Sandhai ),Groundnut,Big (With Shell),Local,2026-07-21,9000,10000,9500.0
Tamil Nadu,Chengalpattu,Jameenrayapettai(Uzhavar Sandhai ),Apple,American,Local,2026-07-21,24000,25000,24500.0
Tamil Nadu,Chengalpattu,Jameenrayapettai(Uzhavar Sandhai ),Cauliflower,Ranchi,Local,2026-07-21,2500,3000,2750.0
Tamil Nadu,Chengalpattu,Jameenrayapettai(Uzhavar Sandhai ),Mousambi(Sweet Lime),Mousambi,Local,2026-07-21,7000,8000,7500.0
Tamil Nadu,Chengalpattu,Jameenrayapettai(Uzhavar Sandhai ),Amaranthus,Amaranthus,Local,2026-07-21,2500,3000,2750.0
Tamil Nadu,Chengalpattu,Jameenrayapettai(Uzhavar Sandhai ),Banana - Green,Banana - Green,Local,2026-07-21,3500,4000,3750.0
Tamil Nadu,Chengalpattu,Jameenrayapettai(Uzhavar Sandhai ),Sweet Potato,Hosur Red,Local,2026-07-21,4000,5000,4500.0
Tamil Nadu,Chengalpattu,Jameenrayapettai(Uzhavar Sandhai ),Snakeguard,Snakeguard,Local,2026-07-21,4000,5000,4500.0
Tamil Nadu,Chengalpattu,Jameenrayapettai(Uzhavar Sandhai ),Knool Khol,Knool Khol,Local,2026-07-21,7000,8000,7500.0
Tamil Nadu,Chengalpattu,Jameenrayapettai(Uzhavar Sandhai ),Tube Rose(Loose),Tube Rose (Loose),Local,2026-07-21,18000,20000,19000.0
Tamil Nadu,Thirupathur,Natrampalli(Uzhavar Sandhai ),Mango,Safeda,Local,2026-07-21,2500,3000,2750.0
Tamil Nadu,Thirupathur,Natrampalli(Uzhavar Sandhai ),Potato,Red Nanital,Local,2026-07-21,3000,3500,3250.0
Tamil Nadu,Thirupathur,Natrampalli(Uzhavar Sandhai ),Brinjal,Round,Local,2026-07-21,4000,5000,4500.0
Tamil Nadu,Thirupathur,Natrampalli(Uzhavar Sandhai ),Tomato,Deshi,Local,2026-07-21,1000,1500,1250.0
Tamil Nadu,Thirupathur,Natrampalli(Uzhavar Sandhai ),Cluster beans,Cluster Beans,Local,2026-07-21,3000,4000,3500.0
Tamil Nadu,Thirupathur,Natrampalli(Uzhavar Sandhai ),Green Chilli,Green Chilly,Local,2026-07-21,5000,6000,5500.0
Tamil Nadu,Thirupathur,Natrampalli(Uzhavar Sandhai ),Ginger(Green),Green Ginger,Local,2026-07-21,18000,20000,19000.0
Tamil Nadu,Thirupathur,Natrampalli(Uzhavar Sandhai ),Coconut,Coconut,Local,2026-07-21,2500,3000,2750.0
Tamil Nadu,Thirupathur,Natrampalli(Uzhavar Sandhai ),Drumstick,Drumstick,Local,2026-07-21,4000,5000,4500.0
Tamil Nadu,Thirupur,Dharapuram(Uzhavar Sandhai ),Potato,Red Nanital,Local,2026-07-21,2500,3000,2750.0
Tamil Nadu,Thirupur,Dharapuram(Uzhavar Sandhai ),Bhindi(Ladies Finger),Bhindi,Local,2026-07-21,4500,5000,4750.0
Tamil Nadu,Thirupur,Dharapuram(Uzhavar Sandhai ),Carrot,Pusakesar,Local,2026-07-21,8000,9000,8500.0
Tamil Nadu,Thirupur,Dharapuram(Uzhavar Sandhai ),Elephant Yam(Suran)/Amorphophallus,Elephant Yam (Suran),Local,2026-07-21,4500,5000,4750.0
Tamil Nadu,Thirupur,Palladam(Uzhavar Sandhai ),Brinjal,Other,Local,2026-07-21,3500,4000,3750.0
Tamil Nadu,Thirupur,Palladam(Uzhavar Sandhai ),Chikoos(Sapota),Sapota,Local,2026-07-21,3000,4000,3500.0
Tamil Nadu,Thirupur,Palladam(Uzhavar Sandhai ),Bottle gourd,Bottle Gourd,Local,2026-07-21,1500,2000,1750.0
Tamil Nadu,Thirupur,Palladam(Uzhavar Sandhai ),Bhindi(Ladies Finger),Bhindi,Local,2026-07-21,4000,5000,4500.0
Tamil Nadu,Thirupur,Palladam(Uzhavar Sandhai ),Green Chilli,Green Chilly,Local,2026-07-21,4000,5000,4500.0
Tamil Nadu,Thirupur,Palladam(Uzhavar Sandhai ),Carrot,Pusakesar,Local,2026-07-21,7500,8000,7750.0
Tamil Nadu,Thirupur,Palladam(Uzhavar Sandhai ),Thondekai,Thondekai,Local,2026-07-21,3500,4000,3750.0
Tamil Nadu,Thirupur,Palladam(Uzhavar Sandhai ),Mango(Raw-Ripe),Mango - Raw-Ripe,Local,2026-07-21,2000,2500,2250.0
Nagaland,Wokha,Wokha Town APMC,Banana,Other,Local,2026-07-21,3460,3850,3620.0
Nagaland,Wokha,Wokha Town APMC,Chow Chow,Chow Chow,Local,2026-07-21,2000,2560,2240.0
Tamil Nadu,Coimbatore,Vadavalli(Uzhavar Sandhai ),Orange,Darjeeling,Local,2026-07-21,12000,14000,13000.0
Tamil Nadu,Coimbatore,Vadavalli(Uzhavar Sandhai ),Cauliflower,Ranchi,Local,2026-07-21,3800,4500,4150.0
Tamil Nadu,Coimbatore,Vadavalli(Uzhavar Sandhai ),Tomato,Local,Local,2026-07-21,1400,1900,1650.0
Tamil Nadu,Coimbatore,Vadavalli(Uzhavar Sandhai ),Cluster beans,Cluster Beans,Local,2026-07-21,3600,4200,3900.0
Tamil Nadu,Coimbatore,Vadavalli(Uzhavar Sandhai ),Bottle gourd,Bottle Gourd,Local,2026-07-21,2800,3200,3000.0
Tamil Nadu,Coimbatore,Vadavalli(Uzhavar Sandhai ),Pumpkin,Pumpkin,Local,2026-07-21,1500,2000,1750.0
Tamil Nadu,Coimbatore,Vadavalli(Uzhavar Sandhai ),Green Chilli,Green Chilly,Local,2026-07-21,4500,5500,5000.0
Tamil Nadu,Coimbatore,Vadavalli(Uzhavar Sandhai ),Banana - Green,Banana - Green,Local,2026-07-21,3500,4200,3850.0
Tamil Nadu,Coimbatore,Vadavalli(Uzhavar Sandhai ),Snakeguard,Snakeguard,Local,2026-07-21,3200,3500,3350.0
Tamil Nadu,Coimbatore,Vadavalli(Uzhavar Sandhai ),Cucumbar(Kheera),Cucumbar,Local,2026-07-21,3800,4200,4000.0
Tamil Nadu,Coimbatore,Vadavalli(Uzhavar Sandhai ),Capsicum,Capsicum,Local,2026-07-21,8000,9000,8500.0
Tamil Nadu,Coimbatore,Vadavalli(Uzhavar Sandhai ),Guava,Guava Allahabad,Local,2026-07-21,5500,6000,5750.0
Tamil Nadu,Coimbatore,Vadavalli(Uzhavar Sandhai ),Pomegranate,Pomogranate,Local,2026-07-21,21500,23500,22500.0
Tamil Nadu,Coimbatore,Vadavalli(Uzhavar Sandhai ),Indian Beans(Seam),Indian Beans (Seam),Local,2026-07-21,5200,6000,5600.0
Tamil Nadu,Coimbatore,Vadavalli(Uzhavar Sandhai ),Onion Green,Onion Green,Local,2026-07-21,5200,5800,5500.0
Tamil Nadu,Dindigul,Vedasanthur(Uzhavar Sandhai ),Onion,Bellary,Local,2026-07-21,4000,4400,4200.0
Tamil Nadu,Dindigul,Vedasanthur(Uzhavar Sandhai ),Bottle gourd,Bottle Gourd,Local,2026-07-21,1500,2000,1750.0
Uttar Pradesh,Bulandshahar,Gulavati APMC,Sponge gourd,Other,FAQ,2026-07-21,2000,2200,2100.0
Uttar Pradesh,Bulandshahar,Gulavati APMC,Cucumbar(Kheera),Cucumbar,FAQ,2026-07-21,1400,1600,1500.0
Tripura,South Tripura,Barpathari APMC,Pointed gourd(Parval),Pointed gourd (Parval),Local,2026-07-21,3900,4100,4000.0
Tamil Nadu,Erode,Gobichettipalayam(Uzhavar Sandhai ),Banana,Besrai,Local,2026-07-21,3700,4400,4050.0
Tamil Nadu,Erode,Gobichettipalayam(Uzhavar Sandhai ),Onion,Bellary,Local,2026-07-21,3500,4000,3750.0
Tamil Nadu,Erode,Gobichettipalayam(Uzhavar Sandhai ),Coriander(Leaves),I Sort,Local,2026-07-21,6200,6500,6350.0
Tamil Nadu,Erode,Gobichettipalayam(Uzhavar Sandhai ),Banana - Green,Banana - Green,Local,2026-07-21,2400,2600,2500.0
Tamil Nadu,Erode,Gobichettipalayam(Uzhavar Sandhai ),Drumstick,Drumstick,Local,2026-07-21,6400,6600,6500.0
Tamil Nadu,Erode,Gobichettipalayam(Uzhavar Sandhai ),Sweet Corn ,Sweet Corn ,Local,2026-07-21,4200,4500,4350.0
Tamil Nadu,Vellore,Pallikonda(Uzhavar Sandhai),Bottle gourd,Bottle Gourd,Local,2026-07-21,2400,2400,2400.0
Tamil Nadu,Vellore,Pallikonda(Uzhavar Sandhai),Ridgeguard(Tori),Ridgeguard(Tori),Local,2026-07-21,4000,4000,4000.0
Tamil Nadu,Vellore,Pallikonda(Uzhavar Sandhai),Green Avare(W),Green Avare (W),Local,2026-07-21,4500,4500,4500.0
Tamil Nadu,Vellore,Pallikonda(Uzhavar Sandhai),Drumstick,Drumstick,Local,2026-07-21,6500,6500,6500.0
Tamil Nadu,Vellore,Pallikonda(Uzhavar Sandhai),Colacasia,Colacasia,Local,2026-07-21,4000,4000,4000.0
Tamil Nadu,Vellore,Pallikonda(Uzhavar Sandhai),Mint(Pudina),Mint(Pudina),Local,2026-07-21,4500,4500,4500.0
Tamil Nadu,Vellore,Pallikonda(Uzhavar Sandhai),Sweet Corn ,Sweet Corn ,Local,2026-07-21,3000,3000,3000.0
Tamil Nadu,Pudukkottai,Ponnamaravathi(Uzhavar Sandhai),Banana,Besrai,Local,2026-07-21,5500,6000,5750.0
Tamil Nadu,Pudukkottai,Ponnamaravathi(Uzhavar Sandhai),Brinjal,Round,Local,2026-07-21,6500,7000,6750.0
Tamil Nadu,Pudukkottai,Ponnamaravathi(Uzhavar Sandhai),Bitter gourd,Bitter Gourd,Local,2026-07-21,9500,10000,9750.0
Tamil Nadu,Pudukkottai,Ponnamaravathi(Uzhavar Sandhai),Bottle gourd,Bottle Gourd,Local,2026-07-21,2000,2500,2250.0
Tamil Nadu,Pudukkottai,Ponnamaravathi(Uzhavar Sandhai),Ashgourd,Gouard,Local,2026-07-21,1000,1500,1250.0
Tamil Nadu,Pudukkottai,Ponnamaravathi(Uzhavar Sandhai),Ridgeguard(Tori),Ridgeguard(Tori),Local,2026-07-21,7500,8000,7750.0
Tamil Nadu,Pudukkottai,Ponnamaravathi(Uzhavar Sandhai),Raddish,Raddish,Local,2026-07-21,3500,4000,3750.0
Tamil Nadu,Pudukkottai,Ponnamaravathi(Uzhavar Sandhai),Drumstick,Drumstick,Local,2026-07-21,6500,7000,6750.0
Tamil Nadu,Pudukkottai,Ponnamaravathi(Uzhavar Sandhai),Mango(Raw-Ripe),Mango - Raw-Ripe,Local,2026-07-21,2500,3000,2750.0
Tamil Nadu,Nagapattinam,Mayiladuthurai(Uzhavar Sandhai ),Bottle gourd,Bottle Gourd,Local,2026-07-21,2500,3000,2750.0
Tamil Nadu,Nagapattinam,Mayiladuthurai(Uzhavar Sandhai ),Bhindi(Ladies Finger),Bhindi,Local,2026-07-21,4500,5000,4750.0
Tamil Nadu,Nagapattinam,Mayiladuthurai(Uzhavar Sandhai ),Banana - Green,Banana - Green,Local,2026-07-21,3000,3500,3250.0
Tamil Nadu,Nagapattinam,Mayiladuthurai(Uzhavar Sandhai ),Mango(Raw-Ripe),Mango - Raw-Ripe,Local,2026-07-21,1500,2000,1750.0
Tamil Nadu,Nagapattinam,Mayiladuthurai(Uzhavar Sandhai ),Onion Green,Onion Green,Local,2026-07-21,5500,6000,5750.0
Tamil Nadu,Nagapattinam,Mayiladuthurai(Uzhavar Sandhai ),Mint(Pudina),Mint(Pudina),Local,2026-07-21,4000,4500,4250.0
Tamil Nadu,Pudukkottai,Viralimalai(Uzhavar Sandhai ),Bitter gourd,Bitter Gourd,Local,2026-07-21,10000,11000,10500.0
Tamil Nadu,Pudukkottai,Viralimalai(Uzhavar Sandhai ),Coconut,Coconut,Local,2026-07-21,3500,4000,3750.0
Tamil Nadu,Pudukkottai,Viralimalai(Uzhavar Sandhai ),Raddish,Raddish,Local,2026-07-21,3500,4000,3750.0
Tamil Nadu,Pudukkottai,Viralimalai(Uzhavar Sandhai ),Drumstick,Drumstick,Local,2026-07-21,6500,7000,6750.0
Tamil Nadu,Pudukkottai,Viralimalai(Uzhavar Sandhai ),Mango(Raw-Ripe),Mango - Raw-Ripe,Local,2026-07-21,2500,3000,2750.0
Tamil Nadu,Pudukkottai,Viralimalai(Uzhavar Sandhai ),Amla(Nelli Kai),Amla,Local,2026-07-21,5500,6000,5750.0
Tamil Nadu,Pudukkottai,Viralimalai(Uzhavar Sandhai ),Onion Green,Onion Green,Local,2026-07-21,6500,7000,6750.0
Tamil Nadu,Pudukkottai,Viralimalai(Uzhavar Sandhai ),Mint(Pudina),Mint(Pudina),Local,2026-07-21,3500,4000,3750.0
Tamil Nadu,Ramanathapuram,Kamuthi(Uzhavar Sandhai ),Tomato,Other,Local,2026-07-21,2500,3000,2750.0
Tamil Nadu,Ramanathapuram,Kamuthi(Uzhavar Sandhai ),Green Chilli,Green Chilly,Local,2026-07-21,6000,6000,6000.0
Tamil Nadu,Ramanathapuram,Paramakudi(Uzhavar Sandhai ),Banana,Besrai,Local,2026-07-21,4500,5000,4750.0
Tamil Nadu,Ramanathapuram,Paramakudi(Uzhavar Sandhai ),Onion,Bellary,Local,2026-07-21,4000,4500,4250.0
Tamil Nadu,Ramanathapuram,Paramakudi(Uzhavar Sandhai ),Bitter gourd,Bitter Gourd,Local,2026-07-21,5500,6000,5750.0
Tamil Nadu,Ramanathapuram,Paramakudi(Uzhavar Sandhai ),Beans,Beans (Whole),Local,2026-07-21,9000,10000,9500.0
Tamil Nadu,Ramanathapuram,Paramakudi(Uzhavar Sandhai ),Chow Chow,Chow Chow,Local,2026-07-21,4000,4200,4100.0
Tamil Nadu,Ramanathapuram,Paramakudi(Uzhavar Sandhai ),Drumstick,Drumstick,Local,2026-07-21,6000,6500,6250.0
Tamil Nadu,Ramanathapuram,Paramakudi(Uzhavar Sandhai ),Colacasia,Colacasia,Local,2026-07-21,6500,7000,6750.0
Tamil Nadu,Ramanathapuram,Ramanathapuram(Uzhavar Sandhai ),Soyabean,Local,Local,2026-07-21,9000,9500,9250.0
Tamil Nadu,Ramanathapuram,Ramanathapuram(Uzhavar Sandhai ),Onion,Bellary,Local,2026-07-21,4800,5000,4900.0
Tamil Nadu,Ramanathapuram,Ramanathapuram(Uzhavar Sandhai ),Cauliflower,Ranchi,Local,2026-07-21,5500,6000,5750.0
Tamil Nadu,Ramanathapuram,Ramanathapuram(Uzhavar Sandhai ),Ashgourd,Gouard,Local,2026-07-21,2200,2500,2350.0
Tamil Nadu,Ramanathapuram,Ramanathapuram(Uzhavar Sandhai ),Amaranthus,Amaranthus,Local,2026-07-21,3500,4000,3750.0
Tamil Nadu,Ramanathapuram,Ramanathapuram(Uzhavar Sandhai ),Green Chilli,Green Chilly,Local,2026-07-21,6000,6500,6250.0
Tamil Nadu,Ramanathapuram,Ramanathapuram(Uzhavar Sandhai ),Carrot,Pusakesar,Local,2026-07-21,5500,6000,5750.0
Tamil Nadu,Ramanathapuram,Ramanathapuram(Uzhavar Sandhai ),Chow Chow,Chow Chow,Local,2026-07-21,4200,4500,4350.0
Tamil Nadu,Ramanathapuram,Ramanathapuram(Uzhavar Sandhai ),Mango(Raw-Ripe),Mango - Raw-Ripe,Local,2026-07-21,3000,3500,3250.0
Tamil Nadu,Ramanathapuram,Ramanathapuram(Uzhavar Sandhai ),Tube Flower,Tube Flower,Local,2026-07-21,80000,85000,82500.0
Tamil Nadu,Ramanathapuram,Ramanathapuram(Uzhavar Sandhai ),Marigold(Calcutta),Marigold(Calcutta),Local,2026-07-21,8000,8500,8250.0
Tamil Nadu,Pudukkottai,Alangudi(Uzhavar Sandhai ),Ashgourd,Gouard,Local,2026-07-21,1000,1500,1250.0
Tamil Nadu,Thiruvannamalai,Arani(Uzhavar Sandhai ),Potato,Red Nanital,Local,2026-07-21,2500,3000,2750.0
Tamil Nadu,Thiruvannamalai,Arani(Uzhavar Sandhai ),Brinjal,Round,Local,2026-07-21,7000,8000,7500.0
Tamil Nadu,Thiruvannamalai,Arani(Uzhavar Sandhai ),Chikoos(Sapota),Sapota,Local,2026-07-21,4000,5000,4500.0
Tamil Nadu,Thiruvannamalai,Arani(Uzhavar Sandhai ),Bitter gourd,Other,Local,2026-07-21,4000,4800,4400.0
Tamil Nadu,Thiruvannamalai,Arani(Uzhavar Sandhai ),Ridgeguard(Tori),Ridgeguard(Tori),Local,2026-07-21,3500,4200,3850.0
Tamil Nadu,Thiruvannamalai,Arani(Uzhavar Sandhai ),Raddish,Raddish,Local,2026-07-21,2500,3000,2750.0
Tamil Nadu,Thiruvannamalai,Arani(Uzhavar Sandhai ),Knool Khol,Knool Khol,Local,2026-07-21,5000,6000,5500.0
Tamil Nadu,Thiruvannamalai,Arani(Uzhavar Sandhai ),Tender Coconut,Tender Coconut,Local,2026-07-21,1500,2000,1750.0
Tamil Nadu,Thiruvannamalai,Arani(Uzhavar Sandhai ),Yam(Ratalu),Yam (Ratalu),Local,2026-07-21,5000,6000,5500.0
Tamil Nadu,Thiruvannamalai,Polur(Uzhavar Sandhai ),Onion,Bellary,Local,2026-07-21,3000,4000,3500.0
Tamil Nadu,Thiruvannamalai,Polur(Uzhavar Sandhai ),Coriander(Leaves),I Sort,Local,2026-07-21,4500,5000,4750.0
Tamil Nadu,Thiruvannamalai,Polur(Uzhavar Sandhai ),Pumpkin,Pumpkin,Local,2026-07-21,1500,2000,1750.0
Tamil Nadu,Thiruvannamalai,Polur(Uzhavar Sandhai ),Sweet Potato,Hosur Red,Local,2026-07-21,3600,4000,3800.0
Tamil Nadu,Thiruvannamalai,Polur(Uzhavar Sandhai ),Mango(Raw-Ripe),Mango - Raw-Ripe,Local,2026-07-21,1500,2000,1750.0
Tamil Nadu,Thiruvannamalai,Polur(Uzhavar Sandhai ),Knool Khol,Knool Khol,Local,2026-07-21,5000,6000,5500.0
Tamil Nadu,Thiruvannamalai,Polur(Uzhavar Sandhai ),Jack Fruit(Ripe),Jack Fruit,Local,2026-07-21,1500,2000,1750.0
Tamil Nadu,Thiruvannamalai,Polur(Uzhavar Sandhai ),Rose(Local),Rose (Local),Local,2026-07-21,18000,20000,19000.0
Tamil Nadu,Thiruvannamalai,Tiruvannamalai(Uzhavar Sandhai ),Banana,Besrai,Local,2026-07-21,4000,5000,4500.0
Tamil Nadu,Thiruvannamalai,Tiruvannamalai(Uzhavar Sandhai ),Cauliflower,Ranchi,Local,2026-07-21,3500,4000,3750.0
Tamil Nadu,Thiruvannamalai,Tiruvannamalai(Uzhavar Sandhai ),Brinjal,Round,Local,2026-07-21,6400,7200,6800.0
Tamil Nadu,Thiruvannamalai,Tiruvannamalai(Uzhavar Sandhai ),Water Melon,Water Melon,Local,2026-07-21,2000,2500,2250.0
Tamil Nadu,Thiruvannamalai,Tiruvannamalai(Uzhavar Sandhai ),Amaranthus,Amaranthus,Local,2026-07-21,3500,4000,3750.0
Tamil Nadu,Thiruvannamalai,Tiruvannamalai(Uzhavar Sandhai ),Green Chilli,Green Chilly,Local,2026-07-21,5000,6000,5500.0
Tamil Nadu,Thiruvannamalai,Tiruvannamalai(Uzhavar Sandhai ),Carrot,Pusakesar,Local,2026-07-21,6400,7200,6800.0
Tamil Nadu,Thiruvannamalai,Tiruvannamalai(Uzhavar Sandhai ),Cabbage,Cabbage,Local,2026-07-21,3500,4000,3750.0
Tamil Nadu,Thiruvannamalai,Tiruvannamalai(Uzhavar Sandhai ),Raddish,Raddish,Local,2026-07-21,3000,3600,3300.0
Tamil Nadu,Thiruvannamalai,Tiruvannamalai(Uzhavar Sandhai ),Capsicum,Capsicum,Local,2026-07-21,8000,9000,8500.0
Tamil Nadu,Thiruvannamalai,Tiruvannamalai(Uzhavar Sandhai ),Green Avare(W),Green Avare (W),Local,2026-07-21,5000,6000,5500.0
Tamil Nadu,Thiruvannamalai,Tiruvannamalai(Uzhavar Sandhai ),Chow Chow,Chow Chow,Local,2026-07-21,4000,4800,4400.0
Tamil Nadu,Thiruvannamalai,Tiruvannamalai(Uzhavar Sandhai ),Guava,Guava Allahabad,Local,2026-07-21,5000,6000,5500.0
Tamil Nadu,Thiruvannamalai,Tiruvannamalai(Uzhavar Sandhai ),Pomegranate,Pomogranate,Local,2026-07-21,18000,20000,19000.0
Tamil Nadu,Thiruvannamalai,Tiruvannamalai(Uzhavar Sandhai ),Elephant Yam(Suran)/Amorphophallus,Elephant Yam (Suran),Local,2026-07-21,5000,6000,5500.0
Tamil Nadu,Thiruvannamalai,Tiruvannamalai(Uzhavar Sandhai ),Onion Green,Onion Green,Local,2026-07-21,7000,8000,7500.0
Tamil Nadu,Thiruvarur,Tiruthuraipoondi(Uzhavar Sandhai ),Brinjal,Round,Local,2026-07-21,4400,4400,4400.0
Tamil Nadu,Thiruvarur,Tiruthuraipoondi(Uzhavar Sandhai ),Papaya,Papaya,Local,2026-07-21,3500,3500,3500.0
Tamil Nadu,Thiruvarur,Tiruthuraipoondi(Uzhavar Sandhai ),Tamarind Fruit,Tamarind Fruit,Local,2026-07-21,15000,15000,15000.0
Tamil Nadu,Thiruvellore,Ambattur(Uzhavar Sandhai ),Tomato,Deshi,Local,2026-07-21,2500,2500,2500.0
Tamil Nadu,Tuticorin,Kovilpatti(Uzhavar Sandhai ),Brinjal,Other,Local,2026-07-21,4000,4500,4250.0
Tamil Nadu,Tuticorin,Kovilpatti(Uzhavar Sandhai ),Cluster beans,Cluster Beans,Local,2026-07-21,3000,3500,3250.0
Tamil Nadu,Tuticorin,Kovilpatti(Uzhavar Sandhai ),Bhindi(Ladies Finger),Bhindi,Local,2026-07-21,2000,2500,2250.0
Tamil Nadu,Tuticorin,Kovilpatti(Uzhavar Sandhai ),Amaranthus,Amaranthus,Local,2026-07-21,1500,1800,1650.0
Tamil Nadu,Tuticorin,Kovilpatti(Uzhavar Sandhai ),Green Chilli,Green Chilly,Local,2026-07-21,5500,6000,5750.0
Tamil Nadu,Tuticorin,Kovilpatti(Uzhavar Sandhai ),Ginger(Green),Green Ginger,Local,2026-07-21,17000,18000,17500.0
Tamil Nadu,Tuticorin,Kovilpatti(Uzhavar Sandhai ),Raddish,Raddish,Local,2026-07-21,3500,4000,3750.0
Tamil Nadu,Tuticorin,Kovilpatti(Uzhavar Sandhai ),Lime,Lime,Local,2026-07-21,16000,17000,16500.0
Tamil Nadu,Tuticorin,Kovilpatti(Uzhavar Sandhai ),Yam(Ratalu),Yam (Ratalu),Local,2026-07-21,8000,8500,8250.0
Tamil Nadu,Vellore,Gudiyatham(Uzhavar Sandhai ),Garlic,Garlic,Local,2026-07-21,22000,22000,22000.0
Tamil Nadu,Vellore,Gudiyatham(Uzhavar Sandhai ),Tapioca,Tapioca,Local,2026-07-21,3000,3000,3000.0
Tamil Nadu,Vellore,Gudiyatham(Uzhavar Sandhai ),Guava,Guava Allahabad,Local,2026-07-21,4500,4500,4500.0
Tamil Nadu,Vellore,Gudiyatham(Uzhavar Sandhai ),Yam(Ratalu),Yam (Ratalu),Local,2026-07-21,6600,6600,6600.0
Tamil Nadu,Vellore,Kahithapattarai(Uzhavar Sandhai ),Mango,Safeda,Local,2026-07-21,5000,6000,5500.0
Tamil Nadu,Vellore,Kahithapattarai(Uzhavar Sandhai ),Onion,Bellary,Local,2026-07-21,3800,3800,3800.0
Tamil Nadu,Vellore,Kahithapattarai(Uzhavar Sandhai ),Garlic,Garlic,Local,2026-07-21,19000,19000,19000.0
Tamil Nadu,Vellore,Kahithapattarai(Uzhavar Sandhai ),Tomato,Deshi,Local,2026-07-21,1500,1800,1650.0
Tamil Nadu,Vellore,Kahithapattarai(Uzhavar Sandhai ),Carrot,Pusakesar,Local,2026-07-21,6500,6500,6500.0
Tamil Nadu,Vellore,Kahithapattarai(Uzhavar Sandhai ),Green Avare(W),Other,Local,2026-07-21,5000,5000,5000.0
Tamil Nadu,Vellore,Kahithapattarai(Uzhavar Sandhai ),Jasmine,Jasmine,Local,2026-07-21,44000,44000,44000.0
Tamil Nadu,Vellore,Kahithapattarai(Uzhavar Sandhai ),Marigold(Calcutta),Marigold(Calcutta),Local,2026-07-21,24000,24000,24000.0
Tamil Nadu,Vellore,Kahithapattarai(Uzhavar Sandhai ),Colacasia,Colacasia,Local,2026-07-21,3500,3500,3500.0
Tamil Nadu,Vellore,Kahithapattarai(Uzhavar Sandhai ),Onion Green,Onion Green,Local,2026-07-21,4500,4500,4500.0
Andaman and Nicobar,North and Middle Andaman ,Mayabander Vegetable Market,Amaranthus,Amaranthus,FAQ,2026-07-21,4000,6000,5000.0
Telangana,Khammam,Sattupally APMC,Paddy(Common),Common,Non-FAQ,2026-07-21,2300,2369,2350.0
Keralam,Kottayam,Pampady Market,Cauliflower,Cauliflower,FAQ,2026-07-21,4000,5500,5000.0
Keralam,Kottayam,Pampady Market,Ashgourd,Ashgourd,FAQ,2026-07-21,2500,3500,3000.0
Keralam,Kottayam,Pampady Market,Colacasia,Other,FAQ,2026-07-21,4600,5500,5000.0
Keralam,Kottayam,Pampady Market,Cucumbar(Kheera),Cucumbar,FAQ,2026-07-21,2000,3500,3000.0
Keralam,Kottayam,Pampady Market,Green Chilli,Green Chilly,FAQ,2026-07-21,5000,7000,6000.0
Keralam,Kottayam,Pampady Market,Snakeguard,Snakeguard,FAQ,2026-07-21,4000,5500,5000.0
Tamil Nadu,Thiruvannamalai,Cheyyar(Uzhavar Sandhai ),Cluster beans,Cluster Beans,Local,2026-07-21,4000,4800,4400.0
Tamil Nadu,Thiruvannamalai,Cheyyar(Uzhavar Sandhai ),Ashgourd,Gouard,Local,2026-07-21,2000,2500,2250.0
Tamil Nadu,Thiruvannamalai,Cheyyar(Uzhavar Sandhai ),Beetroot,Beetroot,Local,2026-07-21,4000,4800,4400.0
Tamil Nadu,Thiruvannamalai,Cheyyar(Uzhavar Sandhai ),Thondekai,Thondekai,Local,2026-07-21,3500,4000,3750.0
Tamil Nadu,Thiruvannamalai,Cheyyar(Uzhavar Sandhai ),Chow Chow,Chow Chow,Local,2026-07-21,4000,4800,4400.0
Tamil Nadu,Thiruvannamalai,Cheyyar(Uzhavar Sandhai ),Yam(Ratalu),Yam (Ratalu),Local,2026-07-21,5000,6000,5500.0
Tamil Nadu,Thiruvannamalai,Cheyyar(Uzhavar Sandhai ),Amla(Nelli Kai),Amla,Local,2026-07-21,5000,6000,5500.0
Andhra Pradesh,Eluru,Eluru APMC,Lemon,Lemon,Local,2026-07-21,2800,7500,6000.0
Tamil Nadu,Ariyalur,Ariyalur(Uzhavar Sandhai),Coconut,Coconut,Local,2026-07-21,6000,6500,6250.0
Tamil Nadu,Ariyalur,Ariyalur(Uzhavar Sandhai),Raddish,Raddish,Local,2026-07-21,4000,4500,4250.0
Odisha,Sundergarh,Panposh APMC,Bhindi(Ladies Finger),Other,FAQ,2026-07-21,3000,3500,3200.0
Odisha,Sundergarh,Panposh APMC,Bottle gourd,Other,FAQ,2026-07-21,1500,2400,2000.0
Uttar Pradesh,Amroha,Hasanpur APMC,Banana - Green,Banana - Green,FAQ,2026-07-21,1450,1520,1500.0
Uttar Pradesh,Amroha,Hasanpur APMC,Bottle gourd,Bottle Gourd,FAQ,2026-07-21,1850,2020,2000.0
Uttar Pradesh,Amroha,Hasanpur APMC,Brinjal,Round/Long,FAQ,2026-07-21,1450,1520,1500.0
Uttar Pradesh,Amroha,Hasanpur APMC,Cabbage,Cabbage,FAQ,2026-07-21,1450,1520,1500.0
Uttar Pradesh,Amroha,Hasanpur APMC,Cucumbar(Kheera),Cucumbar,FAQ,2026-07-21,2500,3010,3000.0
Uttar Pradesh,Amroha,Hasanpur APMC,Cauliflower,Local,FAQ,2026-07-21,2500,3020,3000.0
Uttar Pradesh,Amroha,Hasanpur APMC,Colacasia,Colacasia,FAQ,2026-07-21,1450,1520,1450.0
Uttar Pradesh,Amroha,Hasanpur APMC,Ridgeguard(Tori),Ridgeguard(Tori),FAQ,2026-07-21,1850,2500,2000.0
Uttar Pradesh,Amroha,Hasanpur APMC,Sponge gourd,Other,FAQ,2026-07-21,1450,1520,1500.0
Odisha,Sundergarh,Sargipali APMC,Green Chilli,Other,FAQ,2026-07-21,9000,9800,9500.0
Himachal Pradesh,Kangra,SMY Baijnath,Papaya,Papaya,Grade B,2026-07-21,4200,4500,4500.0
Himachal Pradesh,Kangra,SMY Baijnath,Cabbage,Cabbage,Grade A,2026-07-21,3200,3500,3400.0
Tamil Nadu,Coimbatore,Mettupalayam(Uzhavar Sandhai ),Groundnut,Big (With Shell),Local,2026-07-21,7000,8000,7500.0
Tamil Nadu,Coimbatore,Mettupalayam(Uzhavar Sandhai ),Garlic,Garlic,Local,2026-07-21,16000,18000,17000.0
Tamil Nadu,Coimbatore,Mettupalayam(Uzhavar Sandhai ),Water Melon,Water Melon,Local,2026-07-21,2000,2500,2250.0
Tamil Nadu,Coimbatore,Mettupalayam(Uzhavar Sandhai ),Green Chilli,Green Chilly,Local,2026-07-21,4400,4800,4600.0
Tamil Nadu,Coimbatore,Mettupalayam(Uzhavar Sandhai ),Cowpea(Veg),Cowpea (Veg),Local,2026-07-21,3500,4000,3750.0
Tamil Nadu,Coimbatore,Mettupalayam(Uzhavar Sandhai ),Beans,Beans (Whole),Local,2026-07-21,5000,5800,5400.0
Tamil Nadu,Coimbatore,Mettupalayam(Uzhavar Sandhai ),Ginger(Green),Green Ginger,Local,2026-07-21,12000,16500,14250.0
Tamil Nadu,Coimbatore,Mettupalayam(Uzhavar Sandhai ),Coconut,Coconut,Local,2026-07-21,4500,5000,4750.0
Tamil Nadu,Coimbatore,Mettupalayam(Uzhavar Sandhai ),Sweet Potato,Hosur Red,Local,2026-07-21,3000,3600,3300.0
Tamil Nadu,Coimbatore,Mettupalayam(Uzhavar Sandhai ),Ridgeguard(Tori),Ridgeguard(Tori),Local,2026-07-21,4500,5500,5000.0
Tamil Nadu,Coimbatore,Mettupalayam(Uzhavar Sandhai ),Capsicum,Capsicum,Local,2026-07-21,8000,9000,8500.0
Tamil Nadu,Coimbatore,Mettupalayam(Uzhavar Sandhai ),Jack Fruit(Ripe),Jack Fruit,Local,2026-07-21,3500,4000,3750.0
Tamil Nadu,Coimbatore,Mettupalayam(Uzhavar Sandhai ),Tender Coconut,Tender Coconut,Local,2026-07-21,3500,4000,3750.0
Tamil Nadu,Coimbatore,Mettupalayam(Uzhavar Sandhai ),Mint(Pudina),Mint(Pudina),Local,2026-07-21,7000,8000,7500.0
Tamil Nadu,Coimbatore,Mettupalayam(Uzhavar Sandhai ),Baby Corn,Baby Corn,Grade A,2026-07-21,2500,3000,2750.0
Tamil Nadu,Erode,Sathiyamagalam(Uzhavar Sandhai ),Ashgourd,Gouard,Local,2026-07-21,2000,2300,2150.0
Tamil Nadu,Erode,Sathiyamagalam(Uzhavar Sandhai ),Cowpea(Veg),Cowpea (Veg),Local,2026-07-21,2000,2600,2300.0
Tamil Nadu,Erode,Sathiyamagalam(Uzhavar Sandhai ),Raddish,Raddish,Local,2026-07-21,3000,3300,3150.0
Tamil Nadu,Erode,Sathiyamagalam(Uzhavar Sandhai ),Chow Chow,Chow Chow,Local,2026-07-21,2500,3000,2750.0
Tamil Nadu,Erode,Sathiyamagalam(Uzhavar Sandhai ),Drumstick,Drumstick,Local,2026-07-21,6500,7000,6750.0
Tamil Nadu,Erode,Sathiyamagalam(Uzhavar Sandhai ),Guava,Guava Allahabad,Local,2026-07-21,5000,5400,5200.0
Tamil Nadu,Erode,Sathiyamagalam(Uzhavar Sandhai ),Sweet Corn ,Sweet Corn ,Local,2026-07-21,2500,3000,2750.0
Tamil Nadu,Namakkal,Tiruchengode APMC,Onion,Bellary,Local,2026-07-21,4000,4500,4250.0
Tamil Nadu,Namakkal,Tiruchengode APMC,Garlic,Garlic,Local,2026-07-21,16000,18000,17000.0
Tamil Nadu,Namakkal,Tiruchengode APMC,Papaya,Papaya,Local,2026-07-21,2600,3000,2800.0
Tamil Nadu,Namakkal,Tiruchengode APMC,Water Melon,Water Melon,Local,2026-07-21,1400,1600,1500.0
Tamil Nadu,Namakkal,Tiruchengode APMC,Tomato,Other,Local,2026-07-21,2000,2400,2200.0
Tamil Nadu,Namakkal,Tiruchengode APMC,Bottle gourd,Bottle Gourd,Local,2026-07-21,1200,1500,1350.0
Tamil Nadu,Namakkal,Tiruchengode APMC,Banana - Green,Banana - Green,Local,2026-07-21,3000,3500,3250.0
Tamil Nadu,Namakkal,Tiruchengode APMC,Tapioca,Tapioca,Local,2026-07-21,2600,3000,2800.0
Tamil Nadu,Namakkal,Tiruchengode APMC,Coconut,Coconut,Local,2026-07-21,5000,5600,5300.0
Tamil Nadu,Namakkal,Tiruchengode APMC,Sweet Potato,Hosur Red,Local,2026-07-21,4500,5000,4750.0
Tamil Nadu,Namakkal,Tiruchengode APMC,Carrot,Pusakesar,Local,2026-07-21,8000,9000,8500.0
Tamil Nadu,Namakkal,Tiruchengode APMC,Beetroot,Beetroot,Local,2026-07-21,8500,9500,9000.0
Tamil Nadu,Namakkal,Tiruchengode APMC,Cucumbar(Kheera),Cucumbar,Local,2026-07-21,7000,8000,7500.0
Tamil Nadu,Namakkal,Tiruchengode APMC,Tender Coconut,Tender Coconut,Local,2026-07-21,3500,4000,3750.0
Tamil Nadu,Ariyalur,Jeyankondam (Uzhavar Sandhai ),Brinjal,Round,Local,2026-07-21,5000,5500,5250.0
Tamil Nadu,Ariyalur,Jeyankondam (Uzhavar Sandhai ),Bhindi(Ladies Finger),Bhindi,Local,2026-07-21,3400,3800,3600.0
Tamil Nadu,Ariyalur,Jeyankondam (Uzhavar Sandhai ),Amaranthus,Amaranthus,Local,2026-07-21,3000,3000,3000.0
Tamil Nadu,Ariyalur,Jeyankondam (Uzhavar Sandhai ),Onion Green,Onion Green,Local,2026-07-21,5500,6000,5750.0
Tamil Nadu,Ariyalur,Jeyankondam (Uzhavar Sandhai ),Mint(Pudina),Mint(Pudina),Local,2026-07-21,5000,5000,5000.0
Tamil Nadu,Coimbatore,RSPuram(Uzhavar Sandhai ),Grapes,Annabesahai,Local,2026-07-21,8000,8500,8250.0
Tamil Nadu,Coimbatore,RSPuram(Uzhavar Sandhai ),Groundnut,Big (With Shell),Local,2026-07-21,6000,6800,6400.0
Tamil Nadu,Coimbatore,RSPuram(Uzhavar Sandhai ),Cauliflower,Ranchi,Local,2026-07-21,4200,4600,4400.0
Tamil Nadu,Coimbatore,RSPuram(Uzhavar Sandhai ),Bottle gourd,Bottle Gourd,Local,2026-07-21,2500,3000,2750.0
Tamil Nadu,Coimbatore,RSPuram(Uzhavar Sandhai ),Beans,Beans (Whole),Local,2026-07-21,8000,9000,8500.0
Tamil Nadu,Coimbatore,RSPuram(Uzhavar Sandhai ),Green Avare(W),Other,Local,2026-07-21,6000,6600,6300.0
Tamil Nadu,Coimbatore,RSPuram(Uzhavar Sandhai ),Chow Chow,Chow Chow,Local,2026-07-21,2600,2800,2700.0
Tamil Nadu,Coimbatore,RSPuram(Uzhavar Sandhai ),Knool Khol,Knool Khol,Local,2026-07-21,5000,5400,5200.0
Tamil Nadu,Coimbatore,RSPuram(Uzhavar Sandhai ),Guava,Guava Allahabad,Local,2026-07-21,4500,6000,5250.0
Tamil Nadu,Coimbatore,RSPuram(Uzhavar Sandhai ),Elephant Yam(Suran)/Amorphophallus,Elephant Yam (Suran),Local,2026-07-21,3800,4200,4000.0
Tamil Nadu,Coimbatore,RSPuram(Uzhavar Sandhai ),Sweet Corn ,Sweet Corn ,Local,2026-07-21,3500,4000,3750.0
Tamil Nadu,Coimbatore,Singanallur(Uzhavar Sandhai ),Grapes,Annabesahai,Local,2026-07-21,8500,9000,8750.0
Tamil Nadu,Coimbatore,Singanallur(Uzhavar Sandhai ),Brinjal,Other,Local,2026-07-21,4800,5500,5150.0
Tamil Nadu,Coimbatore,Singanallur(Uzhavar Sandhai ),Bitter gourd,Other,Local,2026-07-21,6000,6500,6250.0
Tamil Nadu,Coimbatore,Singanallur(Uzhavar Sandhai ),Tapioca,Tapioca,Local,2026-07-21,3000,3500,3250.0
Tamil Nadu,Coimbatore,Singanallur(Uzhavar Sandhai ),Sweet Potato,Hosur Red,Local,2026-07-21,4500,5000,4750.0
Tamil Nadu,Coimbatore,Singanallur(Uzhavar Sandhai ),Cucumbar(Kheera),Cucumbar,Local,2026-07-21,4000,4500,4250.0
Tamil Nadu,Coimbatore,Singanallur(Uzhavar Sandhai ),Raddish,Raddish,Local,2026-07-21,4000,4500,4250.0
Tamil Nadu,Coimbatore,Singanallur(Uzhavar Sandhai ),Green Avare(W),Other,Local,2026-07-21,6500,7000,6750.0
Tamil Nadu,Coimbatore,Singanallur(Uzhavar Sandhai ),Guava,Guava Allahabad,Local,2026-07-21,5500,6000,5750.0
Tamil Nadu,Coimbatore,Singanallur(Uzhavar Sandhai ),Pomegranate,Pomogranate,Local,2026-07-21,20000,24000,22000.0
Tamil Nadu,Coimbatore,Singanallur(Uzhavar Sandhai ),Elephant Yam(Suran)/Amorphophallus,Elephant Yam (Suran),Local,2026-07-21,3500,4000,3750.0
Tamil Nadu,Coimbatore,Singanallur(Uzhavar Sandhai ),Colacasia,Colacasia,Local,2026-07-21,4000,4500,4250.0
Tamil Nadu,Coimbatore,Singanallur(Uzhavar Sandhai ),Onion Green,Onion Green,Local,2026-07-21,5200,5800,5500.0
Tamil Nadu,Coimbatore,Singanallur(Uzhavar Sandhai ),Mint(Pudina),Mint(Pudina),Local,2026-07-21,6500,7000,6750.0
Tamil Nadu,Coimbatore,Pollachi(Uzhavar Sandhai ),Onion,Bellary,Local,2026-07-21,3400,3800,3600.0
Tamil Nadu,Coimbatore,Pollachi(Uzhavar Sandhai ),Papaya,Papaya,Local,2026-07-21,3000,3500,3250.0
Tamil Nadu,Coimbatore,Pollachi(Uzhavar Sandhai ),Bottle gourd,Bottle Gourd,Local,2026-07-21,2500,3000,2750.0
Tamil Nadu,Coimbatore,Pollachi(Uzhavar Sandhai ),Green Chilli,Green Chilly,Local,2026-07-21,7000,8000,7500.0
Tamil Nadu,Coimbatore,Pollachi(Uzhavar Sandhai ),Cowpea(Veg),Cowpea (Veg),Local,2026-07-21,3500,4000,3750.0
Tamil Nadu,Coimbatore,Pollachi(Uzhavar Sandhai ),Snakeguard,Snakeguard,Local,2026-07-21,3000,3500,3250.0
Tamil Nadu,Coimbatore,Pollachi(Uzhavar Sandhai ),Drumstick,Drumstick,Local,2026-07-21,5000,6000,5500.0
Tamil Nadu,Karur,Karur(Uzhavar Sandhai ),Banana,Red Banana,Local,2026-07-21,5000,6000,5500.0
Tamil Nadu,Karur,Karur(Uzhavar Sandhai ),Tomato,Deshi,Local,2026-07-21,1900,2400,2150.0
Tamil Nadu,Karur,Karur(Uzhavar Sandhai ),Bottle gourd,Bottle Gourd,Local,2026-07-21,2000,2500,2250.0
Tamil Nadu,Karur,Karur(Uzhavar Sandhai ),Ashgourd,Gouard,Local,2026-07-21,2500,3000,2750.0
Tamil Nadu,Karur,Karur(Uzhavar Sandhai ),Pumpkin,Pumpkin,Local,2026-07-21,2500,3000,2750.0
Tamil Nadu,Karur,Karur(Uzhavar Sandhai ),Green Chilli,Green Chilly,Local,2026-07-21,4500,5500,5000.0
Tamil Nadu,Karur,Karur(Uzhavar Sandhai ),Ginger(Green),Green Ginger,Local,2026-07-21,19500,20000,19750.0
Tamil Nadu,Karur,Karur(Uzhavar Sandhai ),Sweet Potato,Hosur Red,Local,2026-07-21,3500,4000,3750.0
Tamil Nadu,Karur,Karur(Uzhavar Sandhai ),Carrot,Pusakesar,Local,2026-07-21,8500,9000,8750.0
Tamil Nadu,Karur,Karur(Uzhavar Sandhai ),Lemon,Lemon,Local,2026-07-21,9500,10000,9750.0
Tamil Nadu,Coimbatore,Kurichi(Uzhavar Sandhai ),Banana,Red Banana,Local,2026-07-21,7000,7800,7400.0
Tamil Nadu,Coimbatore,Kurichi(Uzhavar Sandhai ),Bitter gourd,Other,Local,2026-07-21,5500,6000,5750.0
Tamil Nadu,Coimbatore,Kurichi(Uzhavar Sandhai ),Ashgourd,Gouard,Local,2026-07-21,1500,1800,1650.0
Tamil Nadu,Coimbatore,Kurichi(Uzhavar Sandhai ),Bhindi(Ladies Finger),Bhindi,Local,2026-07-21,4500,5000,4750.0
Tamil Nadu,Coimbatore,Kurichi(Uzhavar Sandhai ),Snakeguard,Snakeguard,Local,2026-07-21,3000,3500,3250.0
Tamil Nadu,Coimbatore,Kurichi(Uzhavar Sandhai ),Ridgeguard(Tori),Ridgeguard(Tori),Local,2026-07-21,5000,5800,5400.0
Tamil Nadu,Coimbatore,Kurichi(Uzhavar Sandhai ),Green Avare(W),Green Avare (W),Local,2026-07-21,7000,7500,7250.0
Tamil Nadu,Coimbatore,Kurichi(Uzhavar Sandhai ),Guava,Guava Allahabad,Local,2026-07-21,5500,6000,5750.0
Tamil Nadu,Cuddalore,Chidambaram(Uzhavar Sandhai ),Banana - Green,Banana - Green,Local,2026-07-21,3000,3000,3000.0
Tamil Nadu,Cuddalore,Chidambaram(Uzhavar Sandhai ),Coconut,Coconut,Local,2026-07-21,5000,6000,5500.0
Tamil Nadu,Cuddalore,Cuddalore(Uzhavar Sandhai ),Onion,Bellary,Local,2026-07-21,3600,4000,3800.0
Tamil Nadu,Cuddalore,Cuddalore(Uzhavar Sandhai ),Chikoos(Sapota),Sapota,Local,2026-07-21,5000,7000,6000.0
Tamil Nadu,Cuddalore,Cuddalore(Uzhavar Sandhai ),Papaya,Papaya,Local,2026-07-21,4000,4000,4000.0
Tamil Nadu,Cuddalore,Cuddalore(Uzhavar Sandhai ),Pumpkin,Pumpkin,Local,2026-07-21,3000,3000,3000.0
Tamil Nadu,Cuddalore,Cuddalore(Uzhavar Sandhai ),Bhindi(Ladies Finger),Bhindi,Local,2026-07-21,3000,3000,3000.0
Tamil Nadu,Cuddalore,Cuddalore(Uzhavar Sandhai ),Cabbage,Cabbage,Local,2026-07-21,4000,4000,4000.0
Tamil Nadu,Cuddalore,Cuddalore(Uzhavar Sandhai ),Mango(Raw-Ripe),Mango - Raw-Ripe,Local,2026-07-21,3000,3000,3000.0
Tamil Nadu,Cuddalore,Cuddalore(Uzhavar Sandhai ),Jack Fruit(Ripe),Jack Fruit,Local,2026-07-21,8000,8000,8000.0
Tamil Nadu,Cuddalore,Cuddalore(Uzhavar Sandhai ),Yam(Ratalu),Yam (Ratalu),Local,2026-07-21,6000,6000,6000.0
Tamil Nadu,Cuddalore,Cuddalore(Uzhavar Sandhai ),Lemon,Lemon,Local,2026-07-21,5000,6000,5500.0
Tamil Nadu,Cuddalore,Cuddalore(Uzhavar Sandhai ),Colacasia,Colacasia,Local,2026-07-21,6000,6000,6000.0
Bihar,Muzaffarpur,Bhagwanpur Mandi APMC,Potato,Red Nanital,Grade A,2026-07-21,1000,1000,1000.0
Bihar,Muzaffarpur,Bhagwanpur Mandi APMC,Pumpkin,Pumpkin,Grade C,2026-07-21,1900,1900,1900.0
Bihar,Muzaffarpur,Bhagwanpur Mandi APMC,Potato,Red Nanital,Grade B,2026-07-21,975,975,975.0
Bihar,Muzaffarpur,Bhagwanpur Mandi APMC,Pumpkin,Pumpkin,Grade A,2026-07-21,2200,2200,2200.0
Bihar,Muzaffarpur,Bhagwanpur Mandi APMC,Brinjal,Arkasheela Mattigulla,Grade A,2026-07-21,1800,1800,1800.0
Tamil Nadu,Kallakuruchi,Kallakurichi(Uzhavar Sandhai ),Brinjal,Other,Local,2026-07-21,7000,7000,7000.0
Tamil Nadu,Kallakuruchi,Kallakurichi(Uzhavar Sandhai ),Green Chilli,Green Chilly,Local,2026-07-21,6000,6000,6000.0
Tamil Nadu,Kallakuruchi,Kallakurichi(Uzhavar Sandhai ),Banana - Green,Banana - Green,Local,2026-07-21,3000,3000,3000.0
Tamil Nadu,Kallakuruchi,Kallakurichi(Uzhavar Sandhai ),Tender Coconut,Tender Coconut,Local,2026-07-21,3000,3000,3000.0
Tamil Nadu,Kallakuruchi,Kallakurichi(Uzhavar Sandhai ),Jasmine,Jasmine,Local,2026-07-21,45000,45000,45000.0
Tamil Nadu,Kallakuruchi,Kallakurichi(Uzhavar Sandhai ),Yam(Ratalu),Yam (Ratalu),Local,2026-07-21,3000,3000,3000.0
Tamil Nadu,Kallakuruchi,Kallakurichi(Uzhavar Sandhai ),Mashrooms,Mashrooms,Local,2026-07-21,22500,22500,22500.0
Tamil Nadu,Kallakuruchi,Kallakurichi(Uzhavar Sandhai ),Amla(Nelli Kai),Amla,Local,2026-07-21,7000,7000,7000.0
Tamil Nadu,Kallakuruchi,Kallakurichi(Uzhavar Sandhai ),Rose(Local),Rose (Local),Local,2026-07-21,40000,40000,40000.0
Madhya Pradesh,Indore,Indore APMC,Jowar(Sorghum),Jowar (Yellow),FAQ,2026-07-21,2860,2860,2860.0
Bihar,Madhubani,Madhubani APMC,Potato,Red,FAQ,2026-07-21,1100,1300,1200.0
Bihar,East Champaran/ Motihari,Motihari APMC,Onion,Other,Grade A,2026-07-21,2500,2700,2600.0
Tamil Nadu,Nagercoil (Kannyiakumari),Vadaseri APMC,Onion,Bellary,Local,2026-07-21,4000,4500,4250.0
Tamil Nadu,Nagercoil (Kannyiakumari),Vadaseri APMC,Tomato,Local,Local,2026-07-21,2700,3000,2850.0
Tamil Nadu,Nagercoil (Kannyiakumari),Vadaseri APMC,Ashgourd,Gouard,Local,2026-07-21,3000,3500,3250.0
Tamil Nadu,Nagercoil (Kannyiakumari),Vadaseri APMC,Beans,Beans (Whole),Local,2026-07-21,8000,8500,8250.0
Tamil Nadu,Nagercoil (Kannyiakumari),Vadaseri APMC,Beetroot,Beetroot,Local,2026-07-21,5000,5500,5250.0
Tamil Nadu,Nagercoil (Kannyiakumari),Vadaseri APMC,Kakada,Kakada,Local,2026-07-21,20000,25000,22500.0
Tamil Nadu,Nagercoil (Kannyiakumari),Vadaseri APMC,Colacasia,Colacasia,Local,2026-07-21,8500,9000,8750.0
Tamil Nadu,Nagercoil (Kannyiakumari),Vadaseri APMC,Mint(Pudina),Mint(Pudina),Local,2026-07-21,9000,9500,9250.0
Tamil Nadu,Pudukkottai,Karambakkudi(Uzhavar Sandhai ),Papaya,Papaya,Local,2026-07-21,2000,3000,2500.0
Tamil Nadu,Pudukkottai,Karambakkudi(Uzhavar Sandhai ),Tomato,Other,Local,2026-07-21,2000,2500,2250.0
Tamil Nadu,Pudukkottai,Karambakkudi(Uzhavar Sandhai ),Cluster beans,Cluster Beans,Local,2026-07-21,4000,5000,4500.0
Tamil Nadu,Pudukkottai,Karambakkudi(Uzhavar Sandhai ),Ridgeguard(Tori),Ridgeguard(Tori),Local,2026-07-21,7000,8000,7500.0
Tamil Nadu,Pudukkottai,Karambakkudi(Uzhavar Sandhai ),Raddish,Raddish,Local,2026-07-21,2500,3000,2750.0
Tamil Nadu,Vellore,Thirupathur APMC,Coriander(Leaves),I Sort,Local,2026-07-21,8000,8000,8000.0
Tamil Nadu,Vellore,Thirupathur APMC,Green Peas,Green Peas,Local,2026-07-21,8000,8000,8000.0
Tamil Nadu,Vellore,Thirupathur APMC,Papaya,Papaya,Local,2026-07-21,4000,4000,4000.0
Tamil Nadu,Vellore,Thirupathur APMC,Cluster beans,Cluster Beans,Local,2026-07-21,4000,4000,4000.0
Tamil Nadu,Vellore,Thirupathur APMC,Bottle gourd,Bottle Gourd,Local,2026-07-21,2000,2000,2000.0
Tamil Nadu,Vellore,Thirupathur APMC,Banana - Green,Banana - Green,Local,2026-07-21,2500,2500,2500.0
Tamil Nadu,Vellore,Thirupathur APMC,Coconut,Coconut,Local,2026-07-21,5000,5000,5000.0
Tamil Nadu,Vellore,Thirupathur APMC,Sweet Potato,Hosur Red,Local,2026-07-21,4000,4000,4000.0
Tamil Nadu,Vellore,Thirupathur APMC,Cucumbar(Kheera),Cucumbar,Local,2026-07-21,4000,4000,4000.0
Tamil Nadu,Vellore,Thirupathur APMC,Thondekai,Thondekai,Local,2026-07-21,4000,4000,4000.0
Tamil Nadu,Vellore,Thirupathur APMC,Drumstick,Drumstick,Local,2026-07-21,7000,7000,7000.0
Tamil Nadu,Vellore,Thirupathur APMC,Mango(Raw-Ripe),Mango - Raw-Ripe,Local,2026-07-21,2000,2000,2000.0
Tamil Nadu,Vellore,Thirupathur APMC,Knool Khol,Knool Khol,Local,2026-07-21,5500,5500,5500.0
Tamil Nadu,Vellore,Thirupathur APMC,Yam(Ratalu),Yam (Ratalu),Local,2026-07-21,4000,4000,4000.0
Tamil Nadu,Vellore,Thirupathur APMC,Indian Beans(Seam),Indian Beans (Seam),Local,2026-07-21,6000,6000,6000.0
Tamil Nadu,Salem,Athur(Uzhavar Sandhai ),Banana,Red Banana,Local,2026-07-21,6500,7000,6750.0
Tamil Nadu,Salem,Athur(Uzhavar Sandhai ),Potato,Other,Local,2026-07-21,2800,3000,2900.0
Tamil Nadu,Salem,Athur(Uzhavar Sandhai ),Papaya,Papaya,Local,2026-07-21,2500,3000,2750.0
Tamil Nadu,Salem,Athur(Uzhavar Sandhai ),Bhindi(Ladies Finger),Bhindi,Local,2026-07-21,3000,3500,3250.0
Tamil Nadu,Salem,Athur(Uzhavar Sandhai ),Carrot,Pusakesar,Local,2026-07-21,8000,8400,8200.0
Tamil Nadu,Salem,Athur(Uzhavar Sandhai ),Raddish,Raddish,Local,2026-07-21,2500,3000,2750.0
Tamil Nadu,Salem,Athur(Uzhavar Sandhai ),Capsicum,Capsicum,Local,2026-07-21,7500,7500,7500.0
Tamil Nadu,Salem,Athur(Uzhavar Sandhai ),Drumstick,Drumstick,Local,2026-07-21,6000,7000,6500.0
Tamil Nadu,Salem,Athur(Uzhavar Sandhai ),Mango(Raw-Ripe),Mango - Raw-Ripe,Local,2026-07-21,2500,3000,2750.0
Tamil Nadu,Salem,Athur(Uzhavar Sandhai ),Tender Coconut,Tender Coconut,Local,2026-07-21,2500,3000,2750.0
Tamil Nadu,Salem,Athur(Uzhavar Sandhai ),Marigold(Calcutta),Marigold(Calcutta),Local,2026-07-21,28000,32000,30000.0
Tamil Nadu,Salem,Athur(Uzhavar Sandhai ),Elephant Yam(Suran)/Amorphophallus,Elephant Yam (Suran),Local,2026-07-21,3500,4000,3750.0
Tamil Nadu,Salem,Athur(Uzhavar Sandhai ),Custard Apple(Sharifa),Custard Apple(Sharifa),Local,2026-07-21,3500,4000,3750.0
Tamil Nadu,Salem,Athur(Uzhavar Sandhai ),Mint(Pudina),Mint(Pudina),Local,2026-07-21,4500,5000,4750.0
Tamil Nadu,Virudhunagar,Srivilliputhur(Uzhavar Sandhai ),Cluster beans,Cluster Beans,Local,2026-07-21,2500,3000,2750.0
Tamil Nadu,Virudhunagar,Srivilliputhur(Uzhavar Sandhai ),Bottle gourd,Bottle Gourd,Local,2026-07-21,1700,2000,1850.0
Tamil Nadu,Virudhunagar,Srivilliputhur(Uzhavar Sandhai ),Ashgourd,Gouard,Local,2026-07-21,2500,3000,2750.0
Tamil Nadu,Virudhunagar,Srivilliputhur(Uzhavar Sandhai ),Bhindi(Ladies Finger),Bhindi,Local,2026-07-21,2500,3000,2750.0
Tamil Nadu,Virudhunagar,Srivilliputhur(Uzhavar Sandhai ),Coconut,Coconut,Local,2026-07-21,4500,5000,4750.0
Tamil Nadu,Virudhunagar,Srivilliputhur(Uzhavar Sandhai ),Cabbage,Cabbage,Local,2026-07-21,4000,4500,4250.0
Tamil Nadu,Virudhunagar,Srivilliputhur(Uzhavar Sandhai ),Snakeguard,Snakeguard,Local,2026-07-21,4500,5000,4750.0
Tamil Nadu,Virudhunagar,Srivilliputhur(Uzhavar Sandhai ),Drumstick,Drumstick,Local,2026-07-21,5000,6000,5500.0
Tamil Nadu,Virudhunagar,Srivilliputhur(Uzhavar Sandhai ),Mango(Raw-Ripe),Mango - Raw-Ripe,Local,2026-07-21,1700,2000,1850.0
Tamil Nadu,Virudhunagar,Srivilliputhur(Uzhavar Sandhai ),Guava,Guava Allahabad,Local,2026-07-21,4500,5000,4750.0
Tamil Nadu,Dharmapuri,Harur(Uzhavar Sandhai ),Coriander(Leaves),I Sort,Local,2026-07-21,5000,6000,5500.0
Tamil Nadu,Dharmapuri,Harur(Uzhavar Sandhai ),Beans,Beans (Whole),Local,2026-07-21,6500,7000,6750.0
Tamil Nadu,Dharmapuri,Harur(Uzhavar Sandhai ),Carrot,Pusakesar,Local,2026-07-21,6500,7000,6750.0
Tamil Nadu,Dharmapuri,Harur(Uzhavar Sandhai ),Beetroot,Beetroot,Local,2026-07-21,4500,5000,4750.0
Tamil Nadu,Dharmapuri,Harur(Uzhavar Sandhai ),Chow Chow,Chow Chow,Local,2026-07-21,4500,5000,4750.0
Tamil Nadu,Dharmapuri,Harur(Uzhavar Sandhai ),Knool Khol,Knool Khol,Local,2026-07-21,5000,6000,5500.0
Tamil Nadu,Dharmapuri,Harur(Uzhavar Sandhai ),Onion Green,Onion Green,Local,2026-07-21,5000,5500,5250.0
Tamil Nadu,Krishnagiri,Kaveripattinam(Uzhavar Sandhai ),Onion,Bellary,Local,2026-07-21,3500,3500,3500.0
Tamil Nadu,Krishnagiri,Kaveripattinam(Uzhavar Sandhai ),Bottle gourd,Bottle Gourd,Local,2026-07-21,3000,3000,3000.0
Tamil Nadu,Krishnagiri,Kaveripattinam(Uzhavar Sandhai ),Beans,Beans (Whole),Local,2026-07-21,7000,8000,7500.0
Tamil Nadu,Krishnagiri,Kaveripattinam(Uzhavar Sandhai ),Drumstick,Drumstick,Local,2026-07-21,4000,4000,4000.0
Tamil Nadu,Krishnagiri,Kaveripattinam(Uzhavar Sandhai ),Mango(Raw-Ripe),Mango - Raw-Ripe,Local,2026-07-21,3000,4000,3500.0
Tamil Nadu,Krishnagiri,Kaveripattinam(Uzhavar Sandhai ),Onion Green,Onion Green,Local,2026-07-21,6000,7000,6500.0
Tamil Nadu,The Nilgiris,Coonoor(Uzhavar Sandhai ),Coriander(Leaves),I Sort,Local,2026-07-21,6500,7000,6750.0
Tamil Nadu,The Nilgiris,Coonoor(Uzhavar Sandhai ),Tomato,Local,Local,2026-07-21,2500,2700,2600.0
Tamil Nadu,The Nilgiris,Coonoor(Uzhavar Sandhai ),Ashgourd,Gouard,Local,2026-07-21,1600,1800,1700.0
Tamil Nadu,The Nilgiris,Coonoor(Uzhavar Sandhai ),Bhindi(Ladies Finger),Bhindi,Local,2026-07-21,4500,4800,4650.0
Tamil Nadu,The Nilgiris,Coonoor(Uzhavar Sandhai ),Beans,Beans (Whole),Local,2026-07-21,8500,9000,8750.0
Tamil Nadu,The Nilgiris,Coonoor(Uzhavar Sandhai ),Ginger(Green),Green Ginger,Local,2026-07-21,19000,20000,19500.0
Tamil Nadu,The Nilgiris,Coonoor(Uzhavar Sandhai ),Cabbage,Cabbage,Local,2026-07-21,3000,3500,3250.0
Tamil Nadu,The Nilgiris,Coonoor(Uzhavar Sandhai ),Snakeguard,Snakeguard,Local,2026-07-21,3000,3500,3250.0
Tamil Nadu,The Nilgiris,Coonoor(Uzhavar Sandhai ),Raddish,Raddish,Local,2026-07-21,3000,3500,3250.0
Tamil Nadu,The Nilgiris,Gudalur(Uzhavar Sandhai ),Banana,Besrai,Local,2026-07-21,4000,5000,4500.0
Tamil Nadu,The Nilgiris,Gudalur(Uzhavar Sandhai ),Bottle gourd,Bottle Gourd,Local,2026-07-21,2500,3000,2750.0
Tamil Nadu,The Nilgiris,Gudalur(Uzhavar Sandhai ),Knool Khol,Knool Khol,Local,2026-07-21,2500,3000,2750.0
Haryana,Kurukshetra,Pehowa APMC,Bottle gourd,Other,Medium,2026-07-21,1400,1800,1600.0
Uttarakhand,Dehradoon,Vikasnagar APMC,Sponge gourd,Other,Medium,2026-07-21,800,800,800.0
Uttarakhand,Dehradoon,Vikasnagar APMC,Bottle gourd,Other,Medium,2026-07-21,500,800,800.0
Uttarakhand,Dehradoon,Vikasnagar APMC,Lemon,Other,Medium,2026-07-21,2500,2500,2500.0
Uttar Pradesh,Mau(Maunathbhanjan),Kopaganj APMC,Banana,Medium,Grade B,2026-07-21,3700,3800,3780.0
Uttar Pradesh,Mau(Maunathbhanjan),Kopaganj APMC,Mango,Dusheri,Grade B,2026-07-21,3310,3390,3330.0
Uttar Pradesh,Mau(Maunathbhanjan),Kopaganj APMC,Banana - Green,Banana - Green,FAQ,2026-07-21,1550,1570,1560.0
Haryana,Hissar,Hansi APMC,Mousambi(Sweet Lime),Other,Grade B,2026-07-21,3500,4000,3750.0
Haryana,Hissar,Hansi APMC,Tinda,Other,FAQ,2026-07-21,1500,2000,1750.0
Haryana,Hissar,Hansi APMC,Pomegranate,Other,Grade B,2026-07-21,10000,20000,15000.0
Haryana,Hissar,Hansi APMC,Beetroot,Other,FAQ,2026-07-21,2500,3000,2750.0
Haryana,Hissar,Hansi APMC,Lemon,Other,FAQ,2026-07-21,6000,10000,8000.0
Himachal Pradesh,Shimla,SMY Parala,Pear(Marasebu),Other,Grade A,2026-07-21,2000,14500,8250.0
Madhya Pradesh,Sidhi,Sidhi APMC,dried mango,Aam khatai,Non-FAQ,2026-07-21,4500,4500,4500.0
Keralam,Idukki,Kattappana Market,Apple,Other,Medium,2026-07-21,33000,34500,34000.0
Keralam,Idukki,Kattappana Market,Pineapple,Other,Medium,2026-07-21,4800,5500,5000.0
Keralam,Idukki,Kattappana Market,Banana,Nendra Bale,Small,2026-07-21,4000,4300,4300.0
Keralam,Kollam,Anchal Market,Cabbage,Cabbage,Local,2026-07-21,6500,6500,6500.0
Keralam,Kollam,Anchal Market,Elephant Yam(Suran)/Amorphophallus,Elephant Yam (Suran),Local,2026-07-21,5300,5300,5300.0
Keralam,Kollam,Anchal Market,Onion,Big,Local,2026-07-21,3600,3600,3600.0
Keralam,Kollam,Anchal Market,Lemon,Lemon,Local,2026-07-21,6700,6700,6700.0
Tamil Nadu,Madurai,Chokkikulam(Uzhavar Sandhai ),Pineapple,Pine Apple,Local,2026-07-21,6000,7000,6500.0
Tamil Nadu,Madurai,Chokkikulam(Uzhavar Sandhai ),Papaya,Papaya,Local,2026-07-21,3600,4000,3800.0
Tamil Nadu,Madurai,Chokkikulam(Uzhavar Sandhai ),Mousambi(Sweet Lime),Mousambi,Local,2026-07-21,9000,10000,9500.0
Tamil Nadu,Madurai,Chokkikulam(Uzhavar Sandhai ),Pumpkin,Pumpkin,Local,2026-07-21,2000,2400,2200.0
Tamil Nadu,Madurai,Chokkikulam(Uzhavar Sandhai ),Tapioca,Tapioca,Local,2026-07-21,3600,4000,3800.0
Tamil Nadu,Madurai,Chokkikulam(Uzhavar Sandhai ),Betal Leaves,Mysore,Local,2026-07-21,22500,25000,23750.0
Tamil Nadu,Madurai,Chokkikulam(Uzhavar Sandhai ),Carrot,Pusakesar,Local,2026-07-21,6000,8000,7000.0
Tamil Nadu,Madurai,Chokkikulam(Uzhavar Sandhai ),Capsicum,Capsicum,Local,2026-07-21,9000,10000,9500.0
Tamil Nadu,Madurai,Chokkikulam(Uzhavar Sandhai ),Elephant Yam(Suran)/Amorphophallus,Elephant Yam (Suran),Local,2026-07-21,4500,5500,5000.0
Tamil Nadu,Madurai,Chokkikulam(Uzhavar Sandhai ),Indian Beans(Seam),Indian Beans (Seam),Local,2026-07-21,5000,6500,5750.0
Tamil Nadu,Madurai,Chokkikulam(Uzhavar Sandhai ),Onion Green,Onion Green,Local,2026-07-21,5500,6500,6000.0
Keralam,Alappuzha,Harippad Market,Ashgourd,Other,FAQ,2026-07-21,4000,4500,4000.0
Keralam,Alappuzha,Harippad Market,Beetroot,Beetroot,FAQ,2026-07-21,6000,6500,6000.0
Keralam,Alappuzha,Harippad Market,Bitter gourd,Other,FAQ,2026-07-21,6000,6500,6000.0
Keralam,Alappuzha,Harippad Market,Bottle gourd,Other,FAQ,2026-07-21,2000,2500,2000.0
Tamil Nadu,Cuddalore,Viruthachalam(Uzhavar Sandhai ),Banana,Besrai,Local,2026-07-21,4000,7000,5500.0
Tamil Nadu,Cuddalore,Viruthachalam(Uzhavar Sandhai ),Potato,Red Nanital,Local,2026-07-21,4000,4000,4000.0
Tamil Nadu,Cuddalore,Viruthachalam(Uzhavar Sandhai ),Brinjal,Round,Local,2026-07-21,6000,6000,6000.0
Tamil Nadu,Cuddalore,Viruthachalam(Uzhavar Sandhai ),Papaya,Papaya,Local,2026-07-21,4000,4500,4250.0
Tamil Nadu,Cuddalore,Viruthachalam(Uzhavar Sandhai ),Bhindi(Ladies Finger),Bhindi,Local,2026-07-21,3000,3000,3000.0
Tamil Nadu,Cuddalore,Viruthachalam(Uzhavar Sandhai ),Ridgeguard(Tori),Ridgeguard(Tori),Local,2026-07-21,6000,6000,6000.0
Tamil Nadu,Dharmapuri,Dharmapuri(Uzhavar Sandhai ),Potato,Red Nanital,Local,2026-07-21,2800,3000,2900.0
Tamil Nadu,Dharmapuri,Dharmapuri(Uzhavar Sandhai ),Coriander(Leaves),I Sort,Local,2026-07-21,11500,12000,11750.0
Tamil Nadu,Dharmapuri,Dharmapuri(Uzhavar Sandhai ),Cluster beans,Cluster Beans,Local,2026-07-21,3700,4000,3850.0
Tamil Nadu,Dharmapuri,Dharmapuri(Uzhavar Sandhai ),Green Chilli,Green Chilly,Local,2026-07-21,4200,4400,4300.0
Tamil Nadu,Dharmapuri,Dharmapuri(Uzhavar Sandhai ),Snakeguard,Snakeguard,Local,2026-07-21,2400,2500,2450.0
Tamil Nadu,Dharmapuri,Dharmapuri(Uzhavar Sandhai ),Ridgeguard(Tori),Ridgeguard(Tori),Local,2026-07-21,3200,3400,3300.0
Tamil Nadu,Dharmapuri,Dharmapuri(Uzhavar Sandhai ),Raddish,Raddish,Local,2026-07-21,3300,3600,3450.0
Tamil Nadu,Dharmapuri,Dharmapuri(Uzhavar Sandhai ),Green Avare(W),Green Avare (W),Local,2026-07-21,5200,5500,5350.0
Tamil Nadu,Dharmapuri,Dharmapuri(Uzhavar Sandhai ),Chow Chow,Chow Chow,Local,2026-07-21,3700,4000,3850.0
Tamil Nadu,Dharmapuri,Dharmapuri(Uzhavar Sandhai ),Marigold(Calcutta),Marigold(Calcutta),Local,2026-07-21,13300,14000,13650.0
Tamil Nadu,Dharmapuri,Dharmapuri(Uzhavar Sandhai ),Yam(Ratalu),Yam (Ratalu),Local,2026-07-21,7500,8000,7750.0
Tamil Nadu,Dharmapuri,Dharmapuri(Uzhavar Sandhai ),Mashrooms,Mashrooms,Local,2026-07-21,13200,14000,13600.0
Tamil Nadu,Dharmapuri,Dharmapuri(Uzhavar Sandhai ),Onion Green,Onion Green,Local,2026-07-21,4200,4500,4350.0
Tamil Nadu,Dharmapuri,Karimangalam(Uzhavar Sandhai),Garlic,Garlic,Local,2026-07-21,22000,24000,23000.0
Tamil Nadu,Dharmapuri,Karimangalam(Uzhavar Sandhai),Green Peas,Green Peas,Local,2026-07-21,19000,20000,19500.0
Tamil Nadu,Dharmapuri,Karimangalam(Uzhavar Sandhai),Papaya,Papaya,Local,2026-07-21,2800,3000,2900.0
Tamil Nadu,Dharmapuri,Karimangalam(Uzhavar Sandhai),Tomato,Local,Local,2026-07-21,1800,2000,1900.0
Tamil Nadu,Dharmapuri,Karimangalam(Uzhavar Sandhai),Amaranthus,Amaranthus,Local,2026-07-21,2300,2500,2400.0
Tamil Nadu,Dharmapuri,Karimangalam(Uzhavar Sandhai),Carrot,Pusakesar,Local,2026-07-21,7000,8000,7500.0
Tamil Nadu,Dharmapuri,Karimangalam(Uzhavar Sandhai),Snakeguard,Snakeguard,Local,2026-07-21,3300,3500,3400.0
Tamil Nadu,Dharmapuri,Karimangalam(Uzhavar Sandhai),Beetroot,Beetroot,Local,2026-07-21,4500,5000,4750.0
Tamil Nadu,Dharmapuri,Karimangalam(Uzhavar Sandhai),Mango(Raw-Ripe),Mango - Raw-Ripe,Local,2026-07-21,2300,2500,2400.0
Tamil Nadu,Dharmapuri,Karimangalam(Uzhavar Sandhai),Amla(Nelli Kai),Amla,Local,2026-07-21,6000,6500,6250.0
Tamil Nadu,Dharmapuri,Palacode(Uzhavar Sandhai ),Tomato,Local,Local,2026-07-21,1600,1800,1700.0
Tamil Nadu,Dharmapuri,Palacode(Uzhavar Sandhai ),Bitter gourd,Other,Local,2026-07-21,4400,4600,4500.0
Tamil Nadu,Dharmapuri,Palacode(Uzhavar Sandhai ),Bhindi(Ladies Finger),Bhindi,Local,2026-07-21,2200,2500,2350.0
Tamil Nadu,Dharmapuri,Palacode(Uzhavar Sandhai ),Amaranthus,Amaranthus,Local,2026-07-21,2000,2500,2250.0
Tamil Nadu,Dharmapuri,Palacode(Uzhavar Sandhai ),Carrot,Pusakesar,Local,2026-07-21,8000,8500,8250.0
Tamil Nadu,Dharmapuri,Palacode(Uzhavar Sandhai ),Snakeguard,Snakeguard,Local,2026-07-21,2800,3000,2900.0
Tamil Nadu,Dharmapuri,Palacode(Uzhavar Sandhai ),Thondekai,Thondekai,Local,2026-07-21,4800,5000,4900.0
Tamil Nadu,Dharmapuri,Palacode(Uzhavar Sandhai ),Drumstick,Drumstick,Local,2026-07-21,6000,6500,6250.0
Tamil Nadu,Dharmapuri,Palacode(Uzhavar Sandhai ),Tamarind Fruit,Tamarind Fruit,Local,2026-07-21,9500,10000,9750.0
Tamil Nadu,Dharmapuri,Pennagaram(Uzhavar Sandhai ),Onion,Bellary,Local,2026-07-21,3700,4000,3850.0
Tamil Nadu,Dharmapuri,Pennagaram(Uzhavar Sandhai ),Cauliflower,Ranchi,Local,2026-07-21,4200,4500,4350.0
Tamil Nadu,Dharmapuri,Pennagaram(Uzhavar Sandhai ),Brinjal,Round,Local,2026-07-21,4300,4600,4450.0
Tamil Nadu,Dharmapuri,Pennagaram(Uzhavar Sandhai ),Bottle gourd,Bottle Gourd,Local,2026-07-21,1800,2000,1900.0
Tamil Nadu,Dharmapuri,Pennagaram(Uzhavar Sandhai ),Amaranthus,Amaranthus,Local,2026-07-21,2400,2500,2450.0
Tamil Nadu,Dharmapuri,Pennagaram(Uzhavar Sandhai ),Cowpea(Veg),Cowpea (Veg),Local,2026-07-21,5500,6000,5750.0
Tamil Nadu,Dharmapuri,Pennagaram(Uzhavar Sandhai ),Banana - Green,Banana - Green,Local,2026-07-21,2800,3000,2900.0
Tamil Nadu,Dharmapuri,Pennagaram(Uzhavar Sandhai ),Carrot,Pusakesar,Local,2026-07-21,7500,8000,7750.0
Tamil Nadu,Dharmapuri,Pennagaram(Uzhavar Sandhai ),Chow Chow,Chow Chow,Local,2026-07-21,3700,4000,3850.0
Tamil Nadu,Dharmapuri,Pennagaram(Uzhavar Sandhai ),Drumstick,Drumstick,Local,2026-07-21,8500,9000,8750.0
Tamil Nadu,Dharmapuri,Pennagaram(Uzhavar Sandhai ),Mango(Raw-Ripe),Mango - Raw-Ripe,Local,2026-07-21,1800,2000,1900.0
Tamil Nadu,Dharmapuri,Pennagaram(Uzhavar Sandhai ),Mint(Pudina),Mint(Pudina),Local,2026-07-21,4600,5000,4800.0
Tamil Nadu,Erode,Periyar Nagar(Uzhavar Sandhai ),Chikoos(Sapota),Sapota,Local,2026-07-21,3000,3500,3250.0
Tamil Nadu,Erode,Periyar Nagar(Uzhavar Sandhai ),Bitter gourd,Other,Local,2026-07-21,5500,6000,5750.0
Tamil Nadu,Erode,Periyar Nagar(Uzhavar Sandhai ),Bhindi(Ladies Finger),Bhindi,Local,2026-07-21,3000,3200,3100.0
Tamil Nadu,Erode,Periyar Nagar(Uzhavar Sandhai ),Green Chilli,Green Chilly,Local,2026-07-21,4000,4500,4250.0
Tamil Nadu,Erode,Periyar Nagar(Uzhavar Sandhai ),Banana - Green,Banana - Green,Local,2026-07-21,3000,3500,3250.0
Tamil Nadu,Erode,Periyar Nagar(Uzhavar Sandhai ),Coconut,Coconut,Local,2026-07-21,4200,4600,4400.0
Tamil Nadu,Erode,Periyar Nagar(Uzhavar Sandhai ),Sweet Potato,Hosur Red,Local,2026-07-21,3500,4000,3750.0
Tamil Nadu,Erode,Periyar Nagar(Uzhavar Sandhai ),Ridgeguard(Tori),Ridgeguard(Tori),Local,2026-07-21,4000,4500,4250.0
Tamil Nadu,Erode,Periyar Nagar(Uzhavar Sandhai ),Mango(Raw-Ripe),Mango - Raw-Ripe,Local,2026-07-21,2600,3000,2800.0
Tamil Nadu,Erode,Periyar Nagar(Uzhavar Sandhai ),Elephant Yam(Suran)/Amorphophallus,Elephant Yam (Suran),Local,2026-07-21,2600,3000,2800.0
Tamil Nadu,Erode,Periyar Nagar(Uzhavar Sandhai ),Lemon,Lemon,Local,2026-07-21,8500,9000,8750.0
Tamil Nadu,Erode,Perundurai(Uzhavar Sandhai ),Ashgourd,Gouard,Local,2026-07-21,1800,2000,1900.0
Tamil Nadu,Erode,Perundurai(Uzhavar Sandhai ),Pumpkin,Pumpkin,Local,2026-07-21,2000,2400,2200.0
Tamil Nadu,Erode,Perundurai(Uzhavar Sandhai ),Green Chilli,Green Chilly,Local,2026-07-21,4000,4500,4250.0
Tamil Nadu,Erode,Perundurai(Uzhavar Sandhai ),Tapioca,Tapioca,Local,2026-07-21,2000,2500,2250.0
Tamil Nadu,Erode,Perundurai(Uzhavar Sandhai ),Green Avare(W),Green Avare (W),Local,2026-07-21,7000,7500,7250.0
Tamil Nadu,Erode,Thalavadi(Uzhavar Sandhai ),Potato,Red Nanital,Local,2026-07-21,3000,3600,3300.0
Tamil Nadu,Erode,Thalavadi(Uzhavar Sandhai ),Papaya,Papaya,Local,2026-07-21,2000,2400,2200.0
Tamil Nadu,Erode,Thalavadi(Uzhavar Sandhai ),Tapioca,Tapioca,Local,2026-07-21,2500,3000,2750.0
Tamil Nadu,Erode,Thalavadi(Uzhavar Sandhai ),Sweet Potato,Hosur Red,Local,2026-07-21,2500,3000,2750.0
Tamil Nadu,Erode,Thalavadi(Uzhavar Sandhai ),Cabbage,Cabbage,Local,2026-07-21,2800,3200,3000.0
Tamil Nadu,Erode,Thalavadi(Uzhavar Sandhai ),Snakeguard,Snakeguard,Local,2026-07-21,3000,3400,3200.0
Tamil Nadu,Kallakuruchi,Sankarapuram(Uzhavar Sandhai ),Mango,Neelam,Local,2026-07-21,5000,5000,5000.0
Tamil Nadu,Kallakuruchi,Sankarapuram(Uzhavar Sandhai ),Bottle gourd,Bottle Gourd,Local,2026-07-21,2500,2500,2500.0
Tamil Nadu,Kallakuruchi,Sankarapuram(Uzhavar Sandhai ),Bhindi(Ladies Finger),Bhindi,Local,2026-07-21,4000,4000,4000.0
Tamil Nadu,Kallakuruchi,Sankarapuram(Uzhavar Sandhai ),Green Chilli,Green Chilly,Local,2026-07-21,6000,6000,6000.0
Tamil Nadu,Kallakuruchi,Sankarapuram(Uzhavar Sandhai ),Sweet Potato,Hosur Red,Local,2026-07-21,4000,4000,4000.0
Tamil Nadu,Kallakuruchi,Sankarapuram(Uzhavar Sandhai ),Tender Coconut,Tender Coconut,Local,2026-07-21,3000,3000,3000.0
Tamil Nadu,Kancheepuram,Kancheepuram(Uzhavar Sandhai ),Potato,Other,Local,2026-07-21,2600,3200,2900.0
Tamil Nadu,Kancheepuram,Kancheepuram(Uzhavar Sandhai ),Water Melon,Water Melon,Local,2026-07-21,2500,3500,3000.0
Tamil Nadu,Kancheepuram,Kancheepuram(Uzhavar Sandhai ),Tomato,Local,Local,2026-07-21,1600,2400,2000.0
Tamil Nadu,Kancheepuram,Kancheepuram(Uzhavar Sandhai ),Mango(Raw-Ripe),Mango - Raw-Ripe,Local,2026-07-21,2500,3000,2750.0
Tamil Nadu,Kancheepuram,Kancheepuram(Uzhavar Sandhai ),Lemon,Lemon,Local,2026-07-21,6000,7000,6500.0
Tamil Nadu,Kancheepuram,Kancheepuram(Uzhavar Sandhai ),Mashrooms,Mashrooms,Local,2026-07-21,22000,26000,24000.0
Tamil Nadu,Kancheepuram,Kundrathur(Uzhavar Sandhai ),Apple,American,Local,2026-07-21,16000,18000,17000.0
Tamil Nadu,Kancheepuram,Kundrathur(Uzhavar Sandhai ),Tomato,Other,Local,2026-07-21,2400,2400,2400.0
Tamil Nadu,Kancheepuram,Kundrathur(Uzhavar Sandhai ),Ashgourd,Gouard,Local,2026-07-21,2000,2000,2000.0
Tamil Nadu,Kancheepuram,Kundrathur(Uzhavar Sandhai ),Bhindi(Ladies Finger),Bhindi,Local,2026-07-21,3500,3500,3500.0
Tamil Nadu,Kancheepuram,Kundrathur(Uzhavar Sandhai ),Amaranthus,Amaranthus,Local,2026-07-21,3000,3000,3000.0
Tamil Nadu,Kancheepuram,Kundrathur(Uzhavar Sandhai ),Beans,Beans (Whole),Local,2026-07-21,7000,8000,7500.0
Tamil Nadu,Kancheepuram,Kundrathur(Uzhavar Sandhai ),Carrot,Pusakesar,Local,2026-07-21,5000,5000,5000.0
Tamil Nadu,Kancheepuram,Kundrathur(Uzhavar Sandhai ),Pomegranate,Pomogranate,Local,2026-07-21,18000,18000,18000.0
Tamil Nadu,Kancheepuram,Kundrathur(Uzhavar Sandhai ),Colacasia,Colacasia,Local,2026-07-21,3000,3000,3000.0
Tamil Nadu,Kancheepuram,Padappai(Uzhavar Sandhai ),Groundnut,Big (With Shell),Local,2026-07-21,6000,7000,6500.0
Tamil Nadu,Kancheepuram,Padappai(Uzhavar Sandhai ),Cauliflower,Ranchi,Local,2026-07-21,3500,4500,4000.0
Tamil Nadu,Kancheepuram,Padappai(Uzhavar Sandhai ),Snakeguard,Snakeguard,Local,2026-07-21,3500,4500,4000.0
Tamil Nadu,Kancheepuram,Padappai(Uzhavar Sandhai ),Beetroot,Beetroot,Local,2026-07-21,3500,4000,3750.0
Tamil Nadu,Kancheepuram,Padappai(Uzhavar Sandhai ),Capsicum,Capsicum,Local,2026-07-21,6000,7000,6500.0
Tamil Nadu,Kancheepuram,Padappai(Uzhavar Sandhai ),Mango(Raw-Ripe),Mango - Raw-Ripe,Local,2026-07-21,2500,3000,2750.0
Tamil Nadu,Kancheepuram,Padappai(Uzhavar Sandhai ),Colacasia,Colacasia,Local,2026-07-21,3000,4000,3500.0
Tamil Nadu,Kancheepuram,Padappai(Uzhavar Sandhai ),Mashrooms,Mashrooms,Local,2026-07-21,22000,26000,24000.0
Tamil Nadu,Kancheepuram,Padappai(Uzhavar Sandhai ),Onion Green,Onion Green,Local,2026-07-21,6000,6500,6250.0
Tamil Nadu,Kancheepuram,Padappai(Uzhavar Sandhai ),Sweet Corn ,Sweet Corn ,Local,2026-07-21,3000,3500,3250.0
Tamil Nadu,Kancheepuram,Sunguvarchatram(Uzhavar Sandhai ),Banana,Red Banana,Local,2026-07-21,7000,8000,7500.0
Tamil Nadu,Kancheepuram,Sunguvarchatram(Uzhavar Sandhai ),Bhindi(Ladies Finger),Bhindi,Local,2026-07-21,3500,3500,3500.0
Tamil Nadu,Kancheepuram,Sunguvarchatram(Uzhavar Sandhai ),Raddish,Raddish,Local,2026-07-21,3000,3500,3250.0
Tamil Nadu,Kancheepuram,Sunguvarchatram(Uzhavar Sandhai ),Thondekai,Thondekai,Local,2026-07-21,4000,4000,4000.0
Tamil Nadu,Kancheepuram,Sunguvarchatram(Uzhavar Sandhai ),Yam(Ratalu),Yam (Ratalu),Local,2026-07-21,4000,4000,4000.0
Tamil Nadu,Krishnagiri,Avallapalli(Uzhavar Sandhai ),Potato,Red Nanital,Local,2026-07-21,2000,2500,2250.0
Tamil Nadu,Krishnagiri,Avallapalli(Uzhavar Sandhai ),Brinjal,Round,Local,2026-07-21,4000,4500,4250.0
Tamil Nadu,Krishnagiri,Avallapalli(Uzhavar Sandhai ),Bitter gourd,Bitter Gourd,Local,2026-07-21,5000,5500,5250.0
Tamil Nadu,Krishnagiri,Avallapalli(Uzhavar Sandhai ),Bottle gourd,Bottle Gourd,Local,2026-07-21,2500,3000,2750.0
Tamil Nadu,Krishnagiri,Avallapalli(Uzhavar Sandhai ),Ashgourd,Gouard,Local,2026-07-21,2000,2500,2250.0
Tamil Nadu,Krishnagiri,Avallapalli(Uzhavar Sandhai ),Amaranthus,Amaranthus,Local,2026-07-21,5500,6000,5750.0
Tamil Nadu,Krishnagiri,Avallapalli(Uzhavar Sandhai ),Coconut,Coconut,Local,2026-07-21,5000,5500,5250.0
Tamil Nadu,Krishnagiri,Avallapalli(Uzhavar Sandhai ),Sweet Potato,Hosur Red,Local,2026-07-21,4500,5000,4750.0
Tamil Nadu,Krishnagiri,Avallapalli(Uzhavar Sandhai ),Snakeguard,Snakeguard,Local,2026-07-21,3500,4000,3750.0
Tamil Nadu,Krishnagiri,Avallapalli(Uzhavar Sandhai ),Knool Khol,Knool Khol,Local,2026-07-21,4500,5000,4750.0
Tamil Nadu,Krishnagiri,Hosur(Uzhavar Sandhai ),Apple,American,Local,2026-07-21,24000,28000,26000.0
Tamil Nadu,Krishnagiri,Hosur(Uzhavar Sandhai ),Orange,Darjeeling,Local,2026-07-21,14000,19000,16500.0
Tamil Nadu,Krishnagiri,Hosur(Uzhavar Sandhai ),Onion,Bellary,Local,2026-07-21,3500,4000,3750.0
Tamil Nadu,Krishnagiri,Hosur(Uzhavar Sandhai ),Bottle gourd,Bottle Gourd,Local,2026-07-21,2500,3000,2750.0
Tamil Nadu,Krishnagiri,Hosur(Uzhavar Sandhai ),Ashgourd,Gouard,Local,2026-07-21,2000,2500,2250.0
Tamil Nadu,Krishnagiri,Hosur(Uzhavar Sandhai ),Betal Leaves,Mysore,Local,2026-07-21,10000,12000,11000.0
Tamil Nadu,Krishnagiri,Hosur(Uzhavar Sandhai ),Carrot,Pusakesar,Local,2026-07-21,6000,7000,6500.0
Tamil Nadu,Krishnagiri,Hosur(Uzhavar Sandhai ),Beetroot,Beetroot,Local,2026-07-21,3500,4000,3750.0
Tamil Nadu,Krishnagiri,Hosur(Uzhavar Sandhai ),Jack Fruit(Ripe),Jack Fruit,Local,2026-07-21,2000,2500,2250.0
Tamil Nadu,Krishnagiri,Hosur(Uzhavar Sandhai ),Tender Coconut,Tender Coconut,Local,2026-07-21,2500,3000,2750.0
Tamil Nadu,Krishnagiri,Hosur(Uzhavar Sandhai ),Colacasia,Colacasia,Local,2026-07-21,5000,6000,5500.0
Tamil Nadu,Krishnagiri,Hosur(Uzhavar Sandhai ),Mashrooms,Mashrooms,Local,2026-07-21,18000,20000,19000.0
Tamil Nadu,Krishnagiri,Hosur(Uzhavar Sandhai ),Tube Rose(Loose),Tube Rose (Loose),Local,2026-07-21,5000,6000,5500.0
Tamil Nadu,Krishnagiri,Hosur(Uzhavar Sandhai ),Baby Corn,Baby Corn,Grade A,2026-07-21,2500,3000,2750.0
Tamil Nadu,Krishnagiri,Krishnagiri(Uzhavar Sandhai ),Groundnut,Big (With Shell),Local,2026-07-21,6000,7000,6500.0
Tamil Nadu,Krishnagiri,Krishnagiri(Uzhavar Sandhai ),Coriander(Leaves),I Sort,Local,2026-07-21,5000,6000,5500.0
Tamil Nadu,Krishnagiri,Krishnagiri(Uzhavar Sandhai ),Tomato,Deshi,Local,2026-07-21,1500,2000,1750.0
Tamil Nadu,Krishnagiri,Krishnagiri(Uzhavar Sandhai ),Amaranthus,Amaranthus,Local,2026-07-21,2500,3000,2750.0
Tamil Nadu,Krishnagiri,Krishnagiri(Uzhavar Sandhai ),Banana - Green,Banana - Green,Local,2026-07-21,3000,3500,3250.0
Tamil Nadu,Krishnagiri,Krishnagiri(Uzhavar Sandhai ),Beans,Beans (Whole),Local,2026-07-21,6000,7000,6500.0
Tamil Nadu,Krishnagiri,Krishnagiri(Uzhavar Sandhai ),Tapioca,Tapioca,Local,2026-07-21,2000,2800,2400.0
Tamil Nadu,Krishnagiri,Krishnagiri(Uzhavar Sandhai ),Drumstick,Drumstick,Local,2026-07-21,7000,8000,7500.0
Tamil Nadu,Madurai,Anaiyur(Uzhavar Sandhai ),Onion,Bellary,Local,2026-07-21,3000,4200,3600.0
Tamil Nadu,Madurai,Anaiyur(Uzhavar Sandhai ),Bhindi(Ladies Finger),Bhindi,Local,2026-07-21,2500,3600,3050.0
Tamil Nadu,Madurai,Anaiyur(Uzhavar Sandhai ),Beetroot,Beetroot,Local,2026-07-21,4000,5500,4750.0
Tamil Nadu,Madurai,Usilampatti(Uzhavar Sandhai ),Coriander(Leaves),I Sort,Local,2026-07-21,8500,9000,8750.0
Tamil Nadu,Madurai,Usilampatti(Uzhavar Sandhai ),Drumstick,Drumstick,Local,2026-07-21,7000,8000,7500.0
Tamil Nadu,Madurai,Usilampatti(Uzhavar Sandhai ),Indian Beans(Seam),Indian Beans (Seam),Local,2026-07-21,5500,6000,5750.0
Tamil Nadu,Madurai,Usilampatti(Uzhavar Sandhai ),Lemon,Lemon,Local,2026-07-21,6000,8000,7000.0
Tamil Nadu,Nagapattinam,Nagapattinam(Uzhavar Sandhai ),Mango,Other,Local,2026-07-21,6000,6500,6250.0
Tamil Nadu,Nagapattinam,Nagapattinam(Uzhavar Sandhai ),Tomato,Deshi,Local,2026-07-21,3100,3100,3100.0
Tamil Nadu,Nagapattinam,Nagapattinam(Uzhavar Sandhai ),Bitter gourd,Other,Local,2026-07-21,4300,5500,4900.0
Tamil Nadu,Nagapattinam,Nagapattinam(Uzhavar Sandhai ),Ashgourd,Gouard,Local,2026-07-21,3300,3800,3550.0
Tamil Nadu,Nagapattinam,Nagapattinam(Uzhavar Sandhai ),Bhindi(Ladies Finger),Bhindi,Local,2026-07-21,5200,5200,5200.0
Tamil Nadu,Nagapattinam,Nagapattinam(Uzhavar Sandhai ),Beans,Beans (Whole),Local,2026-07-21,10700,11500,11100.0
Tamil Nadu,Nagapattinam,Nagapattinam(Uzhavar Sandhai ),Green Avare(W),Green Avare (W),Local,2026-07-21,9200,9200,9200.0
Tamil Nadu,Nagapattinam,Nagapattinam(Uzhavar Sandhai ),Onion Green,Onion Green,Local,2026-07-21,5400,5400,5400.0
Tamil Nadu,Nagapattinam,Sirkali(Uzhavar Sandhai ),Groundnut,Big (With Shell),Local,2026-07-21,5500,6000,5750.0
Tamil Nadu,Nagapattinam,Sirkali(Uzhavar Sandhai ),Beetroot,Beetroot,Local,2026-07-21,4500,5000,4750.0
Tamil Nadu,Nagapattinam,Sirkali(Uzhavar Sandhai ),Raddish,Raddish,Local,2026-07-21,3600,4000,3800.0
Tamil Nadu,Nagapattinam,Sirkali(Uzhavar Sandhai ),Chow Chow,Chow Chow,Local,2026-07-21,3000,3000,3000.0
Tamil Nadu,Nagapattinam,Sirkali(Uzhavar Sandhai ),Mango(Raw-Ripe),Mango - Raw-Ripe,Local,2026-07-21,4500,5000,4750.0
Tamil Nadu,Nagapattinam,Sirkali(Uzhavar Sandhai ),Tamarind Fruit,Tamarind Fruit,Local,2026-07-21,15000,15000,15000.0
Tamil Nadu,Nagapattinam,Vedaranyam(Uzhavar Sandhai),Brinjal,Round,Local,2026-07-21,4400,4600,4500.0
Tamil Nadu,Nagapattinam,Vedaranyam(Uzhavar Sandhai),Cluster beans,Cluster Beans,Local,2026-07-21,2800,3000,2900.0
Tamil Nadu,Nagapattinam,Vedaranyam(Uzhavar Sandhai),Pumpkin,Pumpkin,Local,2026-07-21,2200,2500,2350.0
Tamil Nadu,Nagapattinam,Vedaranyam(Uzhavar Sandhai),Beetroot,Beetroot,Local,2026-07-21,4000,4200,4100.0
Tamil Nadu,Nagapattinam,Vedaranyam(Uzhavar Sandhai),Green Avare(W),Green Avare (W),Local,2026-07-21,6200,6600,6400.0
Tamil Nadu,Nagapattinam,Vedaranyam(Uzhavar Sandhai),Drumstick,Drumstick,Local,2026-07-21,3400,3600,3500.0
Tamil Nadu,Nagapattinam,Vedaranyam(Uzhavar Sandhai),Lemon,Lemon,Local,2026-07-21,4800,5000,4900.0
Tamil Nadu,Namakkal,Kumarapalayam(Uzhavar Sandhai ),Potato,Red Nanital,Local,2026-07-21,3000,3400,3200.0
Tamil Nadu,Namakkal,Kumarapalayam(Uzhavar Sandhai ),Ashgourd,Gouard,Local,2026-07-21,2000,2600,2300.0
Tamil Nadu,Namakkal,Kumarapalayam(Uzhavar Sandhai ),Ginger(Green),Green Ginger,Local,2026-07-21,18000,19000,18500.0
Tamil Nadu,Namakkal,Kumarapalayam(Uzhavar Sandhai ),Raddish,Raddish,Local,2026-07-21,3000,3400,3200.0
Tamil Nadu,Namakkal,Kumarapalayam(Uzhavar Sandhai ),Tender Coconut,Tender Coconut,Local,2026-07-21,3000,3500,3250.0
Tamil Nadu,Namakkal,Mohanur(Uzhavar Sandhai ),Coconut,Coconut,Local,2026-07-21,5200,5600,5400.0
Tamil Nadu,Namakkal,Mohanur(Uzhavar Sandhai ),Snakeguard,Snakeguard,Local,2026-07-21,6000,6800,6400.0
Tamil Nadu,Namakkal,Mohanur(Uzhavar Sandhai ),Ridgeguard(Tori),Ridgeguard(Tori),Local,2026-07-21,6200,6800,6500.0
Tamil Nadu,Namakkal,Mohanur(Uzhavar Sandhai ),Onion Green,Onion Green,Local,2026-07-21,4000,5000,4500.0
Tamil Nadu,Namakkal,Mohanur(Uzhavar Sandhai ),Mint(Pudina),Mint(Pudina),Local,2026-07-21,5000,6000,5500.0
Tamil Nadu,Namakkal,Namakkal(Uzhavar Sandhai ),Mango,Neelam,Local,2026-07-21,5000,7000,6000.0
Tamil Nadu,Namakkal,Namakkal(Uzhavar Sandhai ),Pineapple,Pine Apple,Local,2026-07-21,3000,3500,3250.0
Tamil Nadu,Namakkal,Namakkal(Uzhavar Sandhai ),Garlic,Garlic,Local,2026-07-21,20000,24000,22000.0
Tamil Nadu,Namakkal,Namakkal(Uzhavar Sandhai ),Water Melon,Water Melon,Local,2026-07-21,1200,1500,1350.0
Tamil Nadu,Namakkal,Namakkal(Uzhavar Sandhai ),Pumpkin,Pumpkin,Local,2026-07-21,2000,2600,2300.0
Tamil Nadu,Namakkal,Namakkal(Uzhavar Sandhai ),Green Chilli,Green Chilly,Local,2026-07-21,5000,5800,5400.0
Tamil Nadu,Namakkal,Namakkal(Uzhavar Sandhai ),Banana - Green,Banana - Green,Local,2026-07-21,3500,4000,3750.0
Tamil Nadu,Namakkal,Namakkal(Uzhavar Sandhai ),Thondekai,Thondekai,Local,2026-07-21,5000,6000,5500.0
Tamil Nadu,Namakkal,Namakkal(Uzhavar Sandhai ),Drumstick,Drumstick,Local,2026-07-21,6000,6500,6250.0
Tamil Nadu,Namakkal,Namakkal(Uzhavar Sandhai ),Baby Corn,Baby Corn,Grade A,2026-07-21,2000,2500,2250.0
Tamil Nadu,Namakkal,Paramathivelur(Uzhavar Sandhai ),Banana,Other,Local,2026-07-21,3500,4000,3750.0
Tamil Nadu,Namakkal,Paramathivelur(Uzhavar Sandhai ),Bottle gourd,Bottle Gourd,Local,2026-07-21,1200,1600,1400.0
Tamil Nadu,Namakkal,Paramathivelur(Uzhavar Sandhai ),Tapioca,Tapioca,Local,2026-07-21,3000,3500,3250.0
Tamil Nadu,Namakkal,Paramathivelur(Uzhavar Sandhai ),Drumstick,Drumstick,Local,2026-07-21,6000,6500,6250.0
Tamil Nadu,Namakkal,Rasipuram(Uzhavar Sandhai ),Potato,Other,Local,2026-07-21,3200,3400,3300.0
Tamil Nadu,Namakkal,Rasipuram(Uzhavar Sandhai ),Coriander(Leaves),I Sort,Local,2026-07-21,7500,8500,8000.0
Tamil Nadu,Namakkal,Rasipuram(Uzhavar Sandhai ),Bhindi(Ladies Finger),Bhindi,Local,2026-07-21,3400,4200,3800.0
Tamil Nadu,Namakkal,Rasipuram(Uzhavar Sandhai ),Coconut,Coconut,Local,2026-07-21,5000,5600,5300.0
Tamil Nadu,Namakkal,Rasipuram(Uzhavar Sandhai ),Cucumbar(Kheera),Cucumbar,Local,2026-07-21,8000,9000,8500.0
Tamil Nadu,Namakkal,Rasipuram(Uzhavar Sandhai ),Thondekai,Thondekai,Local,2026-07-21,4500,5000,4750.0
Tamil Nadu,Namakkal,Rasipuram(Uzhavar Sandhai ),Chow Chow,Chow Chow,Local,2026-07-21,2000,2500,2250.0
Tamil Nadu,Namakkal,Rasipuram(Uzhavar Sandhai ),Guava,Guava Allahabad,Local,2026-07-21,6000,7000,6500.0
Tamil Nadu,Namakkal,Rasipuram(Uzhavar Sandhai ),Onion Green,Onion Green,Local,2026-07-21,4000,6000,5000.0
Tamil Nadu,Namakkal,Rasipuram(Uzhavar Sandhai ),Sweet Corn ,Sweet Corn ,Local,2026-07-21,2000,2500,2250.0
Tamil Nadu,Madurai,Palanganatham(Uzhavar Sandhai ),Orange,Darjeeling,Local,2026-07-21,12000,16000,14000.0
Tamil Nadu,Madurai,Palanganatham(Uzhavar Sandhai ),Onion,Bellary,Local,2026-07-21,3500,4200,3850.0
Tamil Nadu,Madurai,Anna nagar(Uzhavar Sandhai ),Banana,Red Banana,Local,2026-07-21,9000,9000,9000.0
Tamil Nadu,Madurai,Anna nagar(Uzhavar Sandhai ),Mango,Other,Local,2026-07-21,5000,5000,5000.0
Tamil Nadu,Madurai,Anna nagar(Uzhavar Sandhai ),Grapes,Annabesahai,Local,2026-07-21,9000,9000,9000.0
Tamil Nadu,Madurai,Anna nagar(Uzhavar Sandhai ),Chili Red,Bold,Local,2026-07-21,20000,20000,20000.0
Tamil Nadu,Madurai,Anna nagar(Uzhavar Sandhai ),Banana - Green,Banana - Green,Local,2026-07-21,2000,2500,2250.0
Tamil Nadu,Madurai,Anna nagar(Uzhavar Sandhai ),Ridgeguard(Tori),Ridgeguard(Tori),Local,2026-07-21,5600,6600,6100.0
Tamil Nadu,Madurai,Anna nagar(Uzhavar Sandhai ),Capsicum,Capsicum,Local,2026-07-21,8500,8500,8500.0
Tamil Nadu,Madurai,Anna nagar(Uzhavar Sandhai ),Knool Khol,Knool Khol,Local,2026-07-21,3600,3600,3600.0
Tamil Nadu,Madurai,Anna nagar(Uzhavar Sandhai ),Tender Coconut,Tender Coconut,Local,2026-07-21,4500,5000,4750.0
Tamil Nadu,Madurai,Anna nagar(Uzhavar Sandhai ),Elephant Yam(Suran)/Amorphophallus,Elephant Yam (Suran),Local,2026-07-21,5000,5000,5000.0
Tamil Nadu,Madurai,Anna nagar(Uzhavar Sandhai ),Yam(Ratalu),Yam (Ratalu),Local,2026-07-21,8600,8600,8600.0
Tamil Nadu,Madurai,Anna nagar(Uzhavar Sandhai ),Onion Green,Onion Green,Local,2026-07-21,6600,7200,6900.0
Tamil Nadu,Perambalur,Perambalur(Uzhavar Sandhai ),Apple,American,Local,2026-07-21,23000,25000,24000.0
Tamil Nadu,Perambalur,Perambalur(Uzhavar Sandhai ),Tomato,Local,Local,2026-07-21,2600,3000,2800.0
Tamil Nadu,Perambalur,Perambalur(Uzhavar Sandhai ),Carrot,Pusakesar,Local,2026-07-21,9000,9600,9300.0
Tamil Nadu,Perambalur,Perambalur(Uzhavar Sandhai ),Snakeguard,Snakeguard,Local,2026-07-21,4000,4000,4000.0
Tamil Nadu,Perambalur,Perambalur(Uzhavar Sandhai ),Chow Chow,Chow Chow,Local,2026-07-21,4600,4600,4600.0
Tamil Nadu,Perambalur,Perambalur(Uzhavar Sandhai ),Yam(Ratalu),Yam (Ratalu),Local,2026-07-21,4800,6000,5400.0
Tamil Nadu,Perambalur,Perambalur(Uzhavar Sandhai ),Colacasia,Colacasia,Local,2026-07-21,5600,6000,5800.0
Tamil Nadu,Ranipet,Arcot(Uzhavar Sandhai ),Mango,Neelam,Local,2026-07-21,6000,6000,6000.0
Tamil Nadu,Ranipet,Arcot(Uzhavar Sandhai ),Banana,Other,Local,2026-07-21,6000,6000,6000.0
Tamil Nadu,Ranipet,Arcot(Uzhavar Sandhai ),Onion,Bellary,Local,2026-07-21,3000,3600,3300.0
Tamil Nadu,Ranipet,Arcot(Uzhavar Sandhai ),Banana - Green,Banana - Green,Local,2026-07-21,4000,5000,4500.0
Tamil Nadu,Ranipet,Arcot(Uzhavar Sandhai ),Carrot,Pusakesar,Local,2026-07-21,7000,7000,7000.0
Tamil Nadu,Ranipet,Arcot(Uzhavar Sandhai ),Beetroot,Beetroot,Local,2026-07-21,5000,5000,5000.0
Tamil Nadu,Ranipet,Arcot(Uzhavar Sandhai ),Chow Chow,Chow Chow,Local,2026-07-21,4000,4000,4000.0
Tamil Nadu,Ranipet,Arcot(Uzhavar Sandhai ),Tender Coconut,Tender Coconut,Local,2026-07-21,2500,3000,2750.0
Tamil Nadu,Ranipet,Arcot(Uzhavar Sandhai ),Elephant Yam(Suran)/Amorphophallus,Elephant Yam (Suran),Local,2026-07-21,7000,7000,7000.0
Tamil Nadu,Ranipet,Arcot(Uzhavar Sandhai ),Lemon,Lemon,Local,2026-07-21,6000,6000,6000.0
Tamil Nadu,Ranipet,Ranipettai(Uzhavar Sandhai ),Banana,Red Banana,Local,2026-07-21,10000,10000,10000.0
Tamil Nadu,Ranipet,Ranipettai(Uzhavar Sandhai ),Cluster beans,Cluster Beans,Local,2026-07-21,4400,4400,4400.0
Tamil Nadu,Ranipet,Ranipettai(Uzhavar Sandhai ),Tapioca,Tapioca,Local,2026-07-21,4000,4000,4000.0
Tamil Nadu,Ranipet,Ranipettai(Uzhavar Sandhai ),Sweet Potato,Hosur Red,Local,2026-07-21,4000,4000,4000.0
Tamil Nadu,Ranipet,Ranipettai(Uzhavar Sandhai ),Cabbage,Cabbage,Local,2026-07-21,3500,3500,3500.0
Tamil Nadu,Ranipet,Ranipettai(Uzhavar Sandhai ),Beetroot,Beetroot,Local,2026-07-21,5000,5000,5000.0
Tamil Nadu,Ranipet,Ranipettai(Uzhavar Sandhai ),Cucumbar(Kheera),Cucumbar,Local,2026-07-21,4400,4400,4400.0
Tamil Nadu,Ranipet,Ranipettai(Uzhavar Sandhai ),Ridgeguard(Tori),Ridgeguard(Tori),Local,2026-07-21,4800,4800,4800.0
Tamil Nadu,Ranipet,Ranipettai(Uzhavar Sandhai ),Raddish,Raddish,Local,2026-07-21,4000,4400,4200.0
Tamil Nadu,Ranipet,Ranipettai(Uzhavar Sandhai ),Thondekai,Thondekai,Local,2026-07-21,4400,4400,4400.0
Tamil Nadu,Ranipet,Ranipettai(Uzhavar Sandhai ),Knool Khol,Knool Khol,Local,2026-07-21,5000,5000,5000.0
Tamil Nadu,Salem,Ammapet(Uzhavar Sandhai ),Apple,American,Local,2026-07-21,23000,25000,24000.0
Tamil Nadu,Salem,Ammapet(Uzhavar Sandhai ),Onion,Bellary,Local,2026-07-21,3600,4000,3800.0
Tamil Nadu,Salem,Ammapet(Uzhavar Sandhai ),Potato,Other,Local,2026-07-21,2600,3000,2800.0
Tamil Nadu,Salem,Ammapet(Uzhavar Sandhai ),Brinjal,Other,Local,2026-07-21,4600,5000,4800.0
Tamil Nadu,Salem,Ammapet(Uzhavar Sandhai ),Cluster beans,Cluster Beans,Local,2026-07-21,3500,3800,3650.0
Tamil Nadu,Salem,Ammapet(Uzhavar Sandhai ),Bitter gourd,Other,Local,2026-07-21,5000,5500,5250.0
Tamil Nadu,Salem,Ammapet(Uzhavar Sandhai ),Beans,Beans (Whole),Local,2026-07-21,6500,7000,6750.0
Tamil Nadu,Salem,Ammapet(Uzhavar Sandhai ),Ginger(Green),Green Ginger,Local,2026-07-21,16000,17000,16500.0
Tamil Nadu,Salem,Ammapet(Uzhavar Sandhai ),Cabbage,Cabbage,Local,2026-07-21,3600,4000,3800.0
Tamil Nadu,Salem,Ammapet(Uzhavar Sandhai ),Beetroot,Beetroot,Local,2026-07-21,5500,6000,5750.0
Tamil Nadu,Salem,Ammapet(Uzhavar Sandhai ),Cucumbar(Kheera),Cucumbar,Local,2026-07-21,4500,5000,4750.0
Tamil Nadu,Salem,Ammapet(Uzhavar Sandhai ),Ridgeguard(Tori),Ridgeguard(Tori),Local,2026-07-21,4000,5000,4500.0
Tamil Nadu,Salem,Ammapet(Uzhavar Sandhai ),Chow Chow,Chow Chow,Local,2026-07-21,3000,3500,3250.0
Tamil Nadu,Salem,Ammapet(Uzhavar Sandhai ),Yam(Ratalu),Yam (Ratalu),Local,2026-07-21,5500,6000,5750.0
Tamil Nadu,Salem,Ammapet(Uzhavar Sandhai ),Indian Beans(Seam),Indian Beans (Seam),Local,2026-07-21,6500,7000,6750.0
Tamil Nadu,Salem,Ammapet(Uzhavar Sandhai ),Rose(Local),Rose (Local),Local,2026-07-21,11000,12000,11500.0
Tamil Nadu,Salem,Mecheri(Uzhavar Sandhai),Bitter gourd,Bitter Gourd,Local,2026-07-21,5500,6000,5750.0
Tamil Nadu,Salem,Mecheri(Uzhavar Sandhai),Green Chilli,Green Chilly,Local,2026-07-21,4000,4500,4250.0
Tamil Nadu,Salem,Mecheri(Uzhavar Sandhai),Banana - Green,Banana - Green,Local,2026-07-21,2000,2500,2250.0
Tamil Nadu,Salem,Mettur(Uzhavar Sandhai ),Potato,Other,Local,2026-07-21,4000,4000,4000.0
Tamil Nadu,Salem,Mettur(Uzhavar Sandhai ),Water Melon,Water Melon,Local,2026-07-21,1500,2000,1750.0
Tamil Nadu,Salem,Mettur(Uzhavar Sandhai ),Tomato,Local,Local,2026-07-21,1200,1600,1400.0
Tamil Nadu,Salem,Mettur(Uzhavar Sandhai ),Bitter gourd,Other,Local,2026-07-21,5000,5000,5000.0
Tamil Nadu,Salem,Mettur(Uzhavar Sandhai ),Beans,Beans (Whole),Local,2026-07-21,7000,7500,7250.0
Tamil Nadu,Salem,Mettur(Uzhavar Sandhai ),Chow Chow,Chow Chow,Local,2026-07-21,3500,4000,3750.0
Tamil Nadu,Salem,Mettur(Uzhavar Sandhai ),Drumstick,Drumstick,Local,2026-07-21,5000,6000,5500.0
Tamil Nadu,Salem,Mettur(Uzhavar Sandhai ),Lime,Lime,Local,2026-07-21,2500,3000,2750.0
Tamil Nadu,Salem,Mettur(Uzhavar Sandhai ),Rose(Local),Rose (Local),Local,2026-07-21,13000,15000,14000.0
Tamil Nadu,Salem,Mettur(Uzhavar Sandhai ),Sweet Corn ,Sweet Corn ,Local,2026-07-21,3000,4000,3500.0
Tamil Nadu,Salem,Sooramangalam(Uzhavar Sandhai ),Chikoos(Sapota),Sapota,Local,2026-07-21,4000,4500,4250.0
Tamil Nadu,Salem,Sooramangalam(Uzhavar Sandhai ),Papaya,Papaya,Local,2026-07-21,3500,4000,3750.0
Tamil Nadu,Salem,Sooramangalam(Uzhavar Sandhai ),Beans,Beans (Whole),Local,2026-07-21,6200,6800,6500.0
Tamil Nadu,Salem,Sooramangalam(Uzhavar Sandhai ),Tapioca,Tapioca,Local,2026-07-21,3000,3500,3250.0
Tamil Nadu,Salem,Sooramangalam(Uzhavar Sandhai ),Cabbage,Cabbage,Local,2026-07-21,3500,4000,3750.0
Tamil Nadu,Salem,Sooramangalam(Uzhavar Sandhai ),Thondekai,Thondekai,Local,2026-07-21,4500,5000,4750.0
Tamil Nadu,Salem,Sooramangalam(Uzhavar Sandhai ),Marigold(Calcutta),Marigold(Calcutta),Local,2026-07-21,10000,12000,11000.0
Tamil Nadu,Salem,Sooramangalam(Uzhavar Sandhai ),Onion Green,Onion Green,Local,2026-07-21,4500,5000,4750.0
Tamil Nadu,Salem,Thammampatti (Uzhavar Sandhai ),Brinjal,Round,Local,2026-07-21,4000,5000,4500.0
Tamil Nadu,Salem,Thammampatti (Uzhavar Sandhai ),Bottle gourd,Bottle Gourd,Local,2026-07-21,1500,2000,1750.0
Tamil Nadu,Salem,Thammampatti (Uzhavar Sandhai ),Chow Chow,Chow Chow,Local,2026-07-21,4000,4000,4000.0
Tamil Nadu,Salem,Thammampatti (Uzhavar Sandhai ),Yam(Ratalu),Yam (Ratalu),Local,2026-07-21,3000,4000,3500.0
Tamil Nadu,Salem,Thathakapatti(Uzhavar Sandhai ),Potato,Red Nanital,Local,2026-07-21,3000,6400,4700.0
Tamil Nadu,Salem,Thathakapatti(Uzhavar Sandhai ),Water Melon,Water Melon,Local,2026-07-21,2000,2500,2250.0
Tamil Nadu,Salem,Thathakapatti(Uzhavar Sandhai ),Cluster beans,Cluster Beans,Local,2026-07-21,3400,3600,3500.0
Tamil Nadu,Salem,Thathakapatti(Uzhavar Sandhai ),Amaranthus,Amaranthus,Local,2026-07-21,2000,2400,2200.0
Tamil Nadu,Salem,Thathakapatti(Uzhavar Sandhai ),Tapioca,Tapioca,Local,2026-07-21,2500,3000,2750.0
Tamil Nadu,Salem,Thathakapatti(Uzhavar Sandhai ),Ginger(Green),Green Ginger,Local,2026-07-21,16000,17000,16500.0
Tamil Nadu,Salem,Thathakapatti(Uzhavar Sandhai ),Sweet Potato,Hosur Red,Local,2026-07-21,3000,4000,3500.0
Tamil Nadu,Salem,Thathakapatti(Uzhavar Sandhai ),Cucumbar(Kheera),Cucumbar,Local,2026-07-21,4000,5000,4500.0
Tamil Nadu,Salem,Thathakapatti(Uzhavar Sandhai ),Ridgeguard(Tori),Ridgeguard(Tori),Local,2026-07-21,3500,5000,4250.0
Tamil Nadu,Salem,Thathakapatti(Uzhavar Sandhai ),Lime,Lime,Local,2026-07-21,3000,4000,3500.0
Tamil Nadu,Salem,Thathakapatti(Uzhavar Sandhai ),Jamun(Narale Hannu),Jamun,Local,2026-07-21,14000,15000,14500.0
Tamil Nadu,Salem,Thathakapatti(Uzhavar Sandhai ),Karbuja(Musk Melon),Karbhuja,Local,2026-07-21,3000,4000,3500.0
Tamil Nadu,Salem,Thathakapatti(Uzhavar Sandhai ),Fig(Anjura/Anjeer),Anjura,Local,2026-07-21,13000,14000,13500.0
Tamil Nadu,Salem,Thathakapatti(Uzhavar Sandhai ),Jasmine,Jasmine,Local,2026-07-21,34000,36000,35000.0
Tamil Nadu,Salem,Thathakapatti(Uzhavar Sandhai ),Elephant Yam(Suran)/Amorphophallus,Elephant Yam (Suran),Local,2026-07-21,4000,4500,4250.0
Tamil Nadu,Salem,Thathakapatti(Uzhavar Sandhai ),Indian Beans(Seam),Indian Beans (Seam),Local,2026-07-21,6000,7000,6500.0
Tamil Nadu,Salem,Thathakapatti(Uzhavar Sandhai ),Colacasia,Colacasia,Local,2026-07-21,5000,6000,5500.0
Tamil Nadu,Salem,Thathakapatti(Uzhavar Sandhai ),Custard Apple(Sharifa),Custard Apple(Sharifa),Local,2026-07-21,4000,5000,4500.0
Tamil Nadu,Salem,Thathakapatti(Uzhavar Sandhai ),Mint(Pudina),Mint(Pudina),Local,2026-07-21,4500,5000,4750.0
Tamil Nadu,Salem,Thathakapatti(Uzhavar Sandhai ),Tube Rose(Loose),Tube Rose (Loose),Local,2026-07-21,5000,6000,5500.0
Tamil Nadu,Pudukkottai,Pudukottai(Uzhavar Sandhai ),Pineapple,Pine Apple,Local,2026-07-21,3500,4000,3750.0
Tamil Nadu,Pudukkottai,Pudukottai(Uzhavar Sandhai ),Garlic,Garlic,Local,2026-07-21,28500,30000,29250.0
Tamil Nadu,Pudukkottai,Pudukottai(Uzhavar Sandhai ),Papaya,Papaya,Local,2026-07-21,2500,3000,2750.0
Tamil Nadu,Pudukkottai,Pudukottai(Uzhavar Sandhai ),Water Melon,Water Melon,Local,2026-07-21,1200,1500,1350.0
Tamil Nadu,Pudukkottai,Pudukottai(Uzhavar Sandhai ),Bottle gourd,Bottle Gourd,Local,2026-07-21,2500,3000,2750.0
Tamil Nadu,Pudukkottai,Pudukottai(Uzhavar Sandhai ),Green Chilli,Green Chilly,Local,2026-07-21,4500,5000,4750.0
Tamil Nadu,Pudukkottai,Pudukottai(Uzhavar Sandhai ),Beans,Beans (Whole),Local,2026-07-21,6000,7000,6500.0
Tamil Nadu,Pudukkottai,Pudukottai(Uzhavar Sandhai ),Coconut,Coconut,Local,2026-07-21,3000,4000,3500.0
Tamil Nadu,Pudukkottai,Pudukottai(Uzhavar Sandhai ),Snakeguard,Snakeguard,Local,2026-07-21,3600,4000,3800.0
Tamil Nadu,Pudukkottai,Pudukottai(Uzhavar Sandhai ),Chow Chow,Chow Chow,Local,2026-07-21,4000,4500,4250.0
Tamil Nadu,Pudukkottai,Pudukottai(Uzhavar Sandhai ),Drumstick,Drumstick,Local,2026-07-21,7000,8000,7500.0
Tamil Nadu,Pudukkottai,Pudukottai(Uzhavar Sandhai ),Lime,Lime,Local,2026-07-21,1500,2000,1750.0
Tamil Nadu,Pudukkottai,Pudukottai(Uzhavar Sandhai ),Jamun(Narale Hannu),Jamun,Local,2026-07-21,16000,18000,17000.0
Tamil Nadu,Pudukkottai,Pudukottai(Uzhavar Sandhai ),Mashrooms,Mashrooms,Local,2026-07-21,23500,25000,24250.0
Tamil Nadu,Pudukkottai,Pudukottai(Uzhavar Sandhai ),Onion Green,Onion Green,Local,2026-07-21,6500,7000,6750.0
Tamil Nadu,Thanjavur,Tirukattupalli(Uzhavar Sandhai ),Onion,Bellary,Local,2026-07-21,3800,3800,3800.0
Tamil Nadu,Thanjavur,Tirukattupalli(Uzhavar Sandhai ),Tomato,Deshi,Local,2026-07-21,2000,2000,2000.0
Tamil Nadu,Thanjavur,Tirukattupalli(Uzhavar Sandhai ),Bottle gourd,Bottle Gourd,Local,2026-07-21,7000,7000,7000.0
Tamil Nadu,Thanjavur,Tirukattupalli(Uzhavar Sandhai ),Green Chilli,Green Chilly,Local,2026-07-21,4400,4400,4400.0
Tamil Nadu,Thanjavur,Tirukattupalli(Uzhavar Sandhai ),Mango(Raw-Ripe),Mango - Raw-Ripe,Local,2026-07-21,2400,2400,2400.0
Tamil Nadu,The Nilgiris,Udhagamandalam(Uzhavar Sandhai ),Coriander(Leaves),I Sort,Local,2026-07-21,6500,7000,6750.0
Tamil Nadu,The Nilgiris,Udhagamandalam(Uzhavar Sandhai ),Papaya,Papaya,Local,2026-07-21,4000,4500,4250.0
Tamil Nadu,The Nilgiris,Udhagamandalam(Uzhavar Sandhai ),Banana - Green,Banana - Green,Local,2026-07-21,4000,4500,4250.0
Tamil Nadu,The Nilgiris,Udhagamandalam(Uzhavar Sandhai ),Beans,Beans (Whole),Local,2026-07-21,7000,8000,7500.0
Tamil Nadu,The Nilgiris,Udhagamandalam(Uzhavar Sandhai ),Tapioca,Tapioca,Local,2026-07-21,3500,4000,3750.0
Tamil Nadu,The Nilgiris,Udhagamandalam(Uzhavar Sandhai ),Carrot,Pusakesar,Local,2026-07-21,4000,4500,4250.0
Tamil Nadu,The Nilgiris,Udhagamandalam(Uzhavar Sandhai ),Cabbage,Cabbage,Local,2026-07-21,2500,3000,2750.0
Tamil Nadu,The Nilgiris,Udhagamandalam(Uzhavar Sandhai ),Beetroot,Beetroot,Local,2026-07-21,5500,6000,5750.0
Tamil Nadu,The Nilgiris,Udhagamandalam(Uzhavar Sandhai ),Cucumbar(Kheera),Cucumbar,Local,2026-07-21,3000,3500,3250.0
Tamil Nadu,The Nilgiris,Udhagamandalam(Uzhavar Sandhai ),Thondekai,Thondekai,Local,2026-07-21,4000,4500,4250.0
Tamil Nadu,The Nilgiris,Udhagamandalam(Uzhavar Sandhai ),Green Avare(W),Green Avare (W),Local,2026-07-21,8000,9000,8500.0
Tamil Nadu,The Nilgiris,Udhagamandalam(Uzhavar Sandhai ),Chow Chow,Chow Chow,Local,2026-07-21,2000,2500,2250.0
Tamil Nadu,The Nilgiris,Udhagamandalam(Uzhavar Sandhai ),Guava,Guava Allahabad,Local,2026-07-21,7000,8000,7500.0
Tamil Nadu,Theni,Andipatti(Uzhavar Sandhai ),Potato,Red Nanital,Local,2026-07-21,2200,2600,2400.0
Tamil Nadu,Theni,Andipatti(Uzhavar Sandhai ),Brinjal,Round,Local,2026-07-21,4400,4800,4600.0
Tamil Nadu,Theni,Andipatti(Uzhavar Sandhai ),Bhindi(Ladies Finger),Bhindi,Local,2026-07-21,2800,3200,3000.0
Tamil Nadu,Theni,Andipatti(Uzhavar Sandhai ),Green Chilli,Green Chilly,Local,2026-07-21,4500,5000,4750.0
Tamil Nadu,Theni,Andipatti(Uzhavar Sandhai ),Banana - Green,Banana - Green,Local,2026-07-21,2500,3000,2750.0
Tamil Nadu,Theni,Andipatti(Uzhavar Sandhai ),Snakeguard,Snakeguard,Local,2026-07-21,2500,3000,2750.0
Tamil Nadu,Theni,Andipatti(Uzhavar Sandhai ),Chow Chow,Chow Chow,Local,2026-07-21,2300,2700,2500.0
Tamil Nadu,Theni,Andipatti(Uzhavar Sandhai ),Lemon,Lemon,Local,2026-07-21,4000,4500,4250.0
Tamil Nadu,Theni,Bodinayakanur(Uzhavar Sandhai ),Mango,Safeda,Local,2026-07-21,4000,4000,4000.0
Tamil Nadu,Theni,Bodinayakanur(Uzhavar Sandhai ),Onion,Bellary,Local,2026-07-21,3800,3800,3800.0
Tamil Nadu,Theni,Bodinayakanur(Uzhavar Sandhai ),Tomato,Deshi,Local,2026-07-21,2200,2200,2200.0
Tamil Nadu,Theni,Bodinayakanur(Uzhavar Sandhai ),Ashgourd,Gouard,Local,2026-07-21,1400,1400,1400.0
Tamil Nadu,Theni,Bodinayakanur(Uzhavar Sandhai ),Tapioca,Tapioca,Local,2026-07-21,2500,2500,2500.0
Tamil Nadu,Theni,Bodinayakanur(Uzhavar Sandhai ),Snakeguard,Snakeguard,Local,2026-07-21,3400,3400,3400.0
Tamil Nadu,Theni,Bodinayakanur(Uzhavar Sandhai ),Knool Khol,Knool Khol,Local,2026-07-21,5000,5000,5000.0
Tamil Nadu,Theni,Chinnamanur(Uzhavar Sandhai ),Banana - Green,Banana - Green,Local,2026-07-21,3200,3400,3300.0
Tamil Nadu,Theni,Chinnamanur(Uzhavar Sandhai ),Ginger(Green),Green Ginger,Local,2026-07-21,16000,16000,16000.0
Tamil Nadu,Theni,Chinnamanur(Uzhavar Sandhai ),Cabbage,Cabbage,Local,2026-07-21,4000,4000,4000.0
Tamil Nadu,Theni,Chinnamanur(Uzhavar Sandhai ),Snakeguard,Snakeguard,Local,2026-07-21,3600,3600,3600.0
Tamil Nadu,Theni,Chinnamanur(Uzhavar Sandhai ),Beetroot,Beetroot,Local,2026-07-21,4400,4400,4400.0
Tamil Nadu,Theni,Chinnamanur(Uzhavar Sandhai ),Thondekai,Thondekai,Local,2026-07-21,5400,5400,5400.0
Tamil Nadu,Theni,Chinnamanur(Uzhavar Sandhai ),Drumstick,Drumstick,Local,2026-07-21,5400,5400,5400.0
Tamil Nadu,Theni,Chinnamanur(Uzhavar Sandhai ),Colacasia,Colacasia,Local,2026-07-21,4000,4000,4000.0
Tamil Nadu,Theni,Kambam(Uzhavar Sandhai ),Potato,Other,Local,2026-07-21,2500,2600,2550.0
Tamil Nadu,Theni,Kambam(Uzhavar Sandhai ),Bitter gourd,Other,Local,2026-07-21,5400,5500,5450.0
Tamil Nadu,Theni,Kambam(Uzhavar Sandhai ),Bottle gourd,Bottle Gourd,Local,2026-07-21,1400,1600,1500.0
Tamil Nadu,Theni,Kambam(Uzhavar Sandhai ),Ashgourd,Gouard,Local,2026-07-21,1400,1400,1400.0
Tamil Nadu,Theni,Kambam(Uzhavar Sandhai ),Green Chilli,Green Chilly,Local,2026-07-21,4000,4500,4250.0
Tamil Nadu,Theni,Kambam(Uzhavar Sandhai ),Banana - Green,Banana - Green,Local,2026-07-21,3000,3200,3100.0
Tamil Nadu,Theni,Kambam(Uzhavar Sandhai ),Tapioca,Tapioca,Local,2026-07-21,2500,2500,2500.0
Tamil Nadu,Theni,Kambam(Uzhavar Sandhai ),Sweet Potato,Hosur Red,Local,2026-07-21,3000,3000,3000.0
Tamil Nadu,Theni,Kambam(Uzhavar Sandhai ),Carrot,Pusakesar,Local,2026-07-21,7800,7800,7800.0
Tamil Nadu,Theni,Kambam(Uzhavar Sandhai ),Cabbage,Cabbage,Local,2026-07-21,4000,4000,4000.0
Tamil Nadu,Theni,Kambam(Uzhavar Sandhai ),Beetroot,Beetroot,Local,2026-07-21,4200,4400,4300.0
Tamil Nadu,Theni,Kambam(Uzhavar Sandhai ),Drumstick,Drumstick,Local,2026-07-21,3000,4800,3900.0
Tamil Nadu,Theni,Kambam(Uzhavar Sandhai ),Mashrooms,Mashrooms,Local,2026-07-21,25000,25000,25000.0
Tamil Nadu,Theni,Kambam(Uzhavar Sandhai ),Onion Green,Onion Green,Local,2026-07-21,4500,5000,4750.0
Tamil Nadu,Theni,Theni(Uzhavar Sandhai ),Garlic,Garlic,Local,2026-07-21,10000,20000,15000.0
Tamil Nadu,Theni,Theni(Uzhavar Sandhai ),Papaya,Papaya,Local,2026-07-21,3000,3500,3250.0
Tamil Nadu,Theni,Theni(Uzhavar Sandhai ),Amaranthus,Amaranthus,Local,2026-07-21,1500,2000,1750.0
Tamil Nadu,Theni,Theni(Uzhavar Sandhai ),Green Chilli,Green Chilly,Local,2026-07-21,4000,5000,4500.0
Tamil Nadu,Theni,Theni(Uzhavar Sandhai ),Betal Leaves,Mysore,Local,2026-07-21,22000,22000,22000.0
Tamil Nadu,Theni,Theni(Uzhavar Sandhai ),Cabbage,Cabbage,Local,2026-07-21,4000,4000,4000.0
Tamil Nadu,Theni,Theni(Uzhavar Sandhai ),Thondekai,Thondekai,Local,2026-07-21,5000,5000,5000.0
Tamil Nadu,Theni,Theni(Uzhavar Sandhai ),Elephant Yam(Suran)/Amorphophallus,Elephant Yam (Suran),Local,2026-07-21,4000,4000,4000.0
Tamil Nadu,Theni,Theni(Uzhavar Sandhai ),Colacasia,Colacasia,Local,2026-07-21,3600,3600,3600.0
Tamil Nadu,Theni,Theni(Uzhavar Sandhai ),Custard Apple(Sharifa),Custard Apple(Sharifa),Local,2026-07-21,8000,8000,8000.0
Tamil Nadu,Thiruchirappalli,Thuraiyur APMC,Mango,Safeda,Local,2026-07-21,8000,9000,8500.0
Tamil Nadu,Thiruchirappalli,Thuraiyur APMC,Banana,Besrai,Local,2026-07-21,4000,5000,4500.0
Tamil Nadu,Thiruchirappalli,Thuraiyur APMC,Onion,Bellary,Local,2026-07-21,3000,4000,3500.0
Tamil Nadu,Thiruchirappalli,Thuraiyur APMC,Brinjal,Other,Local,2026-07-21,4000,4500,4250.0
Tamil Nadu,Thiruchirappalli,Thuraiyur APMC,Bhindi(Ladies Finger),Bhindi,Local,2026-07-21,3500,4000,3750.0
Tamil Nadu,Thiruchirappalli,Thuraiyur APMC,Banana - Green,Banana - Green,Local,2026-07-21,2000,2500,2250.0
Tamil Nadu,Thiruchirappalli,Thuraiyur APMC,Beetroot,Beetroot,Local,2026-07-21,4500,5000,4750.0
Tamil Nadu,Thirunelveli,Kandiyaperi(Uzhavar Sandhai ),Bhindi(Ladies Finger),Bhindi,Local,2026-07-21,2600,3000,2800.0
Tamil Nadu,Thirunelveli,Kandiyaperi(Uzhavar Sandhai ),Amaranthus,Amaranthus,Local,2026-07-21,1200,1500,1350.0
Tamil Nadu,Thirunelveli,Kandiyaperi(Uzhavar Sandhai ),Green Chilli,Green Chilly,Local,2026-07-21,3800,4400,4100.0
Tamil Nadu,Thirunelveli,Melapalayam(Uzhavar Sandhai ),Bitter gourd,Other,Local,2026-07-21,5500,6500,6000.0
Tamil Nadu,Thirunelveli,Melapalayam(Uzhavar Sandhai ),Banana - Green,Banana - Green,Local,2026-07-21,2500,3000,2750.0
Tamil Nadu,Thirunelveli,Melapalayam(Uzhavar Sandhai ),Beans,Beans (Whole),Local,2026-07-21,7000,7500,7250.0
Tamil Nadu,Thirunelveli,Melapalayam(Uzhavar Sandhai ),Snakeguard,Snakeguard,Local,2026-07-21,1600,1800,1700.0
Tamil Nadu,Thirunelveli,Melapalayam(Uzhavar Sandhai ),Amla(Nelli Kai),Amla,Local,2026-07-21,5000,5500,5250.0
Tamil Nadu,Thirunelveli,Melapalayam(Uzhavar Sandhai ),Mint(Pudina),Mint(Pudina),Local,2026-07-21,7500,8000,7750.0
Tamil Nadu,Thirunelveli,NGO Colony(Uzhavar Sandhai ),Onion,Bellary,Local,2026-07-21,3000,3800,3400.0
Tamil Nadu,Thirunelveli,NGO Colony(Uzhavar Sandhai ),Banana - Green,Banana - Green,Local,2026-07-21,2200,3000,2600.0
Tamil Nadu,Thirunelveli,NGO Colony(Uzhavar Sandhai ),Ginger(Green),Green Ginger,Local,2026-07-21,12000,18000,15000.0
Tamil Nadu,Thirunelveli,NGO Colony(Uzhavar Sandhai ),Carrot,Pusakesar,Local,2026-07-21,7000,7600,7300.0
Tamil Nadu,Thirunelveli,NGO Colony(Uzhavar Sandhai ),Snakeguard,Snakeguard,Local,2026-07-21,1200,1800,1500.0
Tamil Nadu,Thirunelveli,Palayamkottai(Uzhavar Sandhai ),Chikoos(Sapota),Sapota,Local,2026-07-21,4000,5000,4500.0
Tamil Nadu,Thirunelveli,Palayamkottai(Uzhavar Sandhai ),Papaya,Papaya,Local,2026-07-21,3500,4000,3750.0
Tamil Nadu,Thirunelveli,Palayamkottai(Uzhavar Sandhai ),Mousambi(Sweet Lime),Mousambi,Local,2026-07-21,10000,12000,11000.0
Tamil Nadu,Thirunelveli,Palayamkottai(Uzhavar Sandhai ),Bottle gourd,Bottle Gourd,Local,2026-07-21,1200,3000,2100.0
Tamil Nadu,Thirunelveli,Palayamkottai(Uzhavar Sandhai ),Amaranthus,Amaranthus,Local,2026-07-21,1000,1500,1250.0
Tamil Nadu,Thirunelveli,Palayamkottai(Uzhavar Sandhai ),Cowpea(Veg),Cowpea (Veg),Local,2026-07-21,2600,2800,2700.0
Tamil Nadu,Thirunelveli,Palayamkottai(Uzhavar Sandhai ),Beans,Beans (Whole),Local,2026-07-21,6500,7000,6750.0
Tamil Nadu,Thirunelveli,Palayamkottai(Uzhavar Sandhai ),Snakeguard,Snakeguard,Local,2026-07-21,1600,1800,1700.0
Tamil Nadu,Thirunelveli,Palayamkottai(Uzhavar Sandhai ),Ridgeguard(Tori),Ridgeguard(Tori),Local,2026-07-21,3500,4000,3750.0
Tamil Nadu,Thirunelveli,Palayamkottai(Uzhavar Sandhai ),Thondekai,Thondekai,Local,2026-07-21,5500,6000,5750.0
Tamil Nadu,Thirunelveli,Palayamkottai(Uzhavar Sandhai ),Capsicum,Capsicum,Local,2026-07-21,8500,9000,8750.0
Tamil Nadu,Thirunelveli,Palayamkottai(Uzhavar Sandhai ),Chow Chow,Chow Chow,Local,2026-07-21,3200,3500,3350.0
Tamil Nadu,Thirupur,Kangayam(Uzhavar Sandhai ),Coriander(Leaves),I Sort,Local,2026-07-21,4000,4800,4400.0
Tamil Nadu,Thirupur,Kangayam(Uzhavar Sandhai ),Cluster beans,Cluster Beans,Local,2026-07-21,4000,4500,4250.0
Tamil Nadu,Thirupur,Kangayam(Uzhavar Sandhai ),Bitter gourd,Bitter Gourd,Local,2026-07-21,5500,6500,6000.0
Tamil Nadu,Thirupur,Kangayam(Uzhavar Sandhai ),Onion Green,Onion Green,Local,2026-07-21,4000,5500,4750.0
Tamil Nadu,Thirupur,Tiruppur (South) (Uzhavar Sandhai ),Banana,Red Banana,Local,2026-07-21,5000,6000,5500.0
Tamil Nadu,Thirupur,Tiruppur (South) (Uzhavar Sandhai ),Garlic,Garlic,Local,2026-07-21,12000,13000,12500.0
Tamil Nadu,Thirupur,Tiruppur (South) (Uzhavar Sandhai ),Pumpkin,Pumpkin,Local,2026-07-21,1500,2000,1750.0
Tamil Nadu,Thirupur,Tiruppur (South) (Uzhavar Sandhai ),Amaranthus,Amaranthus,Local,2026-07-21,2500,3000,2750.0
Tamil Nadu,Thirupur,Tiruppur (South) (Uzhavar Sandhai ),Green Chilli,Green Chilly,Local,2026-07-21,4000,5000,4500.0
Tamil Nadu,Thirupur,Tiruppur (South) (Uzhavar Sandhai ),Ginger(Green),Green Ginger,Local,2026-07-21,18000,20000,19000.0
Tamil Nadu,Thirupur,Tiruppur (South) (Uzhavar Sandhai ),Beetroot,Beetroot,Local,2026-07-21,6000,7000,6500.0
Tamil Nadu,Thirupur,Tiruppur (South) (Uzhavar Sandhai ),Drumstick,Drumstick,Local,2026-07-21,4000,5000,4500.0
Tamil Nadu,Thiruvannamalai,Tamarainagar(Uzhavar Sandhai ),Water Melon,Water Melon,Local,2026-07-21,3000,3500,3250.0
Tamil Nadu,Thiruvannamalai,Tamarainagar(Uzhavar Sandhai ),Cluster beans,Cluster Beans,Local,2026-07-21,5000,6000,5500.0
Tamil Nadu,Thiruvannamalai,Tamarainagar(Uzhavar Sandhai ),Bhindi(Ladies Finger),Bhindi,Local,2026-07-21,2500,3000,2750.0
Tamil Nadu,Thiruvannamalai,Tamarainagar(Uzhavar Sandhai ),Beans,Beans (Whole),Local,2026-07-21,6000,7200,6600.0
Tamil Nadu,Thiruvannamalai,Tamarainagar(Uzhavar Sandhai ),Sweet Potato,Hosur Red,Local,2026-07-21,3000,3500,3250.0
Tamil Nadu,Thiruvannamalai,Tamarainagar(Uzhavar Sandhai ),Raddish,Raddish,Local,2026-07-21,2500,3000,2750.0
Tamil Nadu,Thiruvannamalai,Tamarainagar(Uzhavar Sandhai ),Green Avare(W),Green Avare (W),Local,2026-07-21,4500,5600,5050.0
Tamil Nadu,Thiruvannamalai,Tamarainagar(Uzhavar Sandhai ),Drumstick,Drumstick,Local,2026-07-21,5000,6000,5500.0
Tamil Nadu,Thiruvannamalai,Tamarainagar(Uzhavar Sandhai ),Tamarind Fruit,Tamarind Fruit,Local,2026-07-21,10000,12000,11000.0
Tamil Nadu,Thiruvannamalai,Tamarainagar(Uzhavar Sandhai ),Amla(Nelli Kai),Amla,Local,2026-07-21,8000,10000,9000.0
Tamil Nadu,Thiruvannamalai,Tamarainagar(Uzhavar Sandhai ),Onion Green,Onion Green,Local,2026-07-21,6000,7200,6600.0
Tamil Nadu,Thiruvannamalai,Vandavasi(Uzhavar Sandhai ),Banana,Karpura,Local,2026-07-21,4000,5000,4500.0
Tamil Nadu,Thiruvannamalai,Vandavasi(Uzhavar Sandhai ),Onion,Bellary,Local,2026-07-21,3500,4000,3750.0
Tamil Nadu,Thiruvannamalai,Vandavasi(Uzhavar Sandhai ),Brinjal,Other,Local,2026-07-21,6000,7000,6500.0
Tamil Nadu,Thiruvannamalai,Vandavasi(Uzhavar Sandhai ),Bottle gourd,Bottle Gourd,Local,2026-07-21,2000,2400,2200.0
Tamil Nadu,Thiruvannamalai,Vandavasi(Uzhavar Sandhai ),Bhindi(Ladies Finger),Bhindi,Local,2026-07-21,3000,3600,3300.0
Tamil Nadu,Thiruvannamalai,Vandavasi(Uzhavar Sandhai ),Snakeguard,Snakeguard,Local,2026-07-21,3000,3600,3300.0
Tamil Nadu,Thiruvannamalai,Vandavasi(Uzhavar Sandhai ),Thondekai,Thondekai,Local,2026-07-21,3500,4000,3750.0
Tamil Nadu,Thiruvannamalai,Vandavasi(Uzhavar Sandhai ),Guava,Guava Allahabad,Local,2026-07-21,4000,5000,4500.0
Tamil Nadu,Thiruvannamalai,Vandavasi(Uzhavar Sandhai ),Yam(Ratalu),Yam (Ratalu),Local,2026-07-21,5000,6000,5500.0
Tamil Nadu,Thiruvarur,Muthupettai(Uzhavar Sandhai ),Bottle gourd,Bottle Gourd,Local,2026-07-21,2800,2800,2800.0
Tamil Nadu,Thiruvarur,Muthupettai(Uzhavar Sandhai ),Bhindi(Ladies Finger),Bhindi,Local,2026-07-21,3800,3800,3800.0
Tamil Nadu,Thiruvarur,Muthupettai(Uzhavar Sandhai ),Banana - Green,Banana - Green,Local,2026-07-21,4000,4000,4000.0
Tamil Nadu,Thiruvarur,Muthupettai(Uzhavar Sandhai ),Snakeguard,Snakeguard,Local,2026-07-21,4000,4000,4000.0
Tamil Nadu,Thiruvarur,Muthupettai(Uzhavar Sandhai ),Onion Green,Onion Green,Local,2026-07-21,7000,7000,7000.0
Tamil Nadu,Thiruvarur,Tiruvarur(Uzhavar Sandhai ),Ashgourd,Gouard,Local,2026-07-21,2500,2500,2500.0
Tamil Nadu,Thiruvarur,Tiruvarur(Uzhavar Sandhai ),Drumstick,Drumstick,Local,2026-07-21,5500,5500,5500.0
Tamil Nadu,Thiruvarur,Valangaiman APMC,Brinjal,Round,Local,2026-07-21,5600,5600,5600.0
Tamil Nadu,Thiruvarur,Valangaiman APMC,Amaranthus,Amaranthus,Local,2026-07-21,2000,2000,2000.0
Tamil Nadu,Thiruvarur,Valangaiman APMC,Green Avare(W),Green Avare (W),Local,2026-07-21,6000,6000,6000.0
Tamil Nadu,Thiruvarur,Valangaiman APMC,Mango(Raw-Ripe),Mango - Raw-Ripe,Local,2026-07-21,2000,2000,2000.0
Tamil Nadu,Thiruvellore,Tiruthani(Uzhavar Sandhai ),Mint(Pudina),Mint(Pudina),Local,2026-07-21,5000,5000,5000.0
Tamil Nadu,Villupuram,Tindivanam APMC,Banana,Besrai,Local,2026-07-21,5000,6000,5500.0
Tamil Nadu,Villupuram,Tindivanam APMC,Onion,Bellary,Local,2026-07-21,2800,3400,3100.0
Tamil Nadu,Villupuram,Tindivanam APMC,Potato,Red Nanital,Local,2026-07-21,3600,3600,3600.0
Tamil Nadu,Villupuram,Tindivanam APMC,Water Melon,Water Melon,Local,2026-07-21,2500,2500,2500.0
Tamil Nadu,Villupuram,Tindivanam APMC,Tomato,Deshi,Local,2026-07-21,1800,1800,1800.0
Tamil Nadu,Villupuram,Tindivanam APMC,Bottle gourd,Bottle Gourd,Local,2026-07-21,3000,3000,3000.0
Tamil Nadu,Villupuram,Tindivanam APMC,Pumpkin,Pumpkin,Local,2026-07-21,2000,2000,2000.0
Tamil Nadu,Villupuram,Tindivanam APMC,Beetroot,Beetroot,Local,2026-07-21,4000,4000,4000.0
Tamil Nadu,Villupuram,Tindivanam APMC,Guava,Guava Allahabad,Local,2026-07-21,5000,5000,5000.0
Tamil Nadu,Villupuram,Tindivanam APMC,Lemon,Lemon,Local,2026-07-21,7000,7000,7000.0
Tamil Nadu,Villupuram,Tindivanam APMC,Onion Green,Onion Green,Local,2026-07-21,5800,5800,5800.0
Tamil Nadu,Villupuram,Ulundurpettai APMC,Banana,Besrai,Local,2026-07-21,3000,4000,3500.0
Tamil Nadu,Villupuram,Ulundurpettai APMC,Papaya,Papaya,Local,2026-07-21,2500,2500,2500.0
Tamil Nadu,Villupuram,Ulundurpettai APMC,Coconut,Coconut,Local,2026-07-21,3000,3000,3000.0
Tamil Nadu,Villupuram,Ulundurpettai APMC,Tender Coconut,Tender Coconut,Local,2026-07-21,3000,3000,3000.0
Maharashtra,Ratnagiri,Ratnagiri (Nachane) APMC,Bitter gourd,Other,Local,2026-07-21,3500,5000,4500.0
Maharashtra,Ratnagiri,Ratnagiri (Nachane) APMC,Cabbage,Other,Local,2026-07-21,2000,2500,2300.0
Maharashtra,Ratnagiri,Ratnagiri (Nachane) APMC,Green Chilli,Other,Local,2026-07-21,4000,5000,4500.0
Tamil Nadu,Madurai,Thirumangalam(Uzhavar Sandhai ),Onion,Bellary,Local,2026-07-21,4000,4200,4100.0
Tamil Nadu,Madurai,Thirumangalam(Uzhavar Sandhai ),Chikoos(Sapota),Sapota,Local,2026-07-21,4000,6000,5000.0
Tamil Nadu,Madurai,Thirumangalam(Uzhavar Sandhai ),Cluster beans,Cluster Beans,Local,2026-07-21,3800,4200,4000.0
Tamil Nadu,Madurai,Thirumangalam(Uzhavar Sandhai ),Pumpkin,Pumpkin,Local,2026-07-21,2000,2400,2200.0
Tamil Nadu,Madurai,Thirumangalam(Uzhavar Sandhai ),Amaranthus,Amaranthus,Local,2026-07-21,3000,3600,3300.0
Tamil Nadu,Madurai,Thirumangalam(Uzhavar Sandhai ),Green Chilli,Green Chilly,Local,2026-07-21,3500,4000,3750.0
Tamil Nadu,Madurai,Thirumangalam(Uzhavar Sandhai ),Green Avare(W),Green Avare (W),Local,2026-07-21,6500,8000,7250.0
Tamil Nadu,Madurai,Thirumangalam(Uzhavar Sandhai ),Yam(Ratalu),Yam (Ratalu),Local,2026-07-21,8000,9000,8500.0
Tamil Nadu,Madurai,Melur(Uzhavar Sandhai ),Chikoos(Sapota),Sapota,Local,2026-07-21,4000,6000,5000.0
Tamil Nadu,Madurai,Melur(Uzhavar Sandhai ),Cowpea(Veg),Cowpea (Veg),Local,2026-07-21,3500,4000,3750.0
Tamil Nadu,Madurai,Melur(Uzhavar Sandhai ),Banana - Green,Banana - Green,Local,2026-07-21,1800,2200,2000.0
Tamil Nadu,Madurai,Melur(Uzhavar Sandhai ),Coconut,Coconut,Local,2026-07-21,4800,5800,5300.0
Tamil Nadu,Madurai,Melur(Uzhavar Sandhai ),Snakeguard,Snakeguard,Local,2026-07-21,3000,3800,3400.0
Tamil Nadu,Madurai,Melur(Uzhavar Sandhai ),Cucumbar(Kheera),Cucumbar,Local,2026-07-21,3000,4000,3500.0
Tamil Nadu,Madurai,Melur(Uzhavar Sandhai ),Thondekai,Thondekai,Local,2026-07-21,6000,6500,6250.0
Tamil Nadu,Madurai,Melur(Uzhavar Sandhai ),Green Avare(W),Green Avare (W),Local,2026-07-21,8500,9000,8750.0
Tamil Nadu,Madurai,Melur(Uzhavar Sandhai ),Drumstick,Drumstick,Local,2026-07-21,7000,8000,7500.0
Tamil Nadu,Madurai,Melur(Uzhavar Sandhai ),Lime,Lime,Local,2026-07-21,2500,4000,3250.0
Tamil Nadu,Madurai,Melur(Uzhavar Sandhai ),Amla(Nelli Kai),Amla,Local,2026-07-21,5000,6500,5750.0
Tamil Nadu,Madurai,Melur(Uzhavar Sandhai ),Mint(Pudina),Mint(Pudina),Local,2026-07-21,6000,6500,6250.0
Gujarat,Surat,Songadh(Badarpada) APMC,Bhindi(Ladies Finger),Bhindi,FAQ,2026-07-21,1500,3000,2500.0
Tamil Nadu,Vellore,Perampet(Uzhavar Sandhai),Garlic,Garlic,Local,2026-07-21,21000,22000,21500.0
Tamil Nadu,Vellore,Perampet(Uzhavar Sandhai),Coriander(Leaves),I Sort,Local,2026-07-21,7500,7500,7500.0
Tamil Nadu,Vellore,Perampet(Uzhavar Sandhai),Bitter gourd,Bitter Gourd,Local,2026-07-21,4000,5000,4500.0
Tamil Nadu,Vellore,Perampet(Uzhavar Sandhai),Pumpkin,Pumpkin,Local,2026-07-21,2500,2500,2500.0
Tamil Nadu,Vellore,Perampet(Uzhavar Sandhai),Amaranthus,Amaranthus,Local,2026-07-21,4000,4000,4000.0
Tamil Nadu,Vellore,Perampet(Uzhavar Sandhai),Cowpea(Veg),Cowpea (Veg),Local,2026-07-21,5000,5000,5000.0
Tamil Nadu,Vellore,Perampet(Uzhavar Sandhai),Beans,Beans (Whole),Local,2026-07-21,6500,7000,6750.0
Tamil Nadu,Vellore,Perampet(Uzhavar Sandhai),Sweet Potato,Hosur Red,Local,2026-07-21,3000,3000,3000.0
Tamil Nadu,Vellore,Perampet(Uzhavar Sandhai),Carrot,Pusakesar,Local,2026-07-21,7000,7600,7300.0
Tamil Nadu,Vellore,Perampet(Uzhavar Sandhai),Cabbage,Cabbage,Local,2026-07-21,4000,4600,4300.0
Tamil Nadu,Vellore,Perampet(Uzhavar Sandhai),Ridgeguard(Tori),Ridgeguard(Tori),Local,2026-07-21,4000,4000,4000.0
Tamil Nadu,Vellore,Perampet(Uzhavar Sandhai),Elephant Yam(Suran)/Amorphophallus,Elephant Yam (Suran),Local,2026-07-21,6000,6600,6300.0
Tamil Nadu,Vellore,Perampet(Uzhavar Sandhai),Lemon,Lemon,Local,2026-07-21,5000,5000,5000.0
Tamil Nadu,Vellore,Perampet(Uzhavar Sandhai),Colacasia,Colacasia,Local,2026-07-21,5000,5000,5000.0
Tamil Nadu,Vellore,Perampet(Uzhavar Sandhai),Mint(Pudina),Mint(Pudina),Local,2026-07-21,4000,4000,4000.0
Gujarat,Amreli,Damnagar APMC,Cauliflower,Cauliflower,Local,2026-07-21,4500,4500,4500.0
Gujarat,Amreli,Damnagar APMC,Ginger(Green),Green Ginger,Local,2026-07-21,9000,9000,9000.0
Tamil Nadu,Karur,Gandhigramam(Uzhavar Sandhai),Bhindi(Ladies Finger),Bhindi,Local,2026-07-21,3500,4000,3750.0
Tamil Nadu,Karur,Gandhigramam(Uzhavar Sandhai),Green Avare(W),Other,Local,2026-07-21,9000,10000,9500.0
Tamil Nadu,Karur,Gandhigramam(Uzhavar Sandhai),Chow Chow,Chow Chow,Local,2026-07-21,3500,4000,3750.0
Tamil Nadu,Karur,Gandhigramam(Uzhavar Sandhai),Mango(Raw-Ripe),Mango - Raw-Ripe,Local,2026-07-21,2500,3000,2750.0
Tamil Nadu,Karur,Gandhigramam(Uzhavar Sandhai),Amla(Nelli Kai),Amla,Local,2026-07-21,7000,8000,7500.0
Tamil Nadu,Karur,Gandhigramam(Uzhavar Sandhai),Mint(Pudina),Mint(Pudina),Local,2026-07-21,5500,6000,5750.0
Tamil Nadu,Salem,Vazhapadi(Uzhavar Sandhai),Coriander(Leaves),I Sort,Local,2026-07-21,4500,5000,4750.0
Tamil Nadu,Salem,Vazhapadi(Uzhavar Sandhai),Chikoos(Sapota),Sapota,Local,2026-07-21,4000,4000,4000.0
Tamil Nadu,Salem,Vazhapadi(Uzhavar Sandhai),Bhindi(Ladies Finger),Bhindi,Local,2026-07-21,3000,3400,3200.0
Tamil Nadu,Salem,Vazhapadi(Uzhavar Sandhai),Green Chilli,Green Chilly,Local,2026-07-21,4000,4400,4200.0
Tamil Nadu,Salem,Vazhapadi(Uzhavar Sandhai),Green Avare(W),Green Avare (W),Local,2026-07-21,9000,9000,9000.0
Tamil Nadu,Salem,Vazhapadi(Uzhavar Sandhai),Guava,Guava Allahabad,Local,2026-07-21,5000,5000,5000.0
Tamil Nadu,Salem,Vazhapadi(Uzhavar Sandhai),Mint(Pudina),Mint(Pudina),Local,2026-07-21,5000,5000,5000.0
Tamil Nadu,Pudukkottai,Aranthangi(Uzhavar Sandhai ),Papaya,Papaya,Local,2026-07-21,2500,3000,2750.0
Tamil Nadu,Pudukkottai,Aranthangi(Uzhavar Sandhai ),Pumpkin,Pumpkin,Local,2026-07-21,1000,1500,1250.0
Tamil Nadu,Pudukkottai,Aranthangi(Uzhavar Sandhai ),Green Chilli,Green Chilly,Local,2026-07-21,4500,5000,4750.0
Tamil Nadu,Pudukkottai,Aranthangi(Uzhavar Sandhai ),Banana - Green,Banana - Green,Local,2026-07-21,2500,3000,2750.0
Tamil Nadu,Pudukkottai,Aranthangi(Uzhavar Sandhai ),Green Avare(W),Green Avare (W),Local,2026-07-21,7500,8000,7750.0
Tamil Nadu,Pudukkottai,Aranthangi(Uzhavar Sandhai ),Drumstick,Drumstick,Local,2026-07-21,6500,7000,6750.0
Tamil Nadu,Coimbatore,Sulur(Uzhavar Sandhai ),Chikoos(Sapota),Sapota,Local,2026-07-21,4000,4500,4250.0
Tamil Nadu,Coimbatore,Sulur(Uzhavar Sandhai ),Bitter gourd,Bitter Gourd,Local,2026-07-21,6000,6500,6250.0
Tamil Nadu,Coimbatore,Sulur(Uzhavar Sandhai ),Bhindi(Ladies Finger),Bhindi,Local,2026-07-21,4400,5000,4700.0
Tamil Nadu,Coimbatore,Sulur(Uzhavar Sandhai ),Coconut,Coconut,Local,2026-07-21,5000,5400,5200.0
Tamil Nadu,Coimbatore,Sulur(Uzhavar Sandhai ),Snakeguard,Snakeguard,Local,2026-07-21,3000,3500,3250.0
Tamil Nadu,Coimbatore,Sulur(Uzhavar Sandhai ),Ridgeguard(Tori),Ridgeguard(Tori),Local,2026-07-21,5000,5600,5300.0
Tamil Nadu,Coimbatore,Sulur(Uzhavar Sandhai ),Raddish,Raddish,Local,2026-07-21,4000,4500,4250.0
Tamil Nadu,Coimbatore,Sulur(Uzhavar Sandhai ),Mango(Raw-Ripe),Mango - Raw-Ripe,Local,2026-07-21,2500,3000,2750.0
Tamil Nadu,Coimbatore,Sulur(Uzhavar Sandhai ),Mint(Pudina),Mint(Pudina),Local,2026-07-21,6400,7000,6700.0
Tamil Nadu,Pudukkottai,Gandarvakottai(Uzhavar Sandhai ),Cluster beans,Cluster Beans,Local,2026-07-21,4500,5000,4750.0
Tamil Nadu,Pudukkottai,Gandarvakottai(Uzhavar Sandhai ),Amaranthus,Amaranthus,Local,2026-07-21,1000,1500,1250.0
Tamil Nadu,Pudukkottai,Gandarvakottai(Uzhavar Sandhai ),Lemon,Lemon,Local,2026-07-21,3500,4000,3750.0
Tamil Nadu,Pudukkottai,Gandarvakottai(Uzhavar Sandhai ),Mint(Pudina),Mint(Pudina),Local,2026-07-21,4500,5000,4750.0
Tamil Nadu,Cuddalore,Panruti(Uzhavar Sandhai ),Mango,Safeda,Local,2026-07-21,5000,5000,5000.0
Tamil Nadu,Cuddalore,Panruti(Uzhavar Sandhai ),Banana - Green,Banana - Green,Local,2026-07-21,2500,2500,2500.0
Tamil Nadu,Cuddalore,Panruti(Uzhavar Sandhai ),Coconut,Coconut,Local,2026-07-21,5000,6000,5500.0
Tamil Nadu,Cuddalore,Vadalur(Uzhavar Sandhai ),Beans,Beans (Whole),Local,2026-07-21,7000,10000,8500.0
Tamil Nadu,Cuddalore,Vadalur(Uzhavar Sandhai ),Snakeguard,Snakeguard,Local,2026-07-21,4000,4000,4000.0
Tamil Nadu,Cuddalore,Vadalur(Uzhavar Sandhai ),Tender Coconut,Tender Coconut,Local,2026-07-21,2500,3000,2750.0
Tamil Nadu,Cuddalore,Vadalur(Uzhavar Sandhai ),Lemon,Lemon,Local,2026-07-21,5000,5000,5000.0
Tamil Nadu,Cuddalore,Vadalur(Uzhavar Sandhai ),Onion Green,Onion Green,Local,2026-07-21,5000,6000,5500.0
Tamil Nadu,Cuddalore,Vadalur(Uzhavar Sandhai ),Mint(Pudina),Mint(Pudina),Local,2026-07-21,7000,7000,7000.0
Tamil Nadu,Dharmapuri,AJattihalli(Uzhavar Sandhai ),Mango,Neelam,Local,2026-07-21,6000,6000,6000.0
Tamil Nadu,Dharmapuri,AJattihalli(Uzhavar Sandhai ),Coriander(Leaves),I Sort,Local,2026-07-21,7000,8000,7500.0
Tamil Nadu,Dharmapuri,AJattihalli(Uzhavar Sandhai ),Papaya,Papaya,Local,2026-07-21,3000,3500,3250.0
Tamil Nadu,Dharmapuri,AJattihalli(Uzhavar Sandhai ),Bottle gourd,Bottle Gourd,Local,2026-07-21,1600,1600,1600.0
Tamil Nadu,Dharmapuri,AJattihalli(Uzhavar Sandhai ),Green Chilli,Green Chilly,Local,2026-07-21,4800,4800,4800.0
Tamil Nadu,Dharmapuri,AJattihalli(Uzhavar Sandhai ),Cowpea(Veg),Cowpea (Veg),Local,2026-07-21,7000,7000,7000.0
Tamil Nadu,Dharmapuri,AJattihalli(Uzhavar Sandhai ),Snakeguard,Snakeguard,Local,2026-07-21,2500,2500,2500.0
Tamil Nadu,Dharmapuri,AJattihalli(Uzhavar Sandhai ),Ridgeguard(Tori),Ridgeguard(Tori),Local,2026-07-21,3500,3800,3650.0
Tamil Nadu,Dharmapuri,AJattihalli(Uzhavar Sandhai ),Knool Khol,Knool Khol,Local,2026-07-21,6000,6000,6000.0
Tamil Nadu,Dharmapuri,AJattihalli(Uzhavar Sandhai ),Tender Coconut,Tender Coconut,Local,2026-07-21,3000,3000,3000.0
Tamil Nadu,Dharmapuri,AJattihalli(Uzhavar Sandhai ),Lemon,Lemon,Local,2026-07-21,8000,10000,9000.0
Tamil Nadu,Dharmapuri,AJattihalli(Uzhavar Sandhai ),Mint(Pudina),Mint(Pudina),Local,2026-07-21,7000,7000,7000.0
Tamil Nadu,Karur,Kulithalai(Uzhavar Sandhai ),Bhindi(Ladies Finger),Bhindi,Local,2026-07-21,3600,4000,3800.0
Tamil Nadu,Karur,Kulithalai(Uzhavar Sandhai ),Cucumbar(Kheera),Cucumbar,Local,2026-07-21,4000,5000,4500.0
Tamil Nadu,Karur,Kulithalai(Uzhavar Sandhai ),Thondekai,Thondekai,Local,2026-07-21,4500,5000,4750.0
Tamil Nadu,Karur,Kulithalai(Uzhavar Sandhai ),Turnip,Turnip,Local,2026-07-21,4000,5000,4500.0
Tamil Nadu,Karur,Kulithalai(Uzhavar Sandhai ),Amla(Nelli Kai),Amla,Local,2026-07-21,7500,8000,7750.0
Tamil Nadu,Karur,Pallapatti (Uzhavar Sandhai ),Mango,Other,Local,2026-07-21,3500,4000,3750.0
Tamil Nadu,Karur,Pallapatti (Uzhavar Sandhai ),Coriander(Leaves),I Sort,Local,2026-07-21,6500,7000,6750.0
Tamil Nadu,Karur,Pallapatti (Uzhavar Sandhai ),Tomato,Other,Local,2026-07-21,2300,2500,2400.0
Tamil Nadu,Karur,Pallapatti (Uzhavar Sandhai ),Bitter gourd,Other,Local,2026-07-21,6500,7000,6750.0
Tamil Nadu,Karur,Pallapatti (Uzhavar Sandhai ),Bottle gourd,Bottle Gourd,Local,2026-07-21,2000,2500,2250.0
Tamil Nadu,Karur,Pallapatti (Uzhavar Sandhai ),Onion Green,Onion Green,Local,2026-07-21,6000,6500,6250.0
Tamil Nadu,Karur,Velayuthampalayam(Uzhavar Sandhai ),Banana,Other,Local,2026-07-21,5000,6000,5500.0
Tamil Nadu,Karur,Velayuthampalayam(Uzhavar Sandhai ),Pumpkin,Pumpkin,Local,2026-07-21,2400,3000,2700.0
Tamil Nadu,Karur,Velayuthampalayam(Uzhavar Sandhai ),Bhindi(Ladies Finger),Bhindi,Local,2026-07-21,3200,4000,3600.0
Tamil Nadu,Karur,Velayuthampalayam(Uzhavar Sandhai ),Green Chilli,Green Chilly,Local,2026-07-21,4500,5500,5000.0
Tamil Nadu,Karur,Velayuthampalayam(Uzhavar Sandhai ),Banana - Green,Banana - Green,Local,2026-07-21,2400,3000,2700.0
Tamil Nadu,Karur,Velayuthampalayam(Uzhavar Sandhai ),Lemon,Lemon,Local,2026-07-21,9000,10000,9500.0
Tamil Nadu,Karur,Velayuthampalayam(Uzhavar Sandhai ),Onion Green,Onion Green,Local,2026-07-21,5500,6500,6000.0
Tamil Nadu,Karur,Vengamedu(Uzhavar Sandhai ),Mango(Raw-Ripe),Mango - Raw-Ripe,Local,2026-07-21,2500,3000,2750.0
Tamil Nadu,Karur,Vengamedu(Uzhavar Sandhai ),Elephant Yam(Suran)/Amorphophallus,Elephant Yam (Suran),Local,2026-07-21,3500,4000,3750.0
Tamil Nadu,Theni,Devaram(Uzhavar Sandhai ),Mango,Safeda,Local,2026-07-21,5000,6000,5500.0
Tamil Nadu,Theni,Devaram(Uzhavar Sandhai ),Cluster beans,Cluster Beans,Local,2026-07-21,3500,3500,3500.0
Tamil Nadu,Theni,Devaram(Uzhavar Sandhai ),Bottle gourd,Bottle Gourd,Local,2026-07-21,1200,1500,1350.0
Tamil Nadu,Theni,Devaram(Uzhavar Sandhai ),Amaranthus,Amaranthus,Local,2026-07-21,2000,2500,2250.0
Tamil Nadu,Theni,Devaram(Uzhavar Sandhai ),Cabbage,Cabbage,Local,2026-07-21,4000,4000,4000.0
Tamil Nadu,Theni,Devaram(Uzhavar Sandhai ),Chow Chow,Chow Chow,Local,2026-07-21,2700,2700,2700.0
Tamil Nadu,Theni,Devaram(Uzhavar Sandhai ),Mint(Pudina),Mint(Pudina),Local,2026-07-21,6500,6500,6500.0
Tamil Nadu,Salem,Attayampatti(Uzhavar Sandhai ),Brinjal,Round,Local,2026-07-21,4500,5000,4750.0
Tamil Nadu,Salem,Attayampatti(Uzhavar Sandhai ),Bitter gourd,Bitter Gourd,Local,2026-07-21,5500,6000,5750.0
Tamil Nadu,Salem,Attayampatti(Uzhavar Sandhai ),Snakeguard,Snakeguard,Local,2026-07-21,3000,3400,3200.0
Tamil Nadu,Salem,Attayampatti(Uzhavar Sandhai ),Cucumbar(Kheera),Cucumbar,Local,2026-07-21,5000,6000,5500.0
Tamil Nadu,Salem,Attayampatti(Uzhavar Sandhai ),Mint(Pudina),Mint(Pudina),Local,2026-07-21,3500,4000,3750.0
Tamil Nadu,Sivaganga,Sivagangai (Uzhavar Sandhai ),Potato,Red Nanital,Local,2026-07-21,5800,6000,5900.0
Tamil Nadu,Sivaganga,Sivagangai (Uzhavar Sandhai ),Chikoos(Sapota),Sapota,Local,2026-07-21,4200,6200,5200.0
Tamil Nadu,Sivaganga,Sivagangai (Uzhavar Sandhai ),Tomato,Deshi,Local,2026-07-21,1600,2200,1900.0
Tamil Nadu,Sivaganga,Sivagangai (Uzhavar Sandhai ),Bhindi(Ladies Finger),Bhindi,Local,2026-07-21,2600,3800,3200.0
Tamil Nadu,Sivaganga,Sivagangai (Uzhavar Sandhai ),Ginger(Green),Green Ginger,Local,2026-07-21,22000,22000,22000.0
Tamil Nadu,Sivaganga,Sivagangai (Uzhavar Sandhai ),Carrot,Pusakesar,Local,2026-07-21,5600,8200,6900.0
Tamil Nadu,Sivaganga,Sivagangai (Uzhavar Sandhai ),Ridgeguard(Tori),Ridgeguard(Tori),Local,2026-07-21,4200,6200,5200.0
Tamil Nadu,Sivaganga,Sivagangai (Uzhavar Sandhai ),Green Avare(W),Other,Local,2026-07-21,6600,8200,7400.0
Tamil Nadu,Sivaganga,Devakottai (Uzhavar Sandhai ),Chikoos(Sapota),Sapota,Local,2026-07-21,4400,6200,5300.0
Tamil Nadu,Sivaganga,Devakottai (Uzhavar Sandhai ),Amaranthus,Amaranthus,Local,2026-07-21,3200,4000,3600.0
Tamil Nadu,Sivaganga,Devakottai (Uzhavar Sandhai ),Banana - Green,Banana - Green,Local,2026-07-21,2800,3000,2900.0
Tamil Nadu,Sivaganga,Devakottai (Uzhavar Sandhai ),Beans,Beans (Whole),Local,2026-07-21,7600,8200,7900.0
Tamil Nadu,Sivaganga,Devakottai (Uzhavar Sandhai ),Snakeguard,Snakeguard,Local,2026-07-21,3400,3800,3600.0
Tamil Nadu,Sivaganga,Devakottai (Uzhavar Sandhai ),Raddish,Raddish,Local,2026-07-21,3400,3600,3500.0
Tamil Nadu,Sivaganga,Devakottai (Uzhavar Sandhai ),Yam(Ratalu),Yam (Ratalu),Local,2026-07-21,8600,9200,8900.0
Tamil Nadu,Sivaganga,Devakottai (Uzhavar Sandhai ),Onion Green,Onion Green,Local,2026-07-21,5800,6600,6200.0
Tamil Nadu,Salem,Edapadi (Uzhavar Sandhai ),Banana,Red Banana,Local,2026-07-21,6500,7000,6750.0
Tamil Nadu,Salem,Edapadi (Uzhavar Sandhai ),Potato,Other,Local,2026-07-21,2600,3000,2800.0
Tamil Nadu,Salem,Edapadi (Uzhavar Sandhai ),Cauliflower,Ranchi,Local,2026-07-21,2800,3000,2900.0
Tamil Nadu,Salem,Edapadi (Uzhavar Sandhai ),Amaranthus,Amaranthus,Local,2026-07-21,2400,2600,2500.0
Tamil Nadu,Salem,Edapadi (Uzhavar Sandhai ),Ginger(Green),Green Ginger,Local,2026-07-21,17000,18000,17500.0
Tamil Nadu,Salem,Edapadi (Uzhavar Sandhai ),Carrot,Pusakesar,Local,2026-07-21,8500,9000,8750.0
Tamil Nadu,Salem,Edapadi (Uzhavar Sandhai ),Cabbage,Cabbage,Local,2026-07-21,3500,4000,3750.0
Tamil Nadu,Salem,Edapadi (Uzhavar Sandhai ),Snakeguard,Snakeguard,Local,2026-07-21,3500,4000,3750.0
Tamil Nadu,Salem,Elampillai(Uzhavar Sandhai ),Potato,Other,Local,2026-07-21,3000,3000,3000.0
Tamil Nadu,Salem,Elampillai(Uzhavar Sandhai ),Bottle gourd,Bottle Gourd,Local,2026-07-21,2800,2800,2800.0
Tamil Nadu,Salem,Elampillai(Uzhavar Sandhai ),Bhindi(Ladies Finger),Bhindi,Local,2026-07-21,3000,3000,3000.0
Tamil Nadu,Salem,Elampillai(Uzhavar Sandhai ),Banana - Green,Banana - Green,Local,2026-07-21,2400,2800,2600.0
Tamil Nadu,Salem,Elampillai(Uzhavar Sandhai ),Tapioca,Tapioca,Local,2026-07-21,3000,3000,3000.0
Tamil Nadu,Salem,Elampillai(Uzhavar Sandhai ),Ginger(Green),Green Ginger,Local,2026-07-21,18000,18000,18000.0
Tamil Nadu,Salem,Elampillai(Uzhavar Sandhai ),Carrot,Pusakesar,Local,2026-07-21,9000,9000,9000.0
Tamil Nadu,Salem,Elampillai(Uzhavar Sandhai ),Thondekai,Thondekai,Local,2026-07-21,5000,5000,5000.0
Tamil Nadu,Salem,Elampillai(Uzhavar Sandhai ),Drumstick,Drumstick,Local,2026-07-21,6500,7000,6750.0
Tamil Nadu,Salem,Elampillai(Uzhavar Sandhai ),Marigold(Calcutta),Marigold(Calcutta),Local,2026-07-21,23000,25000,24000.0
Tamil Nadu,Salem,Hasthampatti(Uzhavar Sandhai ),Groundnut,Big (With Shell),Local,2026-07-21,7000,7500,7250.0
Tamil Nadu,Salem,Hasthampatti(Uzhavar Sandhai ),Banana,Red Banana,Local,2026-07-21,7000,7500,7250.0
Tamil Nadu,Salem,Hasthampatti(Uzhavar Sandhai ),Papaya,Papaya,Local,2026-07-21,3000,3500,3250.0
Tamil Nadu,Salem,Hasthampatti(Uzhavar Sandhai ),Ashgourd,Gouard,Local,2026-07-21,2400,2600,2500.0
Tamil Nadu,Salem,Hasthampatti(Uzhavar Sandhai ),Ginger(Green),Green Ginger,Local,2026-07-21,16500,17000,16750.0
Tamil Nadu,Salem,Hasthampatti(Uzhavar Sandhai ),Coconut,Coconut,Local,2026-07-21,5000,5500,5250.0
Tamil Nadu,Salem,Hasthampatti(Uzhavar Sandhai ),Cabbage,Cabbage,Local,2026-07-21,3500,4000,3750.0
Tamil Nadu,Salem,Hasthampatti(Uzhavar Sandhai ),Snakeguard,Snakeguard,Local,2026-07-21,3600,3800,3700.0
Tamil Nadu,Salem,Hasthampatti(Uzhavar Sandhai ),Beetroot,Beetroot,Local,2026-07-21,6000,7000,6500.0
Tamil Nadu,Salem,Hasthampatti(Uzhavar Sandhai ),Lemon,Lemon,Local,2026-07-21,3000,5000,4000.0
Tamil Nadu,Salem,Hasthampatti(Uzhavar Sandhai ),Mint(Pudina),Mint(Pudina),Local,2026-07-21,4400,4600,4500.0
Tamil Nadu,Salem,Jalagandapuram(Uzhavar Sandhai ),Banana,Red Banana,Local,2026-07-21,6000,6500,6250.0
Tamil Nadu,Salem,Jalagandapuram(Uzhavar Sandhai ),Onion,Bellary,Local,2026-07-21,3500,4000,3750.0
Tamil Nadu,Salem,Jalagandapuram(Uzhavar Sandhai ),Coriander(Leaves),I Sort,Local,2026-07-21,3000,3500,3250.0
Tamil Nadu,Salem,Jalagandapuram(Uzhavar Sandhai ),Tomato,Other,Local,2026-07-21,1500,1800,1650.0
Tamil Nadu,Salem,Jalagandapuram(Uzhavar Sandhai ),Bitter gourd,Other,Local,2026-07-21,5000,5500,5250.0
Tamil Nadu,Salem,Jalagandapuram(Uzhavar Sandhai ),Ashgourd,Gouard,Local,2026-07-21,2000,2400,2200.0
Tamil Nadu,Salem,Jalagandapuram(Uzhavar Sandhai ),Capsicum,Capsicum,Local,2026-07-21,8000,9000,8500.0
Tamil Nadu,Salem,Jalagandapuram(Uzhavar Sandhai ),Tender Coconut,Tender Coconut,Local,2026-07-21,3000,3500,3250.0
Tamil Nadu,Sivaganga,Singampunari(Uzhavar Sandhai ),Mango,Other,Local,2026-07-21,3000,3500,3250.0
Tamil Nadu,Sivaganga,Singampunari(Uzhavar Sandhai ),Banana,Karpura,Local,2026-07-21,3500,4000,3750.0
Tamil Nadu,Sivaganga,Singampunari(Uzhavar Sandhai ),Potato,Other,Local,2026-07-21,5600,6000,5800.0
Tamil Nadu,Sivaganga,Singampunari(Uzhavar Sandhai ),Papaya,Papaya,Local,2026-07-21,3800,4200,4000.0
Tamil Nadu,Sivaganga,Singampunari(Uzhavar Sandhai ),Tomato,Other,Local,2026-07-21,1800,2400,2100.0
Tamil Nadu,Sivaganga,Singampunari(Uzhavar Sandhai ),Bitter gourd,Other,Local,2026-07-21,6200,6600,6400.0
Tamil Nadu,Sivaganga,Singampunari(Uzhavar Sandhai ),Green Chilli,Green Chilly,Local,2026-07-21,3400,4200,3800.0
Tamil Nadu,Sivaganga,Singampunari(Uzhavar Sandhai ),Green Avare(W),Other,Local,2026-07-21,6600,8200,7400.0
Tamil Nadu,Sivaganga,Singampunari(Uzhavar Sandhai ),Onion Green,Onion Green,Local,2026-07-21,5600,6600,6100.0
Tamil Nadu,Sivaganga,Karaikudi(Uzhavar Sandhai ),Brinjal,Round,Local,2026-07-21,5000,6000,5500.0
Tamil Nadu,Sivaganga,Karaikudi(Uzhavar Sandhai ),Coriander(Leaves),I Sort,Local,2026-07-21,8500,9500,9000.0
Tamil Nadu,Sivaganga,Karaikudi(Uzhavar Sandhai ),Amaranthus,Amaranthus,Local,2026-07-21,3600,4000,3800.0
Tamil Nadu,Sivaganga,Karaikudi(Uzhavar Sandhai ),Elephant Yam(Suran)/Amorphophallus,Elephant Yam (Suran),Local,2026-07-21,5000,6000,5500.0
Tamil Nadu,Sivaganga,Karaikudi(Uzhavar Sandhai ),Mint(Pudina),Mint(Pudina),Local,2026-07-21,6500,7000,6750.0
Tamil Nadu,Sivaganga,Tirupatthur(Uzhavar Sandhai ),Cluster beans,Cluster Beans,Local,2026-07-21,4000,4600,4300.0
Tamil Nadu,Sivaganga,Tirupatthur(Uzhavar Sandhai ),Bottle gourd,Bottle Gourd,Local,2026-07-21,3200,3800,3500.0
Tamil Nadu,Sivaganga,Tirupatthur(Uzhavar Sandhai ),Bhindi(Ladies Finger),Bhindi,Local,2026-07-21,2800,3800,3300.0
Tamil Nadu,Sivaganga,Tirupatthur(Uzhavar Sandhai ),Sweet Potato,Hosur Red,Local,2026-07-21,3000,4000,3500.0
Tamil Nadu,Sivaganga,Tirupatthur(Uzhavar Sandhai ),Cabbage,Cabbage,Local,2026-07-21,3800,4200,4000.0
Tamil Nadu,Sivaganga,Tirupatthur(Uzhavar Sandhai ),Lemon,Lemon,Local,2026-07-21,6600,8200,7400.0
Tamil Nadu,Thanjavur,Pattukottai(Uzhavar Sandhai ),Tomato,Deshi,Local,2026-07-21,2800,2800,2800.0
Tamil Nadu,Thanjavur,Pattukottai(Uzhavar Sandhai ),Bottle gourd,Bottle Gourd,Local,2026-07-21,2600,2600,2600.0
Tamil Nadu,Thanjavur,Pattukottai(Uzhavar Sandhai ),Banana - Green,Banana - Green,Local,2026-07-21,3000,3800,3400.0
Tamil Nadu,Thanjavur,Pattukottai(Uzhavar Sandhai ),Beans,Beans (Whole),Local,2026-07-21,8000,8000,8000.0
Tamil Nadu,Thanjavur,Pattukottai(Uzhavar Sandhai ),Ginger(Green),Green Ginger,Local,2026-07-21,16000,20000,18000.0
Tamil Nadu,Thanjavur,Pattukottai(Uzhavar Sandhai ),Capsicum,Capsicum,Local,2026-07-21,6000,6000,6000.0
Tamil Nadu,Thanjavur,Pattukottai(Uzhavar Sandhai ),Green Avare(W),Green Avare (W),Local,2026-07-21,6000,6000,6000.0
Tamil Nadu,Thanjavur,Pattukottai(Uzhavar Sandhai ),Drumstick,Drumstick,Local,2026-07-21,5600,5600,5600.0
Tamil Nadu,Thanjavur,Pattukottai(Uzhavar Sandhai ),Mint(Pudina),Mint(Pudina),Local,2026-07-21,6800,6800,6800.0
Tamil Nadu,Thanjavur,Thanjavur(Uzhavar Sandhai ),Onion,Bellary,Local,2026-07-21,3800,3800,3800.0
Tamil Nadu,Thanjavur,Thanjavur(Uzhavar Sandhai ),Water Melon,Water Melon,Local,2026-07-21,2000,2000,2000.0
Tamil Nadu,Thanjavur,Thanjavur(Uzhavar Sandhai ),Bhindi(Ladies Finger),Bhindi,Local,2026-07-21,3600,3600,3600.0
Tamil Nadu,Thanjavur,Thanjavur(Uzhavar Sandhai ),Carrot,Pusakesar,Local,2026-07-21,8600,8600,8600.0
Tamil Nadu,Thanjavur,Thanjavur(Uzhavar Sandhai ),Ridgeguard(Tori),Ridgeguard(Tori),Local,2026-07-21,6000,6000,6000.0
Tamil Nadu,Thanjavur,Thanjavur(Uzhavar Sandhai ),Marigold(Calcutta),Marigold(Calcutta),Local,2026-07-21,20000,20000,20000.0
Tamil Nadu,Thanjavur,Thanjavur(Uzhavar Sandhai ),Yam(Ratalu),Yam (Ratalu),Local,2026-07-21,10000,10000,10000.0
Tamil Nadu,Thiruchirappalli,Lalgudi(Uzhavar Sandhai ),Cauliflower,Ranchi,Local,2026-07-21,4000,4000,4000.0
Tamil Nadu,Thiruchirappalli,Lalgudi(Uzhavar Sandhai ),Brinjal,Other,Local,2026-07-21,7000,7000,7000.0
Tamil Nadu,Thiruchirappalli,Lalgudi(Uzhavar Sandhai ),Cowpea(Veg),Cowpea (Veg),Local,2026-07-21,5600,5600,5600.0
Tamil Nadu,Thiruchirappalli,Lalgudi(Uzhavar Sandhai ),Tapioca,Tapioca,Local,2026-07-21,4000,4000,4000.0
Tamil Nadu,Thiruchirappalli,Lalgudi(Uzhavar Sandhai ),Snakeguard,Snakeguard,Local,2026-07-21,5600,5600,5600.0
Tamil Nadu,Thiruchirappalli,Lalgudi(Uzhavar Sandhai ),Cucumbar(Kheera),Cucumbar,Local,2026-07-21,6000,6000,6000.0
Tamil Nadu,Thiruchirappalli,Lalgudi(Uzhavar Sandhai ),Raddish,Raddish,Local,2026-07-21,4400,4400,4400.0
Tamil Nadu,Thiruchirappalli,Lalgudi(Uzhavar Sandhai ),Drumstick,Drumstick,Local,2026-07-21,7000,7000,7000.0
Tamil Nadu,Thiruchirappalli,Lalgudi(Uzhavar Sandhai ),Knool Khol,Knool Khol,Local,2026-07-21,3600,3600,3600.0
Tamil Nadu,Thiruchirappalli,Lalgudi(Uzhavar Sandhai ),Guava,Guava Allahabad,Local,2026-07-21,9000,9000,9000.0
Tamil Nadu,Thiruchirappalli,Lalgudi(Uzhavar Sandhai ),Indian Beans(Seam),Indian Beans (Seam),Local,2026-07-21,7000,7000,7000.0
Tamil Nadu,Thiruchirappalli,Lalgudi(Uzhavar Sandhai ),Mint(Pudina),Mint(Pudina),Local,2026-07-21,7000,7000,7000.0
Tamil Nadu,Thiruchirappalli,Manapparai(Uzhavar Sandhai ),Grapes,Annabesahai,Local,2026-07-21,8000,8000,8000.0
Tamil Nadu,Thiruchirappalli,Manapparai(Uzhavar Sandhai ),Potato,Other,Local,2026-07-21,3000,4000,3500.0
Tamil Nadu,Thiruchirappalli,Manapparai(Uzhavar Sandhai ),Brinjal,Other,Local,2026-07-21,4600,4600,4600.0
Tamil Nadu,Thiruchirappalli,Manapparai(Uzhavar Sandhai ),Chikoos(Sapota),Sapota,Local,2026-07-21,4000,4000,4000.0
Tamil Nadu,Thiruchirappalli,Manapparai(Uzhavar Sandhai ),Tomato,Other,Local,2026-07-21,2000,2000,2000.0
Tamil Nadu,Thiruchirappalli,Manapparai(Uzhavar Sandhai ),Bottle gourd,Bottle Gourd,Local,2026-07-21,3000,3000,3000.0
Tamil Nadu,Thiruchirappalli,Manapparai(Uzhavar Sandhai ),Pumpkin,Pumpkin,Local,2026-07-21,2000,2000,2000.0
Tamil Nadu,Thiruchirappalli,Manapparai(Uzhavar Sandhai ),Bhindi(Ladies Finger),Bhindi,Local,2026-07-21,4000,4000,4000.0
Tamil Nadu,Thiruchirappalli,Manapparai(Uzhavar Sandhai ),Ridgeguard(Tori),Ridgeguard(Tori),Local,2026-07-21,6600,6600,6600.0
Tamil Nadu,Thiruchirappalli,Manapparai(Uzhavar Sandhai ),Raddish,Raddish,Local,2026-07-21,4000,4000,4000.0
Tamil Nadu,Thiruchirappalli,Manapparai(Uzhavar Sandhai ),Knool Khol,Knool Khol,Local,2026-07-21,4000,4000,4000.0
Tamil Nadu,Thiruchirappalli,Manapparai(Uzhavar Sandhai ),Guava,Guava Allahabad,Local,2026-07-21,10000,10000,10000.0
Tamil Nadu,Thiruchirappalli,Musiri(Uzhavar Sandhai ),Tomato,Local,Local,2026-07-21,2000,2000,2000.0
Tamil Nadu,Thiruchirappalli,Musiri(Uzhavar Sandhai ),Cowpea(Veg),Cowpea (Veg),Local,2026-07-21,4000,5000,4500.0
Tamil Nadu,Thiruchirappalli,Musiri(Uzhavar Sandhai ),Banana - Green,Banana - Green,Local,2026-07-21,2500,2500,2500.0
Tamil Nadu,Thiruchirappalli,Musiri(Uzhavar Sandhai ),Tapioca,Tapioca,Local,2026-07-21,3000,3600,3300.0
Tamil Nadu,Thiruchirappalli,Musiri(Uzhavar Sandhai ),Capsicum,Capsicum,Local,2026-07-21,8000,8500,8250.0
Tamil Nadu,Thiruchirappalli,Musiri(Uzhavar Sandhai ),Chow Chow,Chow Chow,Local,2026-07-21,3600,4000,3800.0
Tamil Nadu,Thiruchirappalli,Musiri(Uzhavar Sandhai ),Guava,Guava Allahabad,Local,2026-07-21,5000,6000,5500.0
Tamil Nadu,Thiruchirappalli,Musiri(Uzhavar Sandhai ),Yam(Ratalu),Yam (Ratalu),Local,2026-07-21,8000,8500,8250.0
Tamil Nadu,Thiruchirappalli,Musiri(Uzhavar Sandhai ),Lemon,Lemon,Local,2026-07-21,4000,5000,4500.0
Tamil Nadu,Thiruchirappalli,Thiruverumbur(Uzhavar Sandhai ),Banana,Karpura,Local,2026-07-21,4000,6000,5000.0
Tamil Nadu,Thiruchirappalli,Thiruverumbur(Uzhavar Sandhai ),Cowpea(Veg),Cowpea (Veg),Local,2026-07-21,6000,6000,6000.0
Tamil Nadu,Thiruchirappalli,Thiruverumbur(Uzhavar Sandhai ),Ridgeguard(Tori),Ridgeguard(Tori),Local,2026-07-21,7000,7000,7000.0
Tamil Nadu,Thiruchirappalli,Thiruverumbur(Uzhavar Sandhai ),Chow Chow,Chow Chow,Local,2026-07-21,3600,3600,3600.0
Tamil Nadu,Thiruchirappalli,Thiruverumbur(Uzhavar Sandhai ),Mint(Pudina),Mint(Pudina),Local,2026-07-21,7400,7400,7400.0
Tamil Nadu,Thiruchirappalli,Thathaiyangarpettai APMC,Paddy(Common),Other,Local,2026-07-21,2350,2450,2400.0
Tamil Nadu,Villupuram,Gingee(Uzhavar Sandhai ),Banana,Karpura,Local,2026-07-21,4000,5000,4500.0
Tamil Nadu,Villupuram,Gingee(Uzhavar Sandhai ),Tomato,Deshi,Local,2026-07-21,2000,2000,2000.0
Tamil Nadu,Villupuram,Gingee(Uzhavar Sandhai ),Green Chilli,Green Chilly,Local,2026-07-21,5000,5000,5000.0
Tamil Nadu,Villupuram,Gingee(Uzhavar Sandhai ),Banana - Green,Banana - Green,Local,2026-07-21,4000,4000,4000.0
Tamil Nadu,Villupuram,Gingee(Uzhavar Sandhai ),Ginger(Green),Green Ginger,Local,2026-07-21,15000,15000,15000.0
Tamil Nadu,Villupuram,Gingee(Uzhavar Sandhai ),Cabbage,Cabbage,Local,2026-07-21,4000,4000,4000.0
Tamil Nadu,Villupuram,Gingee(Uzhavar Sandhai ),Cucumbar(Kheera),Cucumbar,Local,2026-07-21,4000,4000,4000.0
Tamil Nadu,Villupuram,Gingee(Uzhavar Sandhai ),Ridgeguard(Tori),Ridgeguard(Tori),Local,2026-07-21,8000,8000,8000.0
Tamil Nadu,Villupuram,Gingee(Uzhavar Sandhai ),Green Avare(W),Green Avare (W),Local,2026-07-21,7000,7000,7000.0
Tamil Nadu,Villupuram,Gingee(Uzhavar Sandhai ),Yam(Ratalu),Yam (Ratalu),Local,2026-07-21,6000,6000,6000.0
Tamil Nadu,Villupuram,Gingee(Uzhavar Sandhai ),Colacasia,Colacasia,Local,2026-07-21,4000,4000,4000.0
Tamil Nadu,Virudhunagar,Rajapalayam(Uzhavar Sandhai ),Onion,Bellary,Local,2026-07-21,4000,4500,4250.0
Tamil Nadu,Virudhunagar,Rajapalayam(Uzhavar Sandhai ),Cauliflower,Ranchi,Local,2026-07-21,2500,3000,2750.0
Tamil Nadu,Virudhunagar,Rajapalayam(Uzhavar Sandhai ),Brinjal,Round,Local,2026-07-21,4500,5000,4750.0
Tamil Nadu,Virudhunagar,Rajapalayam(Uzhavar Sandhai ),Coriander(Leaves),I Sort,Local,2026-07-21,8000,9000,8500.0
Tamil Nadu,Virudhunagar,Rajapalayam(Uzhavar Sandhai ),Bottle gourd,Bottle Gourd,Local,2026-07-21,1500,2000,1750.0
Tamil Nadu,Virudhunagar,Rajapalayam(Uzhavar Sandhai ),Bhindi(Ladies Finger),Bhindi,Local,2026-07-21,2000,2500,2250.0
Tamil Nadu,Virudhunagar,Rajapalayam(Uzhavar Sandhai ),Carrot,Pusakesar,Local,2026-07-21,5000,6000,5500.0
Tamil Nadu,Virudhunagar,Kariyapatti(Uzhavar Sandhai ),Potato,Red Nanital,Local,2026-07-21,4500,5000,4750.0
Tamil Nadu,Virudhunagar,Kariyapatti(Uzhavar Sandhai ),Brinjal,Round,Local,2026-07-21,4500,5000,4750.0
Tamil Nadu,Virudhunagar,Kariyapatti(Uzhavar Sandhai ),Papaya,Papaya,Local,2026-07-21,3000,3500,3250.0
Tamil Nadu,Virudhunagar,Kariyapatti(Uzhavar Sandhai ),Bhindi(Ladies Finger),Bhindi,Local,2026-07-21,4500,5000,4750.0
Tamil Nadu,Virudhunagar,Kariyapatti(Uzhavar Sandhai ),Green Chilli,Green Chilly,Local,2026-07-21,6500,7000,6750.0
Tamil Nadu,Virudhunagar,Kariyapatti(Uzhavar Sandhai ),Green Avare(W),Green Avare (W),Local,2026-07-21,7500,8000,7750.0
Tamil Nadu,Virudhunagar,Kariyapatti(Uzhavar Sandhai ),Mango(Raw-Ripe),Mango - Raw-Ripe,Local,2026-07-21,2500,3000,2750.0
Tamil Nadu,Virudhunagar,Sathur(Uzhavar Sandhai ),Coconut,Coconut,Local,2026-07-21,5500,6000,5750.0
Tamil Nadu,Virudhunagar,Sathur(Uzhavar Sandhai ),Chow Chow,Chow Chow,Local,2026-07-21,3000,3500,3250.0
Tamil Nadu,Virudhunagar,Thalavaipuram(Uzhavar Sandhai ),Chikoos(Sapota),Sapota,Local,2026-07-21,3000,3500,3250.0
Tamil Nadu,Virudhunagar,Thalavaipuram(Uzhavar Sandhai ),Tomato,Deshi,Local,2026-07-21,1300,1800,1550.0
Tamil Nadu,Virudhunagar,Thalavaipuram(Uzhavar Sandhai ),Ashgourd,Gouard,Local,2026-07-21,3500,4000,3750.0
Tamil Nadu,Virudhunagar,Thalavaipuram(Uzhavar Sandhai ),Beans,Beans (Whole),Local,2026-07-21,7000,8000,7500.0
Tamil Nadu,Virudhunagar,Thalavaipuram(Uzhavar Sandhai ),Cabbage,Cabbage,Local,2026-07-21,4000,4500,4250.0
Tamil Nadu,Virudhunagar,Thalavaipuram(Uzhavar Sandhai ),Chow Chow,Chow Chow,Local,2026-07-21,3000,3500,3250.0
Tamil Nadu,Chengalpattu,Madhuranthagam(Uzhavar Sandhai ),Banana,Poovan,Local,2026-07-21,3000,4000,3500.0
Tamil Nadu,Chengalpattu,Madhuranthagam(Uzhavar Sandhai ),Brinjal,Round,Local,2026-07-21,4000,4000,4000.0
Tamil Nadu,Chengalpattu,Madhuranthagam(Uzhavar Sandhai ),Pumpkin,Pumpkin,Local,2026-07-21,3000,3000,3000.0
Tamil Nadu,Chengalpattu,Madhuranthagam(Uzhavar Sandhai ),Coconut,Coconut,Local,2026-07-21,3000,4000,3500.0
Tamil Nadu,Chengalpattu,Madhuranthagam(Uzhavar Sandhai ),Snakeguard,Snakeguard,Local,2026-07-21,4000,4000,4000.0
Tamil Nadu,Chengalpattu,Madhuranthagam(Uzhavar Sandhai ),Tender Coconut,Tender Coconut,Local,2026-07-21,3000,4000,3500.0
Tamil Nadu,Chengalpattu,Nanganallur(Uzhavar Sandhai ),Cauliflower,Ranchi,Local,2026-07-21,4000,5000,4500.0
Tamil Nadu,Chengalpattu,Nanganallur(Uzhavar Sandhai ),Papaya,Papaya,Local,2026-07-21,5000,6000,5500.0
Tamil Nadu,Chengalpattu,Nanganallur(Uzhavar Sandhai ),Water Melon,Water Melon,Local,2026-07-21,2500,3000,2750.0
Tamil Nadu,Chengalpattu,Nanganallur(Uzhavar Sandhai ),Mousambi(Sweet Lime),Mousambi,Local,2026-07-21,5000,6000,5500.0
Tamil Nadu,Chengalpattu,Nanganallur(Uzhavar Sandhai ),Bitter gourd,Bitter Gourd,Local,2026-07-21,6000,7000,6500.0
Tamil Nadu,Chengalpattu,Nanganallur(Uzhavar Sandhai ),Pumpkin,Pumpkin,Local,2026-07-21,3500,4000,3750.0
Tamil Nadu,Chengalpattu,Nanganallur(Uzhavar Sandhai ),Amaranthus,Amaranthus,Local,2026-07-21,2000,2500,2250.0
Tamil Nadu,Chengalpattu,Nanganallur(Uzhavar Sandhai ),Sweet Potato,Hosur Red,Local,2026-07-21,7000,8000,7500.0
Tamil Nadu,Chengalpattu,Nanganallur(Uzhavar Sandhai ),Snakeguard,Snakeguard,Local,2026-07-21,4000,5000,4500.0
Tamil Nadu,Chengalpattu,Nanganallur(Uzhavar Sandhai ),Karbuja(Musk Melon),Karbhuja,Local,2026-07-21,4000,5000,4500.0
Tamil Nadu,Chengalpattu,Nanganallur(Uzhavar Sandhai ),Tender Coconut,Tender Coconut,Local,2026-07-21,5000,6000,5500.0
Tamil Nadu,Chengalpattu,Nanganallur(Uzhavar Sandhai ),Jasmine,Jasmine,Local,2026-07-21,34000,35000,34500.0
Tamil Nadu,Chengalpattu,Nanganallur(Uzhavar Sandhai ),Colacasia,Colacasia,Local,2026-07-21,4000,5000,4500.0
Tamil Nadu,Chengalpattu,Pallavaram(Uzhavar Sandhai ),Green Peas,Green Peas,Local,2026-07-21,18000,19000,18500.0
Tamil Nadu,Chengalpattu,Pallavaram(Uzhavar Sandhai ),Bottle gourd,Bottle Gourd,Local,2026-07-21,3500,4000,3750.0
Tamil Nadu,Chengalpattu,Pallavaram(Uzhavar Sandhai ),Bhindi(Ladies Finger),Bhindi,Local,2026-07-21,4000,5000,4500.0
Tamil Nadu,Chengalpattu,Pallavaram(Uzhavar Sandhai ),Drumstick,Drumstick,Local,2026-07-21,7000,8000,7500.0
Tamil Nadu,Chengalpattu,Pallavaram(Uzhavar Sandhai ),Yam(Ratalu),Yam (Ratalu),Local,2026-07-21,6000,7000,6500.0
Tamil Nadu,Nagercoil (Kannyiakumari),Myladi(Uzhavar Sandhai ),Apple,American,Local,2026-07-21,25000,26000,25500.0
Tamil Nadu,Nagercoil (Kannyiakumari),Myladi(Uzhavar Sandhai ),Ginger(Green),Green Ginger,Local,2026-07-21,23000,24000,23500.0
Tamil Nadu,Nagercoil (Kannyiakumari),Myladi(Uzhavar Sandhai ),Cucumbar(Kheera),Cucumbar,Local,2026-07-21,3000,3500,3250.0
Tamil Nadu,Nagercoil (Kannyiakumari),Myladi(Uzhavar Sandhai ),Raddish,Raddish,Local,2026-07-21,4000,4500,4250.0
Tamil Nadu,Nagercoil (Kannyiakumari),Myladi(Uzhavar Sandhai ),Onion Green,Onion Green,Local,2026-07-21,6500,7000,6750.0
Tamil Nadu,Chengalpattu,Jameenrayapettai(Uzhavar Sandhai ),Mango,Other,Local,2026-07-21,6000,7000,6500.0
Tamil Nadu,Chengalpattu,Jameenrayapettai(Uzhavar Sandhai ),Potato,Other,Local,2026-07-21,2500,3000,2750.0
Tamil Nadu,Chengalpattu,Jameenrayapettai(Uzhavar Sandhai ),Brinjal,Round,Local,2026-07-21,4000,5000,4500.0
Tamil Nadu,Chengalpattu,Jameenrayapettai(Uzhavar Sandhai ),Papaya,Papaya,Local,2026-07-21,4000,5000,4500.0
Tamil Nadu,Chengalpattu,Jameenrayapettai(Uzhavar Sandhai ),Ashgourd,Gouard,Local,2026-07-21,2000,2500,2250.0
Tamil Nadu,Chengalpattu,Jameenrayapettai(Uzhavar Sandhai ),Cowpea(Veg),Cowpea (Veg),Local,2026-07-21,7000,8000,7500.0
Tamil Nadu,Chengalpattu,Jameenrayapettai(Uzhavar Sandhai ),Raddish,Raddish,Local,2026-07-21,4000,5000,4500.0
Tamil Nadu,Chengalpattu,Jameenrayapettai(Uzhavar Sandhai ),Green Avare(W),Other,Local,2026-07-21,7000,8000,7500.0
Tamil Nadu,Chengalpattu,Jameenrayapettai(Uzhavar Sandhai ),Drumstick,Drumstick,Local,2026-07-21,7000,8000,7500.0
Tamil Nadu,Chengalpattu,Jameenrayapettai(Uzhavar Sandhai ),Guava,Guava Allahabad,Local,2026-07-21,5000,6000,5500.0
Tamil Nadu,Thirupathur,Natrampalli(Uzhavar Sandhai ),Onion,Bellary,Local,2026-07-21,2500,3000,2750.0
Tamil Nadu,Thirupathur,Natrampalli(Uzhavar Sandhai ),Cauliflower,Ranchi,Local,2026-07-21,2500,3000,2750.0
Tamil Nadu,Thirupathur,Natrampalli(Uzhavar Sandhai ),Bitter gourd,Bitter Gourd,Local,2026-07-21,4000,5000,4500.0
Tamil Nadu,Thirupathur,Natrampalli(Uzhavar Sandhai ),Bottle gourd,Bottle Gourd,Local,2026-07-21,1500,2000,1750.0
Tamil Nadu,Thirupathur,Natrampalli(Uzhavar Sandhai ),Raddish,Raddish,Local,2026-07-21,2000,3000,2500.0
Tamil Nadu,Thirupur,Dharapuram(Uzhavar Sandhai ),Mango,Safeda,Local,2026-07-21,4000,6000,5000.0
Tamil Nadu,Thirupur,Dharapuram(Uzhavar Sandhai ),Groundnut,Big (With Shell),Local,2026-07-21,5500,6000,5750.0
Tamil Nadu,Thirupur,Dharapuram(Uzhavar Sandhai ),Tomato,Other,Local,2026-07-21,1500,2000,1750.0
Tamil Nadu,Thirupur,Dharapuram(Uzhavar Sandhai ),Cluster beans,Cluster Beans,Local,2026-07-21,3500,4000,3750.0
Tamil Nadu,Thirupur,Dharapuram(Uzhavar Sandhai ),Bitter gourd,Bitter Gourd,Local,2026-07-21,5000,6000,5500.0
Tamil Nadu,Thirupur,Dharapuram(Uzhavar Sandhai ),Ashgourd,Gouard,Local,2026-07-21,1500,2000,1750.0
Tamil Nadu,Thirupur,Dharapuram(Uzhavar Sandhai ),Cabbage,Cabbage,Local,2026-07-21,3500,4000,3750.0
Tamil Nadu,Thirupur,Dharapuram(Uzhavar Sandhai ),Ridgeguard(Tori),Ridgeguard(Tori),Local,2026-07-21,4000,5500,4750.0
Tamil Nadu,Thirupur,Dharapuram(Uzhavar Sandhai ),Onion Green,Onion Green,Local,2026-07-21,4000,6000,5000.0
Tamil Nadu,Thirupur,Palladam(Uzhavar Sandhai ),Papaya,Papaya,Local,2026-07-21,2000,2500,2250.0
Tamil Nadu,Thirupur,Palladam(Uzhavar Sandhai ),Tomato,Local,Local,2026-07-21,1500,2000,1750.0
Tamil Nadu,Thirupur,Palladam(Uzhavar Sandhai ),Raddish,Raddish,Local,2026-07-21,3500,4000,3750.0
Tamil Nadu,Thirupur,Palladam(Uzhavar Sandhai ),Chow Chow,Chow Chow,Local,2026-07-21,2000,2500,2250.0
Tamil Nadu,Thirupur,Palladam(Uzhavar Sandhai ),Drumstick,Drumstick,Local,2026-07-21,5000,6000,5500.0
Andhra Pradesh,Eluru,Polavaram APMC,Paddy(Common),1001,Local,2026-07-21,2445,2445,2445.0
Nagaland,Wokha,Baghty APMC,Lime,Other,Local,2026-07-21,3000,3625,3420.0
Andhra Pradesh,Annamayya,Mulakalacheruvu APMC,Tomato,Local,FAQ,2026-07-21,750,1400,1200.0
Tamil Nadu,Coimbatore,Vadavalli(Uzhavar Sandhai ),Mango,Safeda,Local,2026-07-21,8000,12000,10000.0
Tamil Nadu,Coimbatore,Vadavalli(Uzhavar Sandhai ),Grapes,Annabesahai,Local,2026-07-21,8000,8500,8250.0
Tamil Nadu,Coimbatore,Vadavalli(Uzhavar Sandhai ),Apple,American,Local,2026-07-21,23000,27000,25000.0
Tamil Nadu,Coimbatore,Vadavalli(Uzhavar Sandhai ),Onion,Bellary,Local,2026-07-21,2800,3300,3050.0
Tamil Nadu,Coimbatore,Vadavalli(Uzhavar Sandhai ),Coriander(Leaves),I Sort,Local,2026-07-21,6500,7500,7000.0
Tamil Nadu,Coimbatore,Vadavalli(Uzhavar Sandhai ),Papaya,Papaya,Local,2026-07-21,3500,4000,3750.0
Tamil Nadu,Coimbatore,Vadavalli(Uzhavar Sandhai ),Carrot,Pusakesar,Local,2026-07-21,7500,8500,8000.0
Tamil Nadu,Coimbatore,Vadavalli(Uzhavar Sandhai ),Raddish,Raddish,Local,2026-07-21,3500,4000,3750.0
Tamil Nadu,Coimbatore,Vadavalli(Uzhavar Sandhai ),Green Avare(W),Other,Local,2026-07-21,6000,7000,6500.0
Tamil Nadu,Coimbatore,Vadavalli(Uzhavar Sandhai ),Mint(Pudina),Mint(Pudina),Local,2026-07-21,5500,6000,5750.0
Tamil Nadu,Dindigul,Vedasanthur(Uzhavar Sandhai ),Tomato,Deshi,Local,2026-07-21,2000,2000,2000.0
Tamil Nadu,Dindigul,Vedasanthur(Uzhavar Sandhai ),Pumpkin,Pumpkin,Local,2026-07-21,2000,2000,2000.0
Tamil Nadu,Dindigul,Vedasanthur(Uzhavar Sandhai ),Coconut,Coconut,Local,2026-07-21,4000,4500,4250.0
Uttar Pradesh,Bulandshahar,Gulavati APMC,Pumpkin,Pumpkin,FAQ,2026-07-21,1000,1200,1100.0
Tripura,South Tripura,Barpathari APMC,Cucumbar(Kheera),Cucumbar,Local,2026-07-21,5900,6100,6000.0
Tamil Nadu,Erode,Gobichettipalayam(Uzhavar Sandhai ),Potato,Red Nanital,Local,2026-07-21,3800,4000,3900.0
Tamil Nadu,Erode,Gobichettipalayam(Uzhavar Sandhai ),Cauliflower,Ranchi,Local,2026-07-21,4000,4500,4250.0
Tamil Nadu,Erode,Gobichettipalayam(Uzhavar Sandhai ),Chikoos(Sapota),Sapota,Local,2026-07-21,3500,4000,3750.0
Tamil Nadu,Erode,Gobichettipalayam(Uzhavar Sandhai ),Beans,Beans (Whole),Local,2026-07-21,7600,7800,7700.0
Tamil Nadu,Erode,Gobichettipalayam(Uzhavar Sandhai ),Coconut,Coconut,Local,2026-07-21,4400,4800,4600.0
Tamil Nadu,Erode,Gobichettipalayam(Uzhavar Sandhai ),Ridgeguard(Tori),Ridgeguard(Tori),Local,2026-07-21,5000,5200,5100.0
Tamil Nadu,Erode,Gobichettipalayam(Uzhavar Sandhai ),Raddish,Raddish,Local,2026-07-21,3400,3600,3500.0
Tamil Nadu,Erode,Gobichettipalayam(Uzhavar Sandhai ),Mango(Raw-Ripe),Mango - Raw-Ripe,Local,2026-07-21,2800,3000,2900.0
Tamil Nadu,Vellore,Pallikonda(Uzhavar Sandhai),Groundnut,Big (With Shell),Local,2026-07-21,8000,8000,8000.0
Tamil Nadu,Vellore,Pallikonda(Uzhavar Sandhai),Banana,Besrai,Local,2026-07-21,5000,6000,5500.0
Tamil Nadu,Vellore,Pallikonda(Uzhavar Sandhai),Papaya,Papaya,Local,2026-07-21,4000,4000,4000.0
Tamil Nadu,Vellore,Pallikonda(Uzhavar Sandhai),Tomato,Deshi,Local,2026-07-21,2000,2000,2000.0
Tamil Nadu,Vellore,Pallikonda(Uzhavar Sandhai),Pumpkin,Pumpkin,Local,2026-07-21,2500,2500,2500.0
Tamil Nadu,Vellore,Pallikonda(Uzhavar Sandhai),Ginger(Green),Green Ginger,Local,2026-07-21,16000,16000,16000.0
Tamil Nadu,Vellore,Pallikonda(Uzhavar Sandhai),Snakeguard,Snakeguard,Local,2026-07-21,3500,3500,3500.0
Tamil Nadu,Vellore,Pallikonda(Uzhavar Sandhai),Cucumbar(Kheera),Cucumbar,Local,2026-07-21,4000,4000,4000.0
Tamil Nadu,Vellore,Pallikonda(Uzhavar Sandhai),Raddish,Raddish,Local,2026-07-21,4000,4000,4000.0
Tamil Nadu,Vellore,Pallikonda(Uzhavar Sandhai),Thondekai,Thondekai,Local,2026-07-21,3500,3500,3500.0
Tamil Nadu,Vellore,Pallikonda(Uzhavar Sandhai),Guava,Guava Allahabad,Local,2026-07-21,4000,4500,4250.0
Tamil Nadu,Vellore,Pallikonda(Uzhavar Sandhai),Yam(Ratalu),Yam (Ratalu),Local,2026-07-21,5600,5600,5600.0
Tamil Nadu,Pudukkottai,Ponnamaravathi(Uzhavar Sandhai),Amaranthus,Amaranthus,Local,2026-07-21,1500,2000,1750.0
Tamil Nadu,Pudukkottai,Ponnamaravathi(Uzhavar Sandhai),Green Chilli,Green Chilly,Local,2026-07-21,4500,5000,4750.0
Tamil Nadu,Pudukkottai,Ponnamaravathi(Uzhavar Sandhai),Cowpea(Veg),Cowpea (Veg),Local,2026-07-21,1500,2000,1750.0
Tamil Nadu,Pudukkottai,Ponnamaravathi(Uzhavar Sandhai),Banana - Green,Banana - Green,Local,2026-07-21,2500,3000,2750.0
Tamil Nadu,Pudukkottai,Ponnamaravathi(Uzhavar Sandhai),Onion Green,Onion Green,Local,2026-07-21,6500,7000,6750.0
Tamil Nadu,Pudukkottai,Ponnamaravathi(Uzhavar Sandhai),Mint(Pudina),Mint(Pudina),Local,2026-07-21,3500,4000,3750.0
Tamil Nadu,Nagapattinam,Mayiladuthurai(Uzhavar Sandhai ),Banana,Besrai,Local,2026-07-21,3600,4000,3800.0
Tamil Nadu,Nagapattinam,Mayiladuthurai(Uzhavar Sandhai ),Cluster beans,Cluster Beans,Local,2026-07-21,4500,5000,4750.0
Tamil Nadu,Nagapattinam,Mayiladuthurai(Uzhavar Sandhai ),Amaranthus,Amaranthus,Local,2026-07-21,1500,2000,1750.0
Tamil Nadu,Nagapattinam,Mayiladuthurai(Uzhavar Sandhai ),Snakeguard,Snakeguard,Local,2026-07-21,4500,5000,4750.0
Tamil Nadu,Nagapattinam,Mayiladuthurai(Uzhavar Sandhai ),Chow Chow,Chow Chow,Local,2026-07-21,4000,4000,4000.0
Tamil Nadu,Nagapattinam,Mayiladuthurai(Uzhavar Sandhai ),Lime,Lime,Local,2026-07-21,3500,4000,3750.0
Tamil Nadu,Nagapattinam,Mayiladuthurai(Uzhavar Sandhai ),Tender Coconut,Tender Coconut,Local,2026-07-21,2000,2500,2250.0
Tamil Nadu,Pudukkottai,Viralimalai(Uzhavar Sandhai ),Tomato,Deshi,Local,2026-07-21,2000,2500,2250.0
Tamil Nadu,Pudukkottai,Viralimalai(Uzhavar Sandhai ),Cluster beans,Cluster Beans,Local,2026-07-21,5000,5500,5250.0
Tamil Nadu,Pudukkottai,Viralimalai(Uzhavar Sandhai ),Bottle gourd,Bottle Gourd,Local,2026-07-21,2500,3000,2750.0
Tamil Nadu,Pudukkottai,Viralimalai(Uzhavar Sandhai ),Amaranthus,Amaranthus,Local,2026-07-21,1500,2000,1750.0
Tamil Nadu,Pudukkottai,Viralimalai(Uzhavar Sandhai ),Green Chilli,Green Chilly,Local,2026-07-21,4500,5000,4750.0
Tamil Nadu,Pudukkottai,Viralimalai(Uzhavar Sandhai ),Banana - Green,Banana - Green,Local,2026-07-21,2500,3000,2750.0
Tamil Nadu,Pudukkottai,Viralimalai(Uzhavar Sandhai ),Snakeguard,Snakeguard,Local,2026-07-21,4000,4500,4250.0
Tamil Nadu,Ramanathapuram,Kamuthi(Uzhavar Sandhai ),Banana - Green,Banana - Green,Local,2026-07-21,3000,3500,3250.0
Tamil Nadu,Ramanathapuram,Paramakudi(Uzhavar Sandhai ),Cauliflower,Ranchi,Local,2026-07-21,5000,5500,5250.0
Tamil Nadu,Ramanathapuram,Paramakudi(Uzhavar Sandhai ),Brinjal,Round,Local,2026-07-21,5500,6000,5750.0
Tamil Nadu,Ramanathapuram,Paramakudi(Uzhavar Sandhai ),Pumpkin,Pumpkin,Local,2026-07-21,1800,2000,1900.0
Tamil Nadu,Ramanathapuram,Paramakudi(Uzhavar Sandhai ),Beetroot,Beetroot,Local,2026-07-21,4500,5000,4750.0
Tamil Nadu,Ramanathapuram,Paramakudi(Uzhavar Sandhai ),Knool Khol,Knool Khol,Local,2026-07-21,4500,5000,4750.0
Tamil Nadu,Ramanathapuram,Paramakudi(Uzhavar Sandhai ),Elephant Yam(Suran)/Amorphophallus,Elephant Yam (Suran),Local,2026-07-21,6500,7000,6750.0
Tamil Nadu,Ramanathapuram,Ramanathapuram(Uzhavar Sandhai ),Brinjal,Round,Local,2026-07-21,6000,6500,6250.0
Tamil Nadu,Ramanathapuram,Ramanathapuram(Uzhavar Sandhai ),Bhindi(Ladies Finger),Bhindi,Local,2026-07-21,4500,5000,4750.0
Tamil Nadu,Ramanathapuram,Ramanathapuram(Uzhavar Sandhai ),Coconut,Coconut,Local,2026-07-21,6200,6500,6350.0
Tamil Nadu,Ramanathapuram,Ramanathapuram(Uzhavar Sandhai ),Snakeguard,Snakeguard,Local,2026-07-21,5000,5500,5250.0
Tamil Nadu,Ramanathapuram,Ramanathapuram(Uzhavar Sandhai ),Ridgeguard(Tori),Ridgeguard(Tori),Local,2026-07-21,6000,6500,6250.0
Tamil Nadu,Ramanathapuram,Ramanathapuram(Uzhavar Sandhai ),Green Avare(W),Green Avare (W),Local,2026-07-21,8500,9000,8750.0
Tamil Nadu,Ramanathapuram,Ramanathapuram(Uzhavar Sandhai ),Jasmine,Jasmine,Local,2026-07-21,50000,55000,52500.0
Tamil Nadu,Ramanathapuram,Ramanathapuram(Uzhavar Sandhai ),Yam(Ratalu),Yam (Ratalu),Local,2026-07-21,6800,7000,6900.0
Tamil Nadu,Ramanathapuram,Ramanathapuram(Uzhavar Sandhai ),Onion Green,Onion Green,Local,2026-07-21,7000,7500,7250.0
Tamil Nadu,Pudukkottai,Alangudi(Uzhavar Sandhai ),Banana,Karpura,Local,2026-07-21,4500,5000,4750.0
Tamil Nadu,Pudukkottai,Alangudi(Uzhavar Sandhai ),Banana - Green,Banana - Green,Local,2026-07-21,2500,3000,2750.0
Tamil Nadu,Pudukkottai,Alangudi(Uzhavar Sandhai ),Ridgeguard(Tori),Ridgeguard(Tori),Local,2026-07-21,6000,7000,6500.0
Tamil Nadu,Thiruvannamalai,Arani(Uzhavar Sandhai ),Mango,Safeda,Local,2026-07-21,4000,5000,4500.0
Tamil Nadu,Thiruvannamalai,Arani(Uzhavar Sandhai ),Papaya,Papaya,Local,2026-07-21,3000,4000,3500.0
Tamil Nadu,Thiruvannamalai,Arani(Uzhavar Sandhai ),Bottle gourd,Bottle Gourd,Local,2026-07-21,2000,2400,2200.0
Tamil Nadu,Thiruvannamalai,Arani(Uzhavar Sandhai ),Beans,Beans (Whole),Local,2026-07-21,4500,5400,4950.0
Tamil Nadu,Thiruvannamalai,Arani(Uzhavar Sandhai ),Sweet Potato,Hosur Red,Local,2026-07-21,3500,4000,3750.0
Tamil Nadu,Thiruvannamalai,Arani(Uzhavar Sandhai ),Carrot,Pusakesar,Local,2026-07-21,7000,8000,7500.0
Tamil Nadu,Thiruvannamalai,Arani(Uzhavar Sandhai ),Beetroot,Beetroot,Local,2026-07-21,4000,4800,4400.0
Tamil Nadu,Thiruvannamalai,Arani(Uzhavar Sandhai ),Mango(Raw-Ripe),Mango - Raw-Ripe,Local,2026-07-21,2000,2400,2200.0
Tamil Nadu,Thiruvannamalai,Arani(Uzhavar Sandhai ),Lemon,Lemon,Local,2026-07-21,10000,12000,11000.0
Tamil Nadu,Thiruvannamalai,Polur(Uzhavar Sandhai ),Groundnut,Big (With Shell),Local,2026-07-21,5000,6000,5500.0
Tamil Nadu,Thiruvannamalai,Polur(Uzhavar Sandhai ),Garlic,Garlic,Local,2026-07-21,22000,24000,23000.0
Tamil Nadu,Thiruvannamalai,Polur(Uzhavar Sandhai ),Papaya,Papaya,Local,2026-07-21,2500,3000,2750.0
Tamil Nadu,Thiruvannamalai,Polur(Uzhavar Sandhai ),Tomato,Deshi,Local,2026-07-21,1500,2000,1750.0
Tamil Nadu,Thiruvannamalai,Polur(Uzhavar Sandhai ),Cluster beans,Cluster Beans,Local,2026-07-21,4200,4800,4500.0
Tamil Nadu,Thiruvannamalai,Polur(Uzhavar Sandhai ),Ashgourd,Gouard,Local,2026-07-21,1500,2000,1750.0
Tamil Nadu,Thiruvannamalai,Polur(Uzhavar Sandhai ),Bhindi(Ladies Finger),Bhindi,Local,2026-07-21,3600,4000,3800.0
Tamil Nadu,Thiruvannamalai,Polur(Uzhavar Sandhai ),Amaranthus,Amaranthus,Local,2026-07-21,1500,2000,1750.0
Tamil Nadu,Thiruvannamalai,Polur(Uzhavar Sandhai ),Coconut,Coconut,Local,2026-07-21,4000,4500,4250.0
Tamil Nadu,Thiruvannamalai,Polur(Uzhavar Sandhai ),Cabbage,Cabbage,Local,2026-07-21,3500,4000,3750.0
Tamil Nadu,Thiruvannamalai,Polur(Uzhavar Sandhai ),Cucumbar(Kheera),Cucumbar,Local,2026-07-21,3500,4000,3750.0
Tamil Nadu,Thiruvannamalai,Polur(Uzhavar Sandhai ),Green Avare(W),Green Avare (W),Local,2026-07-21,5000,6000,5500.0
Tamil Nadu,Thiruvannamalai,Polur(Uzhavar Sandhai ),Chow Chow,Chow Chow,Local,2026-07-21,4200,4800,4500.0
Tamil Nadu,Thiruvannamalai,Polur(Uzhavar Sandhai ),Drumstick,Drumstick,Local,2026-07-21,5000,6000,5500.0
Tamil Nadu,Thiruvannamalai,Polur(Uzhavar Sandhai ),Tender Coconut,Tender Coconut,Local,2026-07-21,1600,2000,1800.0
Tamil Nadu,Thiruvannamalai,Polur(Uzhavar Sandhai ),Lemon,Lemon,Local,2026-07-21,5000,6000,5500.0
Tamil Nadu,Thiruvannamalai,Polur(Uzhavar Sandhai ),Custard Apple(Sharifa),Custard Apple(Sharifa),Local,2026-07-21,3500,4000,3750.0
Tamil Nadu,Thiruvannamalai,Polur(Uzhavar Sandhai ),Amla(Nelli Kai),Amla,Local,2026-07-21,8000,10000,9000.0
Tamil Nadu,Thiruvannamalai,Tiruvannamalai(Uzhavar Sandhai ),Mango,Safeda,Local,2026-07-21,5000,6000,5500.0
Tamil Nadu,Thiruvannamalai,Tiruvannamalai(Uzhavar Sandhai ),Groundnut,Big (With Shell),Local,2026-07-21,7000,8000,7500.0
Tamil Nadu,Thiruvannamalai,Tiruvannamalai(Uzhavar Sandhai ),Grapes,Annabesahai,Local,2026-07-21,8000,10000,9000.0
Tamil Nadu,Thiruvannamalai,Tiruvannamalai(Uzhavar Sandhai ),Onion,Bellary,Local,2026-07-21,3500,4000,3750.0
Tamil Nadu,Thiruvannamalai,Tiruvannamalai(Uzhavar Sandhai ),Chikoos(Sapota),Sapota,Local,2026-07-21,4000,5000,4500.0
Tamil Nadu,Thiruvannamalai,Tiruvannamalai(Uzhavar Sandhai ),Bitter gourd,Bitter Gourd,Local,2026-07-21,5000,6000,5500.0
Tamil Nadu,Thiruvannamalai,Tiruvannamalai(Uzhavar Sandhai ),Bottle gourd,Bottle Gourd,Local,2026-07-21,2000,2500,2250.0
Tamil Nadu,Thiruvannamalai,Tiruvannamalai(Uzhavar Sandhai ),Cowpea(Veg),Cowpea (Veg),Local,2026-07-21,5000,6000,5500.0
Tamil Nadu,Thiruvannamalai,Tiruvannamalai(Uzhavar Sandhai ),Banana - Green,Banana - Green,Local,2026-07-21,2500,3000,2750.0
Tamil Nadu,Thiruvannamalai,Tiruvannamalai(Uzhavar Sandhai ),Sweet Potato,Hosur Red,Local,2026-07-21,3500,4000,3750.0
Tamil Nadu,Thiruvannamalai,Tiruvannamalai(Uzhavar Sandhai ),Snakeguard,Snakeguard,Local,2026-07-21,3000,3600,3300.0
Tamil Nadu,Thiruvannamalai,Tiruvannamalai(Uzhavar Sandhai ),Ridgeguard(Tori),Ridgeguard(Tori),Local,2026-07-21,5000,6000,5500.0
Tamil Nadu,Thiruvannamalai,Tiruvannamalai(Uzhavar Sandhai ),Mango(Raw-Ripe),Mango - Raw-Ripe,Local,2026-07-21,2000,2500,2250.0
Tamil Nadu,Thiruvannamalai,Tiruvannamalai(Uzhavar Sandhai ),Lime,Lime,Local,2026-07-21,3500,4000,3750.0
Tamil Nadu,Thiruvannamalai,Tiruvannamalai(Uzhavar Sandhai ),Karbuja(Musk Melon),Karbhuja,Local,2026-07-21,2500,3000,2750.0
Tamil Nadu,Thiruvannamalai,Tiruvannamalai(Uzhavar Sandhai ),Mashrooms,Mashrooms,Local,2026-07-21,22000,25000,23500.0
Tamil Nadu,Thiruvarur,Tiruthuraipoondi(Uzhavar Sandhai ),Pineapple,Pine Apple,Local,2026-07-21,6000,6000,6000.0
Tamil Nadu,Thiruvarur,Tiruthuraipoondi(Uzhavar Sandhai ),Cluster beans,Cluster Beans,Local,2026-07-21,4000,4000,4000.0
Tamil Nadu,Thiruvarur,Tiruthuraipoondi(Uzhavar Sandhai ),Bottle gourd,Bottle Gourd,Local,2026-07-21,2500,2500,2500.0
Tamil Nadu,Thiruvarur,Tiruthuraipoondi(Uzhavar Sandhai ),Pumpkin,Pumpkin,Local,2026-07-21,2000,2000,2000.0
Tamil Nadu,Thiruvarur,Tiruthuraipoondi(Uzhavar Sandhai ),Coconut,Coconut,Local,2026-07-21,4000,4000,4000.0
Tamil Nadu,Thiruvarur,Tiruthuraipoondi(Uzhavar Sandhai ),Sweet Potato,Hosur Red,Local,2026-07-21,5000,5000,5000.0
Tamil Nadu,Thiruvarur,Tiruthuraipoondi(Uzhavar Sandhai ),Ridgeguard(Tori),Ridgeguard(Tori),Local,2026-07-21,4600,4600,4600.0
Tamil Nadu,Thiruvellore,Ambattur(Uzhavar Sandhai ),Onion,Bellary,Local,2026-07-21,3000,3000,3000.0
Tamil Nadu,Thiruvellore,Naravarikuppam(Uzhavar Sandhai ),Tomato,Deshi,Local,2026-07-21,3000,3000,3000.0
Tamil Nadu,Thiruvellore,Naravarikuppam(Uzhavar Sandhai ),Ridgeguard(Tori),Ridgeguard(Tori),Local,2026-07-21,5000,5000,5000.0
Tamil Nadu,Tuticorin,Kovilpatti(Uzhavar Sandhai ),Chikoos(Sapota),Sapota,Local,2026-07-21,3500,4000,3750.0
Tamil Nadu,Tuticorin,Kovilpatti(Uzhavar Sandhai ),Tomato,Local,Local,2026-07-21,2000,2500,2250.0
Tamil Nadu,Tuticorin,Kovilpatti(Uzhavar Sandhai ),Beetroot,Beetroot,Local,2026-07-21,5000,5500,5250.0
Tamil Nadu,Tuticorin,Kovilpatti(Uzhavar Sandhai ),Ridgeguard(Tori),Ridgeguard(Tori),Local,2026-07-21,8500,9000,8750.0
Tamil Nadu,Tuticorin,Kovilpatti(Uzhavar Sandhai ),Green Avare(W),Other,Local,2026-07-21,6500,7000,6750.0
Tamil Nadu,Tuticorin,Kovilpatti(Uzhavar Sandhai ),Mint(Pudina),Mint(Pudina),Local,2026-07-21,7000,7500,7250.0
Tamil Nadu,Vellore,Gudiyatham(Uzhavar Sandhai ),Banana,Red Banana,Local,2026-07-21,8000,8000,8000.0
Tamil Nadu,Vellore,Gudiyatham(Uzhavar Sandhai ),Potato,Red Nanital,Local,2026-07-21,3000,3000,3000.0
Tamil Nadu,Vellore,Gudiyatham(Uzhavar Sandhai ),Brinjal,Other,Local,2026-07-21,7600,7600,7600.0
Tamil Nadu,Vellore,Gudiyatham(Uzhavar Sandhai ),Papaya,Papaya,Local,2026-07-21,3000,3000,3000.0
Tamil Nadu,Vellore,Gudiyatham(Uzhavar Sandhai ),Bitter gourd,Bitter Gourd,Local,2026-07-21,5600,5600,5600.0
Tamil Nadu,Vellore,Gudiyatham(Uzhavar Sandhai ),Pumpkin,Pumpkin,Local,2026-07-21,2400,2400,2400.0
Tamil Nadu,Vellore,Gudiyatham(Uzhavar Sandhai ),Cowpea(Veg),Cowpea (Veg),Local,2026-07-21,5000,5000,5000.0
Tamil Nadu,Vellore,Gudiyatham(Uzhavar Sandhai ),Cabbage,Cabbage,Local,2026-07-21,4600,4600,4600.0
Tamil Nadu,Vellore,Gudiyatham(Uzhavar Sandhai ),Ridgeguard(Tori),Ridgeguard(Tori),Local,2026-07-21,4000,4000,4000.0
Tamil Nadu,Vellore,Gudiyatham(Uzhavar Sandhai ),Raddish,Raddish,Local,2026-07-21,3000,3000,3000.0
Tamil Nadu,Vellore,Gudiyatham(Uzhavar Sandhai ),Tamarind Fruit,Tamarind Fruit,Local,2026-07-21,10000,10000,10000.0
Tamil Nadu,Vellore,Gudiyatham(Uzhavar Sandhai ),Colacasia,Colacasia,Local,2026-07-21,4600,4600,4600.0
Tamil Nadu,Vellore,Gudiyatham(Uzhavar Sandhai ),Onion Green,Onion Green,Local,2026-07-21,6000,6000,6000.0
Tamil Nadu,Vellore,Gudiyatham(Uzhavar Sandhai ),Mint(Pudina),Mint(Pudina),Local,2026-07-21,4000,4000,4000.0
Tamil Nadu,Vellore,Gudiyatham(Uzhavar Sandhai ),Rose(Local),Rose (Local),Local,2026-07-21,18000,18000,18000.0
Tamil Nadu,Vellore,Kahithapattarai(Uzhavar Sandhai ),Groundnut,Big (With Shell),Local,2026-07-21,8000,8000,8000.0
Tamil Nadu,Vellore,Kahithapattarai(Uzhavar Sandhai ),Cauliflower,Ranchi,Local,2026-07-21,2000,2000,2000.0
Tamil Nadu,Vellore,Kahithapattarai(Uzhavar Sandhai ),Brinjal,Other,Local,2026-07-21,7000,7000,7000.0
Tamil Nadu,Vellore,Kahithapattarai(Uzhavar Sandhai ),Cluster beans,Cluster Beans,Local,2026-07-21,4500,4500,4500.0
Tamil Nadu,Vellore,Kahithapattarai(Uzhavar Sandhai ),Bitter gourd,Bitter Gourd,Local,2026-07-21,7000,7000,7000.0
Tamil Nadu,Vellore,Kahithapattarai(Uzhavar Sandhai ),Bottle gourd,Bottle Gourd,Local,2026-07-21,2000,2000,2000.0
Tamil Nadu,Vellore,Kahithapattarai(Uzhavar Sandhai ),Pumpkin,Pumpkin,Local,2026-07-21,2000,2000,2000.0
Tamil Nadu,Vellore,Kahithapattarai(Uzhavar Sandhai ),Ginger(Green),Green Ginger,Local,2026-07-21,15500,15500,15500.0
Tamil Nadu,Vellore,Kahithapattarai(Uzhavar Sandhai ),Cabbage,Cabbage,Local,2026-07-21,4000,4000,4000.0
Tamil Nadu,Vellore,Kahithapattarai(Uzhavar Sandhai ),Beetroot,Beetroot,Local,2026-07-21,4500,4500,4500.0
Tamil Nadu,Vellore,Kahithapattarai(Uzhavar Sandhai ),Capsicum,Capsicum,Local,2026-07-21,8000,8000,8000.0
Tamil Nadu,Vellore,Kahithapattarai(Uzhavar Sandhai ),Mango(Raw-Ripe),Mango - Raw-Ripe,Local,2026-07-21,2000,2000,2000.0
Tamil Nadu,Vellore,Kahithapattarai(Uzhavar Sandhai ),Guava,Guava Allahabad,Local,2026-07-21,4500,4500,4500.0
Tamil Nadu,Vellore,Kahithapattarai(Uzhavar Sandhai ),Pomegranate,Pomogranate,Local,2026-07-21,20000,20000,20000.0
Tamil Nadu,Vellore,Kahithapattarai(Uzhavar Sandhai ),Tender Coconut,Tender Coconut,Local,2026-07-21,3000,3000,3000.0
Tamil Nadu,Vellore,Kahithapattarai(Uzhavar Sandhai ),Lemon,Lemon,Local,2026-07-21,4000,4000,4000.0
Tamil Nadu,Vellore,Kahithapattarai(Uzhavar Sandhai ),Mashrooms,Mashrooms,Local,2026-07-21,24000,24000,24000.0
Telangana,Hanumakonda,Kamalapur APMC,Paddy(Common),1001,FAQ,2026-07-21,2369,2389,2369.0
Andaman and Nicobar,North and Middle Andaman ,Mayabander Vegetable Market,Bitter gourd,Bitter Gourd,FAQ,2026-07-21,8000,10000,9000.0
Keralam,Kottayam,Pampady Market,Elephant Yam(Suran)/Amorphophallus,Other,FAQ,2026-07-21,4600,5500,5000.0
Keralam,Kottayam,Pampady Market,Little gourd(Kundru),Other,FAQ,2026-07-21,5600,7100,6500.0
Keralam,Kottayam,Pampady Market,Potato,Big,FAQ,2026-07-21,2500,4000,3500.0
Keralam,Kottayam,Pampady Market,Drumstick,Drumstick,FAQ,2026-07-21,7500,8500,8000.0
Keralam,Kottayam,Pampady Market,Ginger(Green),Green Ginger,FAQ,2026-07-21,30000,35000,33000.0
Keralam,Kottayam,Pampady Market,Onion,Big,FAQ,2026-07-21,3000,3500,3200.0
Keralam,Kottayam,Pampady Market,Pumpkin,Pumpkin,FAQ,2026-07-21,2600,3600,3000.0
Tamil Nadu,Thiruvannamalai,Cheyyar(Uzhavar Sandhai ),Potato,Other,Local,2026-07-21,2500,3000,2750.0
Tamil Nadu,Thiruvannamalai,Cheyyar(Uzhavar Sandhai ),Pumpkin,Pumpkin,Local,2026-07-21,2500,3000,2750.0
Tamil Nadu,Thiruvannamalai,Cheyyar(Uzhavar Sandhai ),Cucumbar(Kheera),Cucumbar,Local,2026-07-21,2500,3000,2750.0
Tamil Nadu,Thiruvannamalai,Cheyyar(Uzhavar Sandhai ),Mint(Pudina),Mint(Pudina),Local,2026-07-21,4000,4500,4250.0
Tamil Nadu,Ariyalur,Ariyalur(Uzhavar Sandhai),Mango(Raw-Ripe),Mango - Raw-Ripe,Local,2026-07-21,2000,2500,2250.0
Tamil Nadu,Ariyalur,Ariyalur(Uzhavar Sandhai),Onion Green,Onion Green,Local,2026-07-21,6000,6500,6250.0
Odisha,Sundergarh,Panposh APMC,Bitter gourd,Other,FAQ,2026-07-21,4000,5000,4500.0
Odisha,Sundergarh,Panposh APMC,Cauliflower,Local,FAQ,2026-07-21,3000,4000,3500.0
Uttar Pradesh,Amroha,Hasanpur APMC,Lemon,Lemon,FAQ,2026-07-21,4000,4020,4010.0
Punjab,Ludhiana,Doraha APMC,Mango,Badami,Local,2026-07-21,3000,4000,3500.0
Punjab,Ludhiana,Doraha APMC,Tomato,Deshi,Local,2026-07-21,2000,3000,2650.0
Odisha,Sundergarh,Sargipali APMC,Pointed gourd(Parval),Pointed gourd (Parval),FAQ,2026-07-21,2000,2400,2200.0
Keralam,Thiruvananthapuram,Pappanchani VFPCK Market,Cucumbar(Kheera),Cucumbar,Grade A,2026-07-21,5000,5000,5000.0
Keralam,Thiruvananthapuram,Pappanchani VFPCK Market,Snakeguard,Other,Grade A,2026-07-21,3000,3000,3000.0
Keralam,Thiruvananthapuram,Pappanchani VFPCK Market,Amranthas Red,Chawli Lal,Grade A,2026-07-21,5000,5000,5000.0
Uttar Pradesh,Khiri (Lakhimpur),Maigalganj APMC,Cauliflower,Cauliflower,FAQ,2026-07-21,1640,1685,1660.0
Uttar Pradesh,Khiri (Lakhimpur),Maigalganj APMC,Cucumbar(Kheera),Cucumbar,FAQ,2026-07-21,960,995,980.0
Uttar Pradesh,Khiri (Lakhimpur),Maigalganj APMC,Ridgeguard(Tori),Ridgeguard(Tori),FAQ,2026-07-21,1500,1530,1515.0
Uttar Pradesh,Khiri (Lakhimpur),Maigalganj APMC,Pumpkin,Pumpkin,FAQ,2026-07-21,840,880,860.0
Himachal Pradesh,Kangra,SMY Baijnath,Banana,Banana - Ripe,Grade B,2026-07-21,3700,3900,3800.0
Himachal Pradesh,Kangra,SMY Baijnath,Bitter gourd,Bitter Gourd,Grade A,2026-07-21,3000,3600,3500.0
Himachal Pradesh,Kangra,SMY Baijnath,Carrot,Carrot,Grade A,2026-07-21,3200,3600,3500.0
Himachal Pradesh,Kangra,SMY Baijnath,Potato,Jyoti,Grade A,2026-07-21,1300,1400,1400.0
Himachal Pradesh,Kangra,SMY Baijnath,Tomato,Hybrid,Grade A,2026-07-21,1500,3600,3400.0
Tamil Nadu,Coimbatore,Mettupalayam(Uzhavar Sandhai ),Banana,Besrai,Local,2026-07-21,4000,7500,5750.0
Tamil Nadu,Coimbatore,Mettupalayam(Uzhavar Sandhai ),Chikoos(Sapota),Sapota,Local,2026-07-21,4500,5000,4750.0
Tamil Nadu,Coimbatore,Mettupalayam(Uzhavar Sandhai ),Papaya,Papaya,Local,2026-07-21,3000,3500,3250.0
Tamil Nadu,Coimbatore,Mettupalayam(Uzhavar Sandhai ),Tomato,Deshi,Local,2026-07-21,1500,2000,1750.0
Tamil Nadu,Coimbatore,Mettupalayam(Uzhavar Sandhai ),Bitter gourd,Bitter Gourd,Local,2026-07-21,5500,6200,5850.0
Tamil Nadu,Coimbatore,Mettupalayam(Uzhavar Sandhai ),Bottle gourd,Bottle Gourd,Local,2026-07-21,2000,2500,2250.0
Tamil Nadu,Coimbatore,Mettupalayam(Uzhavar Sandhai ),Pumpkin,Pumpkin,Local,2026-07-21,1500,2000,1750.0
Tamil Nadu,Coimbatore,Mettupalayam(Uzhavar Sandhai ),Carrot,Pusakesar,Local,2026-07-21,6500,7500,7000.0
Tamil Nadu,Coimbatore,Mettupalayam(Uzhavar Sandhai ),Cucumbar(Kheera),Cucumbar,Local,2026-07-21,4000,4500,4250.0
Tamil Nadu,Coimbatore,Mettupalayam(Uzhavar Sandhai ),Raddish,Raddish,Local,2026-07-21,3000,3800,3400.0
Tamil Nadu,Coimbatore,Mettupalayam(Uzhavar Sandhai ),Chow Chow,Chow Chow,Local,2026-07-21,2500,3000,2750.0
Tamil Nadu,Coimbatore,Mettupalayam(Uzhavar Sandhai ),Elephant Yam(Suran)/Amorphophallus,Elephant Yam (Suran),Local,2026-07-21,3500,4000,3750.0
Tamil Nadu,Coimbatore,Mettupalayam(Uzhavar Sandhai ),Mashrooms,Mashrooms,Local,2026-07-21,18000,20000,19000.0
Tamil Nadu,Coimbatore,Mettupalayam(Uzhavar Sandhai ),Amla(Nelli Kai),Amla,Local,2026-07-21,8000,9000,8500.0
Tamil Nadu,Erode,Sathiyamagalam(Uzhavar Sandhai ),Banana,Red Banana,Local,2026-07-21,5500,6000,5750.0
Tamil Nadu,Erode,Sathiyamagalam(Uzhavar Sandhai ),Cauliflower,Ranchi,Local,2026-07-21,3000,3600,3300.0
Tamil Nadu,Erode,Sathiyamagalam(Uzhavar Sandhai ),Chikoos(Sapota),Sapota,Local,2026-07-21,3500,4000,3750.0
Tamil Nadu,Erode,Sathiyamagalam(Uzhavar Sandhai ),Cluster beans,Cluster Beans,Local,2026-07-21,3400,3800,3600.0
Tamil Nadu,Erode,Sathiyamagalam(Uzhavar Sandhai ),Bitter gourd,Bitter Gourd,Local,2026-07-21,5500,6000,5750.0
Tamil Nadu,Erode,Sathiyamagalam(Uzhavar Sandhai ),Amaranthus,Amaranthus,Local,2026-07-21,3500,4000,3750.0
Tamil Nadu,Erode,Sathiyamagalam(Uzhavar Sandhai ),Green Chilli,Green Chilly,Local,2026-07-21,4500,5000,4750.0
Tamil Nadu,Erode,Sathiyamagalam(Uzhavar Sandhai ),Green Avare(W),Other,Local,2026-07-21,6500,7000,6750.0
Tamil Nadu,Namakkal,Tiruchengode APMC,Cauliflower,Ranchi,Local,2026-07-21,2600,3000,2800.0
Tamil Nadu,Namakkal,Tiruchengode APMC,Brinjal,Other,Local,2026-07-21,6200,7000,6600.0
Tamil Nadu,Namakkal,Tiruchengode APMC,Cluster beans,Cluster Beans,Local,2026-07-21,4500,5000,4750.0
Tamil Nadu,Namakkal,Tiruchengode APMC,Bitter gourd,Other,Local,2026-07-21,6200,7000,6600.0
Tamil Nadu,Namakkal,Tiruchengode APMC,Ashgourd,Gouard,Local,2026-07-21,2600,3000,2800.0
Tamil Nadu,Namakkal,Tiruchengode APMC,Guava,Guava Allahabad,Local,2026-07-21,6200,7000,6600.0
Tamil Nadu,Namakkal,Tiruchengode APMC,Lemon,Lemon,Local,2026-07-21,4500,5000,4750.0
Tamil Nadu,Namakkal,Tiruchengode APMC,Amla(Nelli Kai),Amla,Local,2026-07-21,7000,8000,7500.0
Tamil Nadu,Namakkal,Tiruchengode APMC,Sweet Corn ,Sweet Corn ,Local,2026-07-21,4500,5000,4750.0
Tamil Nadu,Ariyalur,Jeyankondam (Uzhavar Sandhai ),Tomato,Deshi,Local,2026-07-21,2000,2500,2250.0
Tamil Nadu,Ariyalur,Jeyankondam (Uzhavar Sandhai ),Cabbage,Cabbage,Local,2026-07-21,4000,4500,4250.0
Tamil Nadu,Ariyalur,Jeyankondam (Uzhavar Sandhai ),Mango(Raw-Ripe),Mango - Raw-Ripe,Local,2026-07-21,2500,3000,2750.0
Tamil Nadu,Coimbatore,RSPuram(Uzhavar Sandhai ),Potato,Other,Local,2026-07-21,5800,6400,6100.0
Tamil Nadu,Coimbatore,RSPuram(Uzhavar Sandhai ),Garlic,Garlic,Local,2026-07-21,20000,22000,21000.0
Tamil Nadu,Coimbatore,RSPuram(Uzhavar Sandhai ),Coriander(Leaves),I Sort,Local,2026-07-21,7000,7500,7250.0
Tamil Nadu,Coimbatore,RSPuram(Uzhavar Sandhai ),Papaya,Papaya,Local,2026-07-21,3500,4000,3750.0
Tamil Nadu,Coimbatore,RSPuram(Uzhavar Sandhai ),Water Melon,Water Melon,Local,2026-07-21,2200,2500,2350.0
Tamil Nadu,Coimbatore,RSPuram(Uzhavar Sandhai ),Mousambi(Sweet Lime),Mousambi,Local,2026-07-21,8000,9000,8500.0
Tamil Nadu,Coimbatore,RSPuram(Uzhavar Sandhai ),Ashgourd,Gouard,Local,2026-07-21,1600,1800,1700.0
Tamil Nadu,Coimbatore,RSPuram(Uzhavar Sandhai ),Ginger(Green),Green Ginger,Local,2026-07-21,16000,17500,16750.0
Tamil Nadu,Coimbatore,RSPuram(Uzhavar Sandhai ),Carrot,Pusakesar,Local,2026-07-21,7000,7800,7400.0
Tamil Nadu,Coimbatore,RSPuram(Uzhavar Sandhai ),Beetroot,Beetroot,Local,2026-07-21,7500,8500,8000.0
Tamil Nadu,Coimbatore,RSPuram(Uzhavar Sandhai ),Capsicum,Capsicum,Local,2026-07-21,8000,8500,8250.0
Tamil Nadu,Coimbatore,RSPuram(Uzhavar Sandhai ),Karbuja(Musk Melon),Karbhuja,Local,2026-07-21,2500,3000,2750.0
Tamil Nadu,Coimbatore,RSPuram(Uzhavar Sandhai ),Pomegranate,Pomogranate,Local,2026-07-21,22000,23500,22750.0
Tamil Nadu,Coimbatore,RSPuram(Uzhavar Sandhai ),Tender Coconut,Tender Coconut,Local,2026-07-21,4000,4500,4250.0
Tamil Nadu,Coimbatore,RSPuram(Uzhavar Sandhai ),Amla(Nelli Kai),Amla,Local,2026-07-21,7500,8500,8000.0
Tamil Nadu,Coimbatore,RSPuram(Uzhavar Sandhai ),Mint(Pudina),Mint(Pudina),Local,2026-07-21,6500,7000,6750.0
Bihar,Gaya,Gaya APMC,French Beans(Frasbean),French Beans (Frasbean),FAQ,2026-07-21,8100,8500,8300.0
Tamil Nadu,Coimbatore,Singanallur(Uzhavar Sandhai ),Garlic,Garlic,Local,2026-07-21,18000,22000,20000.0
Tamil Nadu,Coimbatore,Singanallur(Uzhavar Sandhai ),Papaya,Papaya,Local,2026-07-21,3200,3800,3500.0
Tamil Nadu,Coimbatore,Singanallur(Uzhavar Sandhai ),Tomato,Local,Local,2026-07-21,1500,2000,1750.0
Tamil Nadu,Coimbatore,Singanallur(Uzhavar Sandhai ),Green Chilli,Green Chilly,Local,2026-07-21,4500,5000,4750.0
Tamil Nadu,Coimbatore,Singanallur(Uzhavar Sandhai ),Cowpea(Veg),Cowpea (Veg),Local,2026-07-21,3500,4000,3750.0
Tamil Nadu,Coimbatore,Singanallur(Uzhavar Sandhai ),Banana - Green,Banana - Green,Local,2026-07-21,3500,4000,3750.0
Tamil Nadu,Coimbatore,Singanallur(Uzhavar Sandhai ),Carrot,Pusakesar,Local,2026-07-21,7500,8000,7750.0
Tamil Nadu,Coimbatore,Singanallur(Uzhavar Sandhai ),Beetroot,Beetroot,Local,2026-07-21,8000,8500,8250.0
Tamil Nadu,Coimbatore,Singanallur(Uzhavar Sandhai ),Ridgeguard(Tori),Ridgeguard(Tori),Local,2026-07-21,5000,5600,5300.0
Tamil Nadu,Coimbatore,Singanallur(Uzhavar Sandhai ),Lemon,Lemon,Local,2026-07-21,7500,8000,7750.0
Tamil Nadu,Coimbatore,Pollachi(Uzhavar Sandhai ),Banana,Red Banana,Local,2026-07-21,7000,8000,7500.0
Tamil Nadu,Coimbatore,Pollachi(Uzhavar Sandhai ),Chikoos(Sapota),Sapota,Local,2026-07-21,4000,4500,4250.0
Tamil Nadu,Coimbatore,Pollachi(Uzhavar Sandhai ),Bhindi(Ladies Finger),Bhindi,Local,2026-07-21,4500,5000,4750.0
Tamil Nadu,Coimbatore,Pollachi(Uzhavar Sandhai ),Beans,Beans (Whole),Local,2026-07-21,9000,10000,9500.0
Tamil Nadu,Coimbatore,Pollachi(Uzhavar Sandhai ),Ridgeguard(Tori),Ridgeguard(Tori),Local,2026-07-21,5500,6000,5750.0
Tamil Nadu,Coimbatore,Pollachi(Uzhavar Sandhai ),Thondekai,Thondekai,Local,2026-07-21,5000,5500,5250.0
Tamil Nadu,Karur,Karur(Uzhavar Sandhai ),Coriander(Leaves),I Sort,Local,2026-07-21,6500,7000,6750.0
Tamil Nadu,Karur,Karur(Uzhavar Sandhai ),Papaya,Papaya,Local,2026-07-21,3000,3500,3250.0
Tamil Nadu,Karur,Karur(Uzhavar Sandhai ),Bitter gourd,Other,Local,2026-07-21,6500,7000,6750.0
Tamil Nadu,Karur,Karur(Uzhavar Sandhai ),Bhindi(Ladies Finger),Bhindi,Local,2026-07-21,3500,4000,3750.0
Tamil Nadu,Karur,Karur(Uzhavar Sandhai ),Banana - Green,Banana - Green,Local,2026-07-21,2500,3000,2750.0
Tamil Nadu,Karur,Karur(Uzhavar Sandhai ),Cucumbar(Kheera),Cucumbar,Local,2026-07-21,7500,8000,7750.0
Tamil Nadu,Karur,Karur(Uzhavar Sandhai ),Raddish,Raddish,Local,2026-07-21,3500,4000,3750.0
Tamil Nadu,Karur,Karur(Uzhavar Sandhai ),Green Avare(W),Other,Local,2026-07-21,9000,10000,9500.0
Tamil Nadu,Karur,Karur(Uzhavar Sandhai ),Mango(Raw-Ripe),Mango - Raw-Ripe,Local,2026-07-21,2000,2500,2250.0
Tamil Nadu,Karur,Karur(Uzhavar Sandhai ),Guava,Guava Allahabad,Local,2026-07-21,6500,7000,6750.0
Tamil Nadu,Karur,Karur(Uzhavar Sandhai ),Yam(Ratalu),Yam (Ratalu),Local,2026-07-21,9000,10000,9500.0
Tamil Nadu,Karur,Karur(Uzhavar Sandhai ),Colacasia,Colacasia,Local,2026-07-21,5500,6000,5750.0
Tamil Nadu,Karur,Karur(Uzhavar Sandhai ),Onion Green,Onion Green,Local,2026-07-21,6000,6500,6250.0
Tamil Nadu,Coimbatore,Kurichi(Uzhavar Sandhai ),Onion,Bellary,Local,2026-07-21,3000,3400,3200.0
Tamil Nadu,Coimbatore,Kurichi(Uzhavar Sandhai ),Drumstick,Drumstick,Local,2026-07-21,6500,7000,6750.0
Tamil Nadu,Coimbatore,Kurichi(Uzhavar Sandhai ),Elephant Yam(Suran)/Amorphophallus,Elephant Yam (Suran),Local,2026-07-21,3600,4000,3800.0
Tamil Nadu,Coimbatore,Kurichi(Uzhavar Sandhai ),Lemon,Lemon,Local,2026-07-21,7500,8000,7750.0
Tamil Nadu,Coimbatore,Kurichi(Uzhavar Sandhai ),Onion Green,Onion Green,Local,2026-07-21,5400,5800,5600.0
Tamil Nadu,Cuddalore,Chidambaram(Uzhavar Sandhai ),Onion Green,Onion Green,Local,2026-07-21,6000,6000,6000.0
Tamil Nadu,Cuddalore,Cuddalore(Uzhavar Sandhai ),Mango,Safeda,Local,2026-07-21,5000,7000,6000.0
Tamil Nadu,Cuddalore,Cuddalore(Uzhavar Sandhai ),Coriander(Leaves),I Sort,Local,2026-07-21,6000,6000,6000.0
Tamil Nadu,Cuddalore,Cuddalore(Uzhavar Sandhai ),Bitter gourd,Bitter Gourd,Local,2026-07-21,8000,8000,8000.0
Tamil Nadu,Cuddalore,Cuddalore(Uzhavar Sandhai ),Bottle gourd,Bottle Gourd,Local,2026-07-21,3500,4000,3750.0
Tamil Nadu,Cuddalore,Cuddalore(Uzhavar Sandhai ),Amaranthus,Amaranthus,Local,2026-07-21,2000,3000,2500.0
Tamil Nadu,Cuddalore,Cuddalore(Uzhavar Sandhai ),Tapioca,Tapioca,Local,2026-07-21,4000,5000,4500.0
Tamil Nadu,Cuddalore,Cuddalore(Uzhavar Sandhai ),Ridgeguard(Tori),Ridgeguard(Tori),Local,2026-07-21,7000,8000,7500.0
Tamil Nadu,Cuddalore,Cuddalore(Uzhavar Sandhai ),Chow Chow,Chow Chow,Local,2026-07-21,4000,4000,4000.0
Tamil Nadu,Cuddalore,Cuddalore(Uzhavar Sandhai ),Amla(Nelli Kai),Amla,Local,2026-07-21,9000,9000,9000.0
Tamil Nadu,Cuddalore,Cuddalore(Uzhavar Sandhai ),Onion Green,Onion Green,Local,2026-07-21,6000,7000,6500.0
Tamil Nadu,Cuddalore,Cuddalore(Uzhavar Sandhai ),Mint(Pudina),Mint(Pudina),Local,2026-07-21,5000,5000,5000.0
Bihar,Muzaffarpur,Bhagwanpur Mandi APMC,Potato,Jyoti,FAQ,2026-07-21,1000,1000,1000.0
Bihar,Muzaffarpur,Bhagwanpur Mandi APMC,Onion,Medium,Grade A,2026-07-21,2400,2400,2400.0
Bihar,Muzaffarpur,Bhagwanpur Mandi APMC,Onion,Medium,Grade C,2026-07-21,2350,2350,2350.0
Bihar,Muzaffarpur,Bhagwanpur Mandi APMC,Potato,Red Nanital,FAQ,2026-07-21,1025,1025,1025.0
Bihar,Muzaffarpur,Bhagwanpur Mandi APMC,Bhindi(Ladies Finger),Bhindi,Grade B,2026-07-21,1600,1600,1600.0
Bihar,Muzaffarpur,Bhagwanpur Mandi APMC,Brinjal,Arkasheela Mattigulla,Grade B,2026-07-21,1850,1850,1850.0
Tamil Nadu,Kallakuruchi,Kallakurichi(Uzhavar Sandhai ),Groundnut,Big (With Shell),Local,2026-07-21,7000,7000,7000.0
Tamil Nadu,Kallakuruchi,Kallakurichi(Uzhavar Sandhai ),Coriander(Leaves),I Sort,Local,2026-07-21,6000,6000,6000.0
Tamil Nadu,Kallakuruchi,Kallakurichi(Uzhavar Sandhai ),Cluster beans,Cluster Beans,Local,2026-07-21,5000,5000,5000.0
Tamil Nadu,Kallakuruchi,Kallakurichi(Uzhavar Sandhai ),Bottle gourd,Bottle Gourd,Local,2026-07-21,2500,2500,2500.0
Tamil Nadu,Kallakuruchi,Kallakurichi(Uzhavar Sandhai ),Bhindi(Ladies Finger),Bhindi,Local,2026-07-21,4000,4000,4000.0
Tamil Nadu,Kallakuruchi,Kallakurichi(Uzhavar Sandhai ),Coconut,Coconut,Local,2026-07-21,6000,6000,6000.0
Tamil Nadu,Kallakuruchi,Kallakurichi(Uzhavar Sandhai ),Carrot,Pusakesar,Local,2026-07-21,9000,9000,9000.0
Tamil Nadu,Kallakuruchi,Kallakurichi(Uzhavar Sandhai ),Ridgeguard(Tori),Ridgeguard(Tori),Local,2026-07-21,6000,6000,6000.0
Tamil Nadu,Kallakuruchi,Kallakurichi(Uzhavar Sandhai ),Thondekai,Thondekai,Local,2026-07-21,5000,5000,5000.0
Tamil Nadu,Kallakuruchi,Kallakurichi(Uzhavar Sandhai ),Drumstick,Drumstick,Local,2026-07-21,9000,9000,9000.0
Tamil Nadu,Kallakuruchi,Kallakurichi(Uzhavar Sandhai ),Guava,Guava Allahabad,Local,2026-07-21,5000,5000,5000.0
Tamil Nadu,Kallakuruchi,Kallakurichi(Uzhavar Sandhai ),Baby Corn,Baby Corn,Grade A,2026-07-21,3000,3000,3000.0
Bihar,Madhubani,Madhubani APMC,Onion,Red,FAQ,2026-07-21,2800,3000,2900.0
Bihar,East Champaran/ Motihari,Motihari APMC,Potato,Other,Grade A,2026-07-21,1100,1300,1200.0
Bihar,East Champaran/ Motihari,Motihari APMC,Mango,Other,Grade A,2026-07-21,7000,8000,7500.0
Tamil Nadu,Nagercoil (Kannyiakumari),Vadaseri APMC,Garlic,Garlic,Local,2026-07-21,20000,22000,21000.0
Tamil Nadu,Nagercoil (Kannyiakumari),Vadaseri APMC,Cauliflower,Ranchi,Local,2026-07-21,5500,6000,5750.0
Tamil Nadu,Nagercoil (Kannyiakumari),Vadaseri APMC,Coriander(Leaves),I Sort,Local,2026-07-21,8500,9000,8750.0
Tamil Nadu,Nagercoil (Kannyiakumari),Vadaseri APMC,Pumpkin,Pumpkin,Local,2026-07-21,1300,1500,1400.0
Tamil Nadu,Nagercoil (Kannyiakumari),Vadaseri APMC,Cowpea(Veg),Cowpea (Veg),Local,2026-07-21,4300,4800,4550.0
Tamil Nadu,Nagercoil (Kannyiakumari),Vadaseri APMC,Sweet Potato,Hosur Red,Local,2026-07-21,3500,4000,3750.0
Tamil Nadu,Nagercoil (Kannyiakumari),Vadaseri APMC,Carrot,Pusakesar,Local,2026-07-21,8500,9000,8750.0
Tamil Nadu,Nagercoil (Kannyiakumari),Vadaseri APMC,Drumstick,Drumstick,Local,2026-07-21,5500,6000,5750.0
Tamil Nadu,Nagercoil (Kannyiakumari),Vadaseri APMC,Lime,Lime,Local,2026-07-21,5500,6000,5750.0
Tamil Nadu,Nagercoil (Kannyiakumari),Vadaseri APMC,Onion Green,Onion Green,Local,2026-07-21,7500,8000,7750.0
Tamil Nadu,Pudukkottai,Karambakkudi(Uzhavar Sandhai ),Banana,Poovan,Local,2026-07-21,7000,8000,7500.0
Tamil Nadu,Pudukkottai,Karambakkudi(Uzhavar Sandhai ),Onion,Bellary,Local,2026-07-21,4000,5000,4500.0
Tamil Nadu,Pudukkottai,Karambakkudi(Uzhavar Sandhai ),Bitter gourd,Other,Local,2026-07-21,8000,9000,8500.0
Tamil Nadu,Pudukkottai,Karambakkudi(Uzhavar Sandhai ),Snakeguard,Snakeguard,Local,2026-07-21,4000,4500,4250.0
Tamil Nadu,Kancheepuram,Kanchipuram APMC,Paddy(Common),ADT 37,Local,2026-07-21,1800,2100,1950.0
Tamil Nadu,Vellore,Thirupathur APMC,Mango,Safeda,Local,2026-07-21,4000,4000,4000.0
Tamil Nadu,Vellore,Thirupathur APMC,Potato,Red Nanital,Local,2026-07-21,3000,3000,3000.0
Tamil Nadu,Vellore,Thirupathur APMC,Green Chilli,Green Chilly,Local,2026-07-21,5600,5600,5600.0
Tamil Nadu,Vellore,Thirupathur APMC,Beans,Beans (Whole),Local,2026-07-21,8000,8000,8000.0
Tamil Nadu,Vellore,Thirupathur APMC,Carrot,Pusakesar,Local,2026-07-21,7000,7000,7000.0
Tamil Nadu,Vellore,Thirupathur APMC,Beetroot,Beetroot,Local,2026-07-21,5000,5000,5000.0
Tamil Nadu,Vellore,Thirupathur APMC,Chow Chow,Chow Chow,Local,2026-07-21,2500,2500,2500.0
Tamil Nadu,Vellore,Thirupathur APMC,Guava,Guava Allahabad,Local,2026-07-21,5000,5000,5000.0
Tamil Nadu,Vellore,Thirupathur APMC,Lemon,Lemon,Local,2026-07-21,5000,5000,5000.0
Tamil Nadu,Vellore,Thirupathur APMC,Sweet Corn ,Sweet Corn ,Local,2026-07-21,3000,3000,3000.0
Tamil Nadu,Salem,Athur(Uzhavar Sandhai ),Pineapple,Pine Apple,Local,2026-07-21,3500,4000,3750.0
Tamil Nadu,Salem,Athur(Uzhavar Sandhai ),Water Melon,Water Melon,Local,2026-07-21,2000,2000,2000.0
Tamil Nadu,Salem,Athur(Uzhavar Sandhai ),Bitter gourd,Other,Local,2026-07-21,4500,5000,4750.0
Tamil Nadu,Salem,Athur(Uzhavar Sandhai ),Bottle gourd,Bottle Gourd,Local,2026-07-21,2000,2200,2100.0
Tamil Nadu,Salem,Athur(Uzhavar Sandhai ),Amaranthus,Amaranthus,Local,2026-07-21,2000,2500,2250.0
Tamil Nadu,Salem,Athur(Uzhavar Sandhai ),Green Chilli,Green Chilly,Local,2026-07-21,4000,4500,4250.0
Tamil Nadu,Salem,Athur(Uzhavar Sandhai ),Knool Khol,Knool Khol,Local,2026-07-21,5000,5500,5250.0
Tamil Nadu,Salem,Athur(Uzhavar Sandhai ),Yam(Ratalu),Yam (Ratalu),Local,2026-07-21,4000,4500,4250.0
Tamil Nadu,Salem,Athur(Uzhavar Sandhai ),Rose(Local),Rose (Local),Local,2026-07-21,14000,16000,15000.0
Tamil Nadu,Salem,Athur(Uzhavar Sandhai ),Sweet Corn ,Sweet Corn ,Local,2026-07-21,3000,3000,3000.0
Tamil Nadu,Virudhunagar,Srivilliputhur(Uzhavar Sandhai ),Brinjal,Round,Local,2026-07-21,3500,4000,3750.0
Tamil Nadu,Virudhunagar,Srivilliputhur(Uzhavar Sandhai ),Coriander(Leaves),I Sort,Local,2026-07-21,7000,8000,7500.0
Tamil Nadu,Virudhunagar,Srivilliputhur(Uzhavar Sandhai ),Chikoos(Sapota),Sapota,Local,2026-07-21,3500,4000,3750.0
Tamil Nadu,Virudhunagar,Srivilliputhur(Uzhavar Sandhai ),Pumpkin,Pumpkin,Local,2026-07-21,2500,3000,2750.0
Tamil Nadu,Virudhunagar,Srivilliputhur(Uzhavar Sandhai ),Amaranthus,Amaranthus,Local,2026-07-21,2500,3000,2750.0
Tamil Nadu,Virudhunagar,Srivilliputhur(Uzhavar Sandhai ),Green Chilli,Green Chilly,Local,2026-07-21,5000,6000,5500.0
Tamil Nadu,Virudhunagar,Srivilliputhur(Uzhavar Sandhai ),Banana - Green,Banana - Green,Local,2026-07-21,2500,3000,2750.0
Tamil Nadu,Virudhunagar,Srivilliputhur(Uzhavar Sandhai ),Beans,Beans (Whole),Local,2026-07-21,7000,8000,7500.0
Tamil Nadu,Virudhunagar,Srivilliputhur(Uzhavar Sandhai ),Ridgeguard(Tori),Ridgeguard(Tori),Local,2026-07-21,4500,5000,4750.0
Tamil Nadu,Virudhunagar,Srivilliputhur(Uzhavar Sandhai ),Raddish,Raddish,Local,2026-07-21,3500,4000,3750.0
Tamil Nadu,Virudhunagar,Srivilliputhur(Uzhavar Sandhai ),Thondekai,Thondekai,Local,2026-07-21,5000,6000,5500.0
Tamil Nadu,Virudhunagar,Srivilliputhur(Uzhavar Sandhai ),Chow Chow,Chow Chow,Local,2026-07-21,3000,3500,3250.0
Tamil Nadu,Virudhunagar,Srivilliputhur(Uzhavar Sandhai ),Mint(Pudina),Mint(Pudina),Local,2026-07-21,6000,7000,6500.0
Tamil Nadu,Dharmapuri,Harur(Uzhavar Sandhai ),Potato,Other,Local,2026-07-21,2500,3000,2750.0
Tamil Nadu,Dharmapuri,Harur(Uzhavar Sandhai ),Cauliflower,Ranchi,Local,2026-07-21,3500,4000,3750.0
Tamil Nadu,Dharmapuri,Harur(Uzhavar Sandhai ),Bitter gourd,Other,Local,2026-07-21,3500,4000,3750.0
Tamil Nadu,Dharmapuri,Harur(Uzhavar Sandhai ),Green Chilli,Green Chilly,Local,2026-07-21,4000,4500,4250.0
Tamil Nadu,Dharmapuri,Harur(Uzhavar Sandhai ),Ginger(Green),Green Ginger,Local,2026-07-21,18000,20000,19000.0
Tamil Nadu,Dharmapuri,Harur(Uzhavar Sandhai ),Coconut,Coconut,Local,2026-07-21,5500,6000,5750.0
Tamil Nadu,Dharmapuri,Harur(Uzhavar Sandhai ),Snakeguard,Snakeguard,Local,2026-07-21,3500,4000,3750.0
Tamil Nadu,Krishnagiri,Kaveripattinam(Uzhavar Sandhai ),Cluster beans,Cluster Beans,Local,2026-07-21,4000,4000,4000.0
Tamil Nadu,Krishnagiri,Kaveripattinam(Uzhavar Sandhai ),Bitter gourd,Bitter Gourd,Local,2026-07-21,6000,6000,6000.0
Tamil Nadu,Krishnagiri,Kaveripattinam(Uzhavar Sandhai ),Pumpkin,Pumpkin,Local,2026-07-21,2500,2500,2500.0
Tamil Nadu,The Nilgiris,Coonoor(Uzhavar Sandhai ),Potato,Other,Local,2026-07-21,5500,6000,5750.0
Tamil Nadu,The Nilgiris,Coonoor(Uzhavar Sandhai ),Cauliflower,Ranchi,Local,2026-07-21,4500,5000,4750.0
Tamil Nadu,The Nilgiris,Coonoor(Uzhavar Sandhai ),Cluster beans,Cluster Beans,Local,2026-07-21,4000,4200,4100.0
Tamil Nadu,The Nilgiris,Coonoor(Uzhavar Sandhai ),Green Chilli,Green Chilly,Local,2026-07-21,5500,5800,5650.0
Tamil Nadu,The Nilgiris,Coonoor(Uzhavar Sandhai ),Beetroot,Beetroot,Local,2026-07-21,5000,5500,5250.0
Tamil Nadu,The Nilgiris,Coonoor(Uzhavar Sandhai ),Onion Green,Onion Green,Local,2026-07-21,5500,6000,5750.0
Tamil Nadu,The Nilgiris,Gudalur(Uzhavar Sandhai ),Garlic,Garlic,Local,2026-07-21,20000,21000,20500.0
Tamil Nadu,The Nilgiris,Gudalur(Uzhavar Sandhai ),Ashgourd,Gouard,Local,2026-07-21,1500,2000,1750.0
Tamil Nadu,The Nilgiris,Gudalur(Uzhavar Sandhai ),Pumpkin,Pumpkin,Local,2026-07-21,1500,2000,1750.0
Tamil Nadu,The Nilgiris,Gudalur(Uzhavar Sandhai ),Bhindi(Ladies Finger),Bhindi,Local,2026-07-21,4000,4500,4250.0
Tamil Nadu,The Nilgiris,Gudalur(Uzhavar Sandhai ),Beans,Beans (Whole),Local,2026-07-21,7000,8000,7500.0
Tamil Nadu,The Nilgiris,Gudalur(Uzhavar Sandhai ),Tapioca,Tapioca,Local,2026-07-21,3800,4000,3900.0
Tamil Nadu,The Nilgiris,Gudalur(Uzhavar Sandhai ),Cabbage,Cabbage,Local,2026-07-21,2500,3000,2750.0
Tamil Nadu,The Nilgiris,Gudalur(Uzhavar Sandhai ),Beetroot,Beetroot,Local,2026-07-21,4500,5000,4750.0
Tamil Nadu,The Nilgiris,Gudalur(Uzhavar Sandhai ),Chow Chow,Chow Chow,Local,2026-07-21,2500,3000,2750.0
Tamil Nadu,The Nilgiris,Gudalur(Uzhavar Sandhai ),Lemon,Lemon,Local,2026-07-21,6000,7000,6500.0
Tamil Nadu,The Nilgiris,Gudalur(Uzhavar Sandhai ),Onion Green,Onion Green,Local,2026-07-21,5500,6000,5750.0
Tamil Nadu,The Nilgiris,Gudalur(Uzhavar Sandhai ),Mint(Pudina),Mint(Pudina),Local,2026-07-21,5000,6000,5500.0
Uttarakhand,Dehradoon,Vikasnagar APMC,Green Chilli,Green Chilly,Medium,2026-07-21,1500,2000,2000.0
Uttarakhand,Dehradoon,Vikasnagar APMC,French Beans(Frasbean),Other,Medium,2026-07-21,1000,1500,1500.0
Uttar Pradesh,Mau(Maunathbhanjan),Kopaganj APMC,Apple,Apple,Grade B,2026-07-21,8880,8900,8890.0
Haryana,Hissar,Hansi APMC,Bhindi(Ladies Finger),Other,FAQ,2026-07-21,1800,2000,1900.0
Haryana,Hissar,Hansi APMC,Plum,Other,Grade B,2026-07-21,6000,10000,8000.0
Haryana,Hissar,Hansi APMC,Ginger(Dry),Other,FAQ,2026-07-21,12000,15000,13000.0
Haryana,Hissar,Hansi APMC,Pineapple,Other,Grade B,2026-07-21,3000,4000,3500.0
Haryana,Hissar,Hansi APMC,Peas Wet,Other,FAQ,2026-07-21,8000,10000,9000.0
Haryana,Hissar,Hansi APMC,Cauliflower,Other,FAQ,2026-07-21,2500,3000,2750.0
Haryana,Hissar,Hansi APMC,Garlic,Other,FAQ,2026-07-21,10000,12000,11000.0
Haryana,Hissar,Hansi APMC,Tomato,Other,FAQ,2026-07-21,2500,3500,3000.0
